Date,StartWindow,Ticker,AllocationBucket,PlainEnglishExplanation,Score,RankInScoreTable,EligibleAfterFiltersAndCorrelation,AboveSMA50,AboveSMA126,PositiveMom63,PositiveMom126,Mom21,Mom126Skip21,Mom63,Mom126,RS63VsSPY,RS126VsSPY,Vol63Ann,DownsideVol63Ann,OptimizerUsed,OptimizerFallbackReason,OptimizerRawWeight,OptimizerWeightAfterCap,ScoreRankPct,CenteredScoreRank,ScoreTiltMultiplier,ScoreTiltPreCapWeight,RiskWeightAfterScoreTilt,CashWeight,SignalBreadth,BreadthCashWeight,VolCashWeight,ActiveSleeveVol,RiskWeightBeforeCashScaling,CashScaledTargetWeight,PreviousFinalWeight,WeightBeforeTurnoverCap,WeightAfterTurnoverCapBeforePrune,WeightAfterPruningFinal,FinalWeight,FinalWeightPct,WeightChangeFromPrevious,TurnoverContributionOneWay,TurnoverBeforePrune,TurnoverAfterPrune,PrunedOrReducedByCleanup,TradeableDisplayCandidate,InFinalPortfolio
2026-09-02,2021-01-01,SGOV,Cash / risk control,SGOV is the SGOV/cash sleeve. It receives the cash allocation created by breadth and volatility risk controls.,,,False,,,,,,,,,,,,,,,0.0,0.0,,,,0.0,0.0,0.0,0.8294491525423728,0.0,0.0,0.1118114577266168,0.0,0.0,0.3038747780371942,0.0,0.1912509693908459,0.21121120061827162,0.21121120061827162,21.121120061827163,-0.09266357741892259,0.046331788709461294,0.2,0.22288169916644957,False,True,True
2026-09-02,2021-01-01,XBI,Selected and allocated,"XBI passed the latest signal filters, survived the correlation filter, was sized by Classic CVaR, adjusted by the score tilt, then scaled by the cash sleeve and turnover/pruning rules.",27.909394859320855,2.0,True,True,True,True,True,0.1190919151784271,0.2361597507873423,0.2846675261090601,0.383376382975094,0.2728878142061133,0.2559890439772792,0.29841179496247056,0.17553728538212346,Classic_CVaR_Sharpe,,0.11999999965626841,0.12,1.0,0.4666666666666667,1.1633333333333333,0.13873329286138053,0.12,0.0,0.8294491525423728,0.0,0.0,0.1118114577266168,0.12,0.12000000000000001,0.07552100334376904,0.12000000000000001,0.0832746276756185,0.09196572518522772,0.09196572518522772,9.196572518522771,0.016444721841458676,0.008222360920729338,0.2,0.22288169916644957,False,True,True
2026-09-02,2021-01-01,EWT,Selected and allocated,"EWT passed the latest signal filters, survived the correlation filter, was sized by Classic CVaR, adjusted by the score tilt, then scaled by the cash sleeve and turnover/pruning rules.",26.31051109785898,4.0,True,True,True,True,True,0.07634820254009522,0.44460219806752965,0.03512632542386385,0.5548949792754561,0.023346613520917048,0.4275076402776412,0.41367762336640557,0.30122613768340306,Classic_CVaR_Sharpe,,0.11999999985006606,0.12,0.8666666666666667,0.33333333333333337,1.1166666666666667,0.13316806048298704,0.12,0.0,0.8294491525423728,0.0,0.0,0.1118114577266168,0.12,0.12000000000000001,0.061763490986928904,0.12000000000000001,0.07461600325259986,0.08240342876438672,0.08240342876438672,8.240342876438673,0.020639937777457817,0.010319968888728909,0.2,0.22288169916644957,False,True,True
2026-09-02,2021-01-01,AVUV,Selected and allocated,"AVUV passed the latest signal filters, survived the correlation filter, was sized by Classic CVaR, adjusted by the score tilt, then scaled by the cash sleeve and turnover/pruning rules.",15.293055749717322,17.0,True,True,True,True,True,-0.0070521291259108,0.15286189015945362,0.04411110234109117,0.14473175924570758,0.03233139043814437,0.017344420247892733,0.116399264067436,0.07329541338484068,Classic_CVaR_Sharpe,,0.11999999959520818,0.12,0.06666666666666667,-0.4666666666666667,0.8366666666666667,0.09977666621262611,0.11643120938998013,0.0,0.8294491525423728,0.0,0.0,0.1118114577266168,0.11643120938998013,0.11643120938998014,0.05514333105233058,0.11643120938998014,0.06938643149277066,0.07662806389365681,0.07662806389365681,7.662806389365681,0.02148473284132623,0.010742366420663115,0.2,0.22288169916644957,False,True,True
2026-09-02,2021-01-01,CIBR,Selected and allocated,"CIBR passed the latest signal filters, survived the correlation filter, was sized by Classic CVaR, adjusted by the score tilt, then scaled by the cash sleeve and turnover/pruning rules.",25.089003832637705,5.0,True,True,True,True,True,-0.032443857309075175,0.486908521494708,0.0417379808421483,0.43866747359168556,0.029958268939201504,0.3112801345938707,0.32410812871561007,0.1971014405927039,Classic_CVaR_Sharpe,,0.11999999900799807,0.12,0.8,0.2666666666666667,1.0933333333333333,0.1303854442937903,0.12,0.0,0.8294491525423728,0.0,0.0,0.1118114577266168,0.12,0.12000000000000001,0.03982777961202785,0.12000000000000001,0.06081023071752577,0.06715679340414092,0.06715679340414092,6.715679340414092,0.02732901379211307,0.013664506896056534,0.2,0.22288169916644957,False,True,True
2026-09-02,2021-01-01,KIE,Selected and allocated,"KIE passed the latest signal filters, survived the correlation filter, was sized by Classic CVaR, adjusted by the score tilt, then scaled by the cash sleeve and turnover/pruning rules.",16.827045003784416,10.0,True,True,True,True,True,-0.009329037375142901,0.1314669616793369,0.16726439445465524,0.12091146410509102,0.15548468255170844,-0.006475874892723832,0.19548263084731635,0.10046900992677033,Classic_CVaR_Sharpe,,0.11999999968159686,0.12,0.5333333333333333,0.0,1.0,0.11925497953700331,0.11999999999999997,0.0,0.8294491525423728,0.0,0.0,0.1118114577266168,0.11999999999999997,0.11999999999999998,0.03179448590731564,0.11999999999999998,0.055754282282609785,0.06157317235059039,0.06157317235059039,6.157317235059039,0.029778686443274756,0.014889343221637378,0.2,0.22288169916644957,False,True,True
2026-09-02,2021-01-01,THD,Carryover due to turnover cap,"THD was not in the latest eligible basket but remains as a carryover position, likely because the 20% turnover cap moves the portfolio gradually.",11.994671773693083,71.0,False,True,True,True,True,0.010246341348362886,0.11526467357448511,0.0028731129753696294,0.1266920561136997,-0.00890659892757717,-0.0006952828841151337,0.17982489442142027,0.12741862236363594,,,0.0,0.0,,,,0.0,0.0,0.0,0.8294491525423728,0.0,0.0,0.1118114577266168,0.0,0.0,0.05921231678623869,0.0,0.048239512991341216,0.05327411143898529,0.05327411143898529,5.327411143898529,-0.005938205347253402,0.002969102673626701,0.2,0.22288169916644957,False,True,True
2026-09-02,2021-01-01,VTV,Carryover due to turnover cap,"VTV was not in the latest eligible basket but remains as a carryover position, likely because the 20% turnover cap moves the portfolio gradually.",14.93913320445008,21.0,False,True,True,True,True,0.006965708636970103,0.11866213900165312,0.05453866772353044,0.12645441352514863,0.042758955820583644,-0.0009329254726662128,0.09570334875387235,0.06120202041035869,,,0.0,0.0,,,,0.0,0.0,0.0,0.8294491525423728,0.0,0.0,0.1118114577266168,0.0,0.0,0.05514333105233058,0.0,0.04492456264273299,0.04961319068470328,0.04961319068470328,4.9613190684703286,-0.0055301403676272995,0.0027650701838136497,0.2,0.22288169916644957,False,True,True
2026-09-02,2021-01-01,SPYD,Carryover due to turnover cap,"SPYD was not in the latest eligible basket but remains as a carryover position, likely because the 20% turnover cap moves the portfolio gradually.",12.68406236410694,61.0,False,True,True,True,True,0.0026106403105852216,0.07759317849343383,0.05833737473130807,0.08040638668362043,0.04655766282836127,-0.04698095231419441,0.12524622294690013,0.0818496185518079,,,0.0,0.0,,,,0.0,0.0,0.0,0.8294491525423728,0.0,0.0,0.1118114577266168,0.0,0.0,0.052860381997014316,0.0,0.043064673407017535,0.04755919095992456,0.04755919095992456,4.755919095992455,-0.005301191037089759,0.0026505955185448793,0.2,0.22288169916644957,False,True,True
2026-09-02,2021-01-01,AVDV,Carryover due to turnover cap,"AVDV was not in the latest eligible basket but remains as a carryover position, likely because the 20% turnover cap moves the portfolio gradually.",11.72823172764846,81.0,False,True,True,True,True,0.042403384419963386,0.05483587963066361,0.04248920574936066,0.09956449093461295,0.03070949384641386,-0.0278228480632019,0.17124769593357378,0.11678284581234193,,,0.0,0.0,,,,0.0,0.0,0.0,0.8294491525423728,0.0,0.0,0.1118114577266168,0.0,0.0,0.05109994991492349,0.0,0.041630472029608664,0.045975306727516554,0.045975306727516554,4.597530672751655,-0.005124643187406935,0.0025623215937034677,0.2,0.22288169916644957,False,True,True
2026-09-02,2021-01-01,EWS,Selected and allocated,"EWS passed the latest signal filters, survived the correlation filter, was sized by Classic CVaR, adjusted by the score tilt, then scaled by the cash sleeve and turnover/pruning rules.",22.623602950304534,7.0,True,True,True,True,True,0.04980584345076666,0.20735896228098438,0.1637536897879499,0.267492493745231,0.1519739778850031,0.14010515474741614,0.1587018059417476,0.10099910722689816,Classic_CVaR_Sharpe,,0.1199999995879399,0.12,0.7333333333333333,0.19999999999999996,1.07,0.12760282810459356,0.12,0.0,0.8294491525423728,0.0,0.0,0.1118114577266168,0.12,0.12000000000000001,0.0,0.12000000000000001,0.03574365063251139,0.039474097248335956,0.039474097248335956,3.9474097248335958,0.039474097248335956,0.019737048624167978,0.2,0.22288169916644957,False,True,True
2026-09-02,2021-01-01,XLV,Selected and allocated,"XLV passed the latest signal filters, survived the correlation filter, was sized by Classic CVaR, adjusted by the score tilt, then scaled by the cash sleeve and turnover/pruning rules.",16.08222846010286,14.0,True,True,True,True,True,0.0599414968224794,0.07570539738964488,0.14918060673879996,0.1401847890492003,0.13740089483585316,0.01279745005138544,0.1955840037712716,0.10033602053580876,Classic_CVaR_Sharpe,,0.11999999958952347,0.12,0.3333333333333333,-0.2,0.93,0.11090713096941308,0.11999999999999997,0.0,0.8294491525423728,0.0,0.0,0.1118114577266168,0.11999999999999997,0.11999999999999998,0.0,0.11999999999999998,0.035743650632511385,0.03947409724833595,0.03947409724833595,3.947409724833595,0.03947409724833595,0.019737048624167974,0.2,0.22288169916644957,False,True,True
2026-09-02,2021-01-01,DIV,Carryover due to turnover cap,"DIV was not in the latest eligible basket but remains as a carryover position, likely because the 20% turnover cap moves the portfolio gradually.",12.03716996386784,68.0,False,True,True,True,True,0.015075978951531566,0.041785039186170714,0.06416412977698238,0.05749096850896174,0.05238441787403558,-0.06989637048885311,0.10419961335988952,0.0620852293767547,,,0.0,0.0,,,,0.0,0.0,0.0,0.8294491525423728,0.0,0.0,0.1118114577266168,0.0,0.0,0.04197783873114738,0.0,0.03419880536223557,0.037768021585850804,0.037768021585850804,3.7768021585850806,-0.004209817145296578,0.002104908572648289,0.2,0.22288169916644957,False,True,True
2026-09-02,2021-01-01,JETS,Carryover due to turnover cap,"JETS was not in the latest eligible basket but remains as a carryover position, likely because the 20% turnover cap moves the portfolio gradually.",11.071160743981974,91.0,False,False,True,True,True,-0.12742865858184993,0.28565946615739857,0.04490414330714376,0.12182960499190387,0.03312443140419696,-0.005557734005910975,0.3305543183399378,0.21042092593776926,,,0.0,0.0,,,,0.0,0.0,0.0,0.8294491525423728,0.0,0.0,0.1118114577266168,0.0,0.0,0.041950524776543874,0.0,0.03417655303468862,0.03774344685646401,0.03774344685646401,3.774344685646401,-0.004207077920079863,0.0021035389600399315,0.2,0.22288169916644957,False,True,True
2026-09-02,2021-01-01,XOP,Carryover due to turnover cap,"XOP was not in the latest eligible basket but remains as a carryover position, likely because the 20% turnover cap moves the portfolio gradually.",13.192749250819304,52.0,False,True,True,True,True,0.14225689886614878,0.01737753804208464,0.10872555339265477,0.16210651158002887,0.09694584148970797,0.03471917258221402,0.2911278228895235,0.18854213185966112,,,0.0,0.0,,,,0.0,0.0,0.0,0.8294491525423728,0.0,0.0,0.1118114577266168,0.0,0.0,0.03325919451648775,0.0,0.027095838045852808,0.029923741059462255,0.029923741059462255,2.9923741059462254,-0.0033354534570254925,0.0016677267285127462,0.2,0.22288169916644957,False,True,True
2026-09-02,2021-01-01,RYLD,Selected and allocated,"RYLD passed the latest signal filters, survived the correlation filter, was sized by Classic CVaR, adjusted by the score tilt, then scaled by the cash sleeve and turnover/pruning rules.",15.036247321434576,20.0,True,True,True,True,True,0.010127116007997428,0.10340691628994447,0.06136292486337469,0.11458124613523935,0.04958321296042789,-0.012806092862575502,0.06757742268145644,0.03963837440759288,Classic_CVaR_Sharpe,,0.0831294994058416,0.08612949606755917,0.13333333333333333,-0.4,0.86,0.07361149425266242,0.08589859359077776,0.0,0.8294491525423728,0.0,0.0,0.1118114577266168,0.08589859359077776,0.08589859359077777,0.0,0.08589859359077777,0.025586077659440355,0.028256411974147078,0.028256411974147078,2.8256411974147078,0.028256411974147078,0.014128205987073539,0.2,0.22288169916644957,False,True,True
2026-09-02,2021-01-01,ARKG,Not selected,ARKG was not selected for final allocation in this rebalance.,42.25332620821933,1.0,False,True,True,True,True,0.23012975746410458,0.4329395654810746,0.39869182857130836,0.7627016001459537,0.38691211666836156,0.6353142611481388,0.4843740213798521,0.25028821483469404,,,0.0,0.0,,,,0.0,0.0,0.0,0.8294491525423728,0.0,0.0,0.1118114577266168,0.0,0.0,0.0,0.0,0.0,0.0,0.0,0.0,0.0,0.0,0.2,0.22288169916644957,False,False,False
2026-09-02,2021-01-01,WCLD,Selected but not final,"WCLD passed the latest signal/correlation process but did not survive final sizing, cash scaling, turnover, or pruning into the final portfolio.",27.004182739041713,3.0,True,True,True,True,True,0.08538991908238791,0.2949152800996431,0.25111335246388133,0.4054879910858993,0.23933364056093454,0.27810065208808443,0.3823815780069313,0.20903369616908052,Classic_CVaR_Sharpe,,0.005572984771140131,0.0,0.9333333333333333,0.4,1.14,0.0,0.0,0.0,0.8294491525423728,0.0,0.0,0.1118114577266168,0.0,0.0,0.0,0.0,0.0,0.0,0.0,0.0,0.0,0.0,0.2,0.22288169916644957,False,False,False
2026-09-02,2021-01-01,IBB,Not selected,IBB was not selected for final allocation in this rebalance.,24.8942489898509,6.0,False,True,True,True,True,0.14292561675793647,0.13812229182451508,0.2789125550198439,0.30078912232949007,0.2671328431168971,0.17340178333167522,0.24066886759742168,0.12152737012651321,,,0.0,0.0,,,,0.0,0.0,0.0,0.8294491525423728,0.0,0.0,0.1118114577266168,0.0,0.0,0.0,0.0,0.0,0.0,0.0,0.0,0.0,0.0,0.2,0.22288169916644957,False,False,False
2026-09-02,2021-01-01,EPOL,Selected but not final,"EPOL passed the latest signal/correlation process but did not survive final sizing, cash scaling, turnover, or pruning into the final portfolio.",18.64023416961682,8.0,True,True,True,True,True,0.000312435533327049,0.2291767394367954,0.0906411169429926,0.22956077792693463,0.0788614050400458,0.10217343892911979,0.21775957989256683,0.13774292537227942,Classic_CVaR_Sharpe,,1.0090963056236705e-08,0.0,0.6666666666666666,0.1333333333333333,1.0466666666666666,0.0,0.0,0.0,0.8294491525423728,0.0,0.0,0.1118114577266168,0.0,0.0,0.0,0.0,0.0,0.0,0.0,0.0,0.0,0.0,0.2,0.22288169916644957,False,False,False
2026-09-02,2021-01-01,EWP,Selected but not final,"EWP passed the latest signal/correlation process but did not survive final sizing, cash scaling, turnover, or pruning into the final portfolio.",17.4104593474031,9.0,True,True,True,True,True,-0.0034588525830561156,0.17972798557933878,0.09488556651696967,0.17564748038911393,0.08310585461402287,0.04826014139129908,0.1612238529956783,0.09044603565260388,Classic_CVaR_Sharpe,,2.9128515398584456e-09,0.0,0.6,0.06666666666666665,1.0233333333333334,0.0,0.0,0.0,0.8294491525423728,0.0,0.0,0.1118114577266168,0.0,0.0,0.03943122398924885,0.0,0.02481699817576953,0.0,0.0,0.0,-0.03943122398924885,0.019715611994624425,0.2,0.22288169916644957,True,False,False
2026-09-02,2021-01-01,XLF,Selected but not final,"XLF passed the latest signal/correlation process but did not survive final sizing, cash scaling, turnover, or pruning into the final portfolio.",16.682292643613327,11.0,True,True,True,True,True,-0.004396570139917677,0.141955084890949,0.1103138532575958,0.1369343992635903,0.098534141354649,0.009547060265775453,0.1328934936852393,0.07374665947116507,Classic_CVaR_Sharpe,,1.3215101188782344e-09,0.0,0.4666666666666667,-0.06666666666666665,0.9766666666666667,0.0,0.0,0.0,0.8294491525423728,0.0,0.0,0.1118114577266168,0.0,0.0,0.0,0.0,0.0,0.0,0.0,0.0,0.0,0.0,0.2,0.22288169916644957,False,False,False
2026-09-02,2021-01-01,KCE,Selected but not final,"KCE passed the latest signal/correlation process but did not survive final sizing, cash scaling, turnover, or pruning into the final portfolio.",16.497754147231074,12.0,True,True,True,True,True,0.014946189588898706,0.15160835325417565,0.10873221981330383,0.16882051003407206,0.09695250791035703,0.04143317103625721,0.20918895038411825,0.12594123796398357,Classic_CVaR_Sharpe,,7.514354510790874e-10,0.0,0.4,-0.1333333333333333,0.9533333333333334,0.0,0.0,0.0,0.8294491525423728,0.0,0.0,0.1118114577266168,0.0,0.0,0.0,0.0,0.0,0.0,0.0,0.0,0.0,0.0,0.2,0.22288169916644957,False,False,False
2026-09-02,2021-01-01,QQQJ,Selected but not final,"QQQJ passed the latest signal/correlation process but did not survive final sizing, cash scaling, turnover, or pruning into the final portfolio.",16.373050705953066,13.0,True,True,True,True,True,0.013500420768714383,0.21149162970235968,0.007474946716545139,0.2278472764611168,-0.00430476518640166,0.10045993746330195,0.18177601988546832,0.12522478305856313,Classic_CVaR_Sharpe,,6.790176271737105e-10,0.0,0.2,-0.3333333333333333,0.8833333333333333,0.0,0.0,0.0,0.8294491525423728,0.0,0.0,0.1118114577266168,0.0,0.0,0.0,0.0,0.0,0.0,0.0,0.0,0.0,0.0,0.2,0.22288169916644957,False,False,False
2026-09-02,2021-01-01,JQUA,Not selected,JQUA was not selected for final allocation in this rebalance.,15.81067410321468,15.0,False,True,True,True,True,0.0056097483443902085,0.16442793245782594,0.039381238672202334,0.17096008012409292,0.027601526769255535,0.04357274112627807,0.13311005329266723,0.08910901451672047,,,0.0,0.0,,,,0.0,0.0,0.0,0.8294491525423728,0.0,0.0,0.1118114577266168,0.0,0.0,0.0,0.0,0.0,0.0,0.0,0.0,0.0,0.0,0.2,0.22288169916644957,False,False,False
2026-09-02,2021-01-01,PKW,Selected but not final,"PKW passed the latest signal/correlation process but did not survive final sizing, cash scaling, turnover, or pruning into the final portfolio.",15.571717491464112,16.0,True,True,True,True,True,0.01797184804234009,0.09900395978195364,0.09879246640433448,0.11875509194508505,0.08701275450138768,-0.008632247052729802,0.11026552819896054,0.06802018527147043,Classic_CVaR_Sharpe,,0.07129750309863955,0.07387050393244085,0.26666666666666666,-0.26666666666666666,0.9066666666666667,0.06656010328554358,0.07767019701924212,0.0,0.8294491525423728,0.0,0.0,0.1118114577266168,0.07767019701924212,0.07767019701924213,0.0,0.07767019701924213,0.02313513655678432,0.0,0.0,0.0,0.0,0.0,0.2,0.22288169916644957,True,False,False
2026-09-02,2021-01-01,VYMI,Not selected,VYMI was not selected for final allocation in this rebalance.,15.228928410363578,18.0,False,True,True,True,True,0.014202895472340105,0.11546198174546052,0.0695557258463837,0.13130477167556065,0.0577760139434369,0.003917432677745802,0.1127494294898167,0.06605656097775052,,,0.0,0.0,,,,0.0,0.0,0.0,0.8294491525423728,0.0,0.0,0.1118114577266168,0.0,0.0,0.0,0.0,0.0,0.0,0.0,0.0,0.0,0.0,0.2,0.22288169916644957,False,False,False
2026-09-02,2021-01-01,EFV,Not selected,EFV was not selected for final allocation in this rebalance.,15.116579551123412,19.0,False,True,True,True,True,0.00471997321153883,0.12131561105327893,0.07286447807195051,0.12660819069913076,0.06108476616900371,-0.0007791482986840848,0.12260022003664615,0.06956297505978332,,,0.0,0.0,,,,0.0,0.0,0.0,0.8294491525423728,0.0,0.0,0.1118114577266168,0.0,0.0,0.0,0.0,0.0,0.0,0.0,0.0,0.0,0.0,0.2,0.22288169916644957,False,False,False
2026-09-02,2021-01-01,SMIN,Not selected,SMIN was not selected for final allocation in this rebalance.,14.685711398371081,22.0,False,True,True,True,True,0.004535767586050898,0.12496079754838929,0.07232295142498435,0.13006335826948723,0.06054323952203755,0.0026760192716723807,0.15847100075665627,0.09138877556468882,,,0.0,0.0,,,,0.0,0.0,0.0,0.8294491525423728,0.0,0.0,0.1118114577266168,0.0,0.0,0.0,0.0,0.0,0.0,0.0,0.0,0.0,0.0,0.2,0.22288169916644957,False,False,False
2026-09-02,2021-01-01,VOE,Not selected,VOE was not selected for final allocation in this rebalance.,14.485197466923712,23.0,False,True,True,True,True,0.007447357815137945,0.10186210003978835,0.061382811411467175,0.11006806136172398,0.049603099508520376,-0.01731927763609087,0.09287565576569531,0.058016086088540086,,,0.0,0.0,,,,0.0,0.0,0.0,0.8294491525423728,0.0,0.0,0.1118114577266168,0.0,0.0,0.0,0.0,0.0,0.0,0.0,0.0,0.0,0.0,0.2,0.22288169916644957,False,False,False
2026-09-02,2021-01-01,EWI,Not selected,EWI was not selected for final allocation in this rebalance.,14.387925605320591,24.0,False,False,True,True,True,-0.03178339512193751,0.20600578522980428,0.05600654800254534,0.16767482683850288,0.04422683609959854,0.04028748784068803,0.15838085838053625,0.09578249339423127,,,0.0,0.0,,,,0.0,0.0,0.0,0.8294491525423728,0.0,0.0,0.1118114577266168,0.0,0.0,0.0,0.0,0.0,0.0,0.0,0.0,0.0,0.0,0.2,0.22288169916644957,False,False,False
2026-09-02,2021-01-01,IXN,Not selected,IXN was not selected for final allocation in this rebalance.,14.295800918249684,25.0,False,True,True,False,True,0.005025453004962266,0.32872442674125035,-0.03547699521944225,0.33540186890438384,-0.04725670712238905,0.208014529906569,0.37248737004397026,0.26576761596073933,,,0.0,0.0,,,,0.0,0.0,0.0,0.8294491525423728,0.0,0.0,0.1118114577266168,0.0,0.0,0.0,0.0,0.0,0.0,0.0,0.0,0.0,0.0,0.2,0.22288169916644957,False,False,False
2026-09-02,2021-01-01,VBR,Not selected,VBR was not selected for final allocation in this rebalance.,14.274953545983134,26.0,False,True,True,True,True,-0.006084363999887543,0.12291878066244122,0.05289027405390856,0.11608653405858105,0.04111056215096176,-0.0113008049392338,0.1190340071539905,0.076361374839016,,,0.0,0.0,,,,0.0,0.0,0.0,0.8294491525423728,0.0,0.0,0.1118114577266168,0.0,0.0,0.0,0.0,0.0,0.0,0.0,0.0,0.0,0.0,0.2,0.22288169916644957,False,False,False
2026-09-02,2021-01-01,DSI,Not selected,DSI was not selected for final allocation in this rebalance.,14.232502966061205,27.0,False,True,True,True,True,0.0021849974947334427,0.15555641108160345,0.0202714498663894,0.1580812989448399,0.008491737963442603,0.030693959947025062,0.16459647450489356,0.11104178833921441,,,0.0,0.0,,,,0.0,0.0,0.0,0.8294491525423728,0.0,0.0,0.1118114577266168,0.0,0.0,0.0,0.0,0.0,0.0,0.0,0.0,0.0,0.0,0.2,0.22288169916644957,False,False,False
2026-09-02,2021-01-01,FEZ,Not selected,FEZ was not selected for final allocation in this rebalance.,14.16746327925107,28.0,False,True,True,True,True,-0.006514528159688893,0.1379899469373269,0.05096892812100973,0.13057647938256078,0.03918921621806293,0.0031891403847459365,0.1620547482867427,0.10044809830979805,,,0.0,0.0,,,,0.0,0.0,0.0,0.8294491525423728,0.0,0.0,0.1118114577266168,0.0,0.0,0.0,0.0,0.0,0.0,0.0,0.0,0.0,0.0,0.2,0.22288169916644957,False,False,False
2026-09-02,2021-01-01,AVUS,Not selected,AVUS was not selected for final allocation in this rebalance.,14.157066431022892,29.0,False,True,True,True,True,-0.0016080845969087543,0.14325833332222104,0.02041260952085433,0.14141987720611815,0.008632897617907531,0.014032538208303302,0.12807477647214197,0.08847665115722693,,,0.0,0.0,,,,0.0,0.0,0.0,0.8294491525423728,0.0,0.0,0.1118114577266168,0.0,0.0,0.0,0.0,0.0,0.0,0.0,0.0,0.0,0.0,0.2,0.22288169916644957,False,False,False
2026-09-02,2021-01-01,XLK,Not selected,XLK was not selected for final allocation in this rebalance.,14.147036340063671,30.0,False,True,True,False,True,-0.005277737596272036,0.3294558350155494,-0.041521324727279874,0.3224393159725045,-0.05330103663022667,0.19505197697468968,0.3466932706225072,0.24178449529537335,,,0.0,0.0,,,,0.0,0.0,0.0,0.8294491525423728,0.0,0.0,0.1118114577266168,0.0,0.0,0.0,0.0,0.0,0.0,0.0,0.0,0.0,0.0,0.2,0.22288169916644957,False,False,False
2026-09-02,2021-01-01,DIA,Not selected,DIA was not selected for final allocation in this rebalance.,14.13746303577816,31.0,False,True,True,True,True,-0.014353427406955221,0.13820146095576513,0.0385737963215258,0.12186436891144625,0.026794084418579,-0.005522970086368595,0.12384862720292188,0.08351649618335912,,,0.0,0.0,,,,0.0,0.0,0.0,0.8294491525423728,0.0,0.0,0.1118114577266168,0.0,0.0,0.0,0.0,0.0,0.0,0.0,0.0,0.0,0.0,0.2,0.22288169916644957,False,False,False
2026-09-02,2021-01-01,XLE,Not selected,XLE was not selected for final allocation in this rebalance.,14.123413117958158,32.0,False,True,True,True,True,0.1248472307302042,0.028690756111488858,0.1051898452960287,0.15711994828976805,0.0934101333930819,0.029732609291953205,0.22561270019992244,0.14214670174623825,,,0.0,0.0,,,,0.0,0.0,0.0,0.8294491525423728,0.0,0.0,0.1118114577266168,0.0,0.0,0.0,0.0,0.0,0.0,0.0,0.0,0.0,0.0,0.2,0.22288169916644957,False,False,False
2026-09-02,2021-01-01,ESGU,Not selected,ESGU was not selected for final allocation in this rebalance.,14.019348761049484,33.0,False,True,True,True,True,-0.0018705437459424212,0.1447544407428627,0.018532607949188096,0.1426131274830913,0.006752896046241297,0.015225788485276448,0.13667457353736015,0.09471222449885394,,,0.0,0.0,,,,0.0,0.0,0.0,0.8294491525423728,0.0,0.0,0.1118114577266168,0.0,0.0,0.0,0.0,0.0,0.0,0.0,0.0,0.0,0.0,0.2,0.22288169916644957,False,False,False
2026-09-02,2021-01-01,MOAT,Not selected,MOAT was not selected for final allocation in this rebalance.,13.993779510536449,34.0,False,True,True,True,True,0.021935898192336323,0.07245396065837517,0.09915629221064237,0.09597920155534512,0.08737658030769557,-0.03140813744246973,0.14594247559950516,0.0918242294364404,,,0.0,0.0,,,,0.0,0.0,0.0,0.8294491525423728,0.0,0.0,0.1118114577266168,0.0,0.0,0.0,0.0,0.0,0.0,0.0,0.0,0.0,0.0,0.2,0.22288169916644957,False,False,False
2026-09-02,2021-01-01,RSP,Not selected,RSP was not selected for final allocation in this rebalance.,13.866819568361715,35.0,False,True,True,True,True,0.0039001383080254914,0.10464405817793376,0.05033089469986507,0.10895232278596612,0.03855118279691827,-0.01843501621184873,0.11098647860824584,0.0714168114632768,,,0.0,0.0,,,,0.0,0.0,0.0,0.8294491525423728,0.0,0.0,0.1118114577266168,0.0,0.0,0.0,0.0,0.0,0.0,0.0,0.0,0.0,0.0,0.2,0.22288169916644957,False,False,False
2026-09-02,2021-01-01,HEFA,Not selected,HEFA was not selected for final allocation in this rebalance.,13.681924248714452,36.0,False,True,True,True,True,-0.0015977567608888021,0.11428997977524413,0.042143714956865974,0.11250961542646754,0.030364003053919175,-0.014877723571347312,0.1217374354310908,0.07710342892765863,,,0.0,0.0,,,,0.0,0.0,0.0,0.8294491525423728,0.0,0.0,0.1118114577266168,0.0,0.0,0.0,0.0,0.0,0.0,0.0,0.0,0.0,0.0,0.2,0.22288169916644957,False,False,False
2026-09-02,2021-01-01,SPYX,Not selected,SPYX was not selected for final allocation in this rebalance.,13.668061834875145,37.0,False,True,True,True,True,-0.004138172981629107,0.13801126026573973,0.018841961296805376,0.13330197281571832,0.007062249393858577,0.00591463381790347,0.1364515022070333,0.09479079454464329,,,0.0,0.0,,,,0.0,0.0,0.0,0.8294491525423728,0.0,0.0,0.1118114577266168,0.0,0.0,0.0,0.0,0.0,0.0,0.0,0.0,0.0,0.0,0.2,0.22288169916644957,False,False,False
2026-09-02,2021-01-01,FDN,Not selected,FDN was not selected for final allocation in this rebalance.,13.64532825274768,38.0,False,True,True,True,True,0.00653889908710914,0.15247034079002408,0.029831774088289187,0.16000622804933617,0.018052062185342388,0.03261888905152133,0.2213784792299605,0.15228790482623752,,,0.0,0.0,,,,0.0,0.0,0.0,0.8294491525423728,0.0,0.0,0.1118114577266168,0.0,0.0,0.0,0.0,0.0,0.0,0.0,0.0,0.0,0.0,0.2,0.22288169916644957,False,False,False
2026-09-02,2021-01-01,VTI,Not selected,VTI was not selected for final allocation in this rebalance.,13.641068537203136,39.0,False,True,True,True,True,-0.002221663020835818,0.13671100651570223,0.017451866947891803,0.13418561770714899,0.005672155044945004,0.006798278709334138,0.13599223066713986,0.09400840448587224,,,0.0,0.0,,,,0.0,0.0,0.0,0.8294491525423728,0.0,0.0,0.1118114577266168,0.0,0.0,0.0,0.0,0.0,0.0,0.0,0.0,0.0,0.0,0.2,0.22288169916644957,False,False,False
2026-09-02,2021-01-01,KBE,Not selected,KBE was not selected for final allocation in this rebalance.,13.625755562579396,40.0,False,False,True,True,True,-0.03505898890338921,0.17798692230000035,0.07724021566739059,0.1366878918627472,0.06546050376444379,0.009300552864932365,0.16625268059491918,0.10196913733507365,,,0.0,0.0,,,,0.0,0.0,0.0,0.8294491525423728,0.0,0.0,0.1118114577266168,0.0,0.0,0.0,0.0,0.0,0.0,0.0,0.0,0.0,0.0,0.2,0.22288169916644957,False,False,False
2026-09-02,2021-01-01,QTEC,Not selected,QTEC was not selected for final allocation in this rebalance.,13.597035543064973,41.0,False,False,True,False,True,-0.017013419321078804,0.4009534499305323,-0.058788030848103356,0.37711844143755213,-0.07056774275105016,0.24973110243973728,0.38433254090659347,0.27362681765497726,,,0.0,0.0,,,,0.0,0.0,0.0,0.8294491525423728,0.0,0.0,0.1118114577266168,0.0,0.0,0.0,0.0,0.0,0.0,0.0,0.0,0.0,0.0,0.2,0.22288169916644957,False,False,False
2026-09-02,2021-01-01,GSLC,Not selected,GSLC was not selected for final allocation in this rebalance.,13.57733391644261,42.0,False,True,True,True,True,-0.00014704687734745647,0.12496069663268705,0.0233645555906572,0.12479527467510865,0.0115848436877104,-0.0025920643227062,0.12394322324119225,0.08725281617186673,,,0.0,0.0,,,,0.0,0.0,0.0,0.8294491525423728,0.0,0.0,0.1118114577266168,0.0,0.0,0.0,0.0,0.0,0.0,0.0,0.0,0.0,0.0,0.2,0.22288169916644957,False,False,False
2026-09-02,2021-01-01,MGC,Not selected,MGC was not selected for final allocation in this rebalance.,13.566118049717797,43.0,False,True,True,True,True,-0.0023219575925657043,0.14277441991463968,0.012818894667186553,0.14012094617372894,0.0010391827642397544,0.012733607175914097,0.1480125546717479,0.10144668174692885,,,0.0,0.0,,,,0.0,0.0,0.0,0.8294491525423728,0.0,0.0,0.1118114577266168,0.0,0.0,0.0,0.0,0.0,0.0,0.0,0.0,0.0,0.0,0.2,0.22288169916644957,False,False,False
2026-09-02,2021-01-01,EEMV,Not selected,EEMV was not selected for final allocation in this rebalance.,13.445700215495393,44.0,False,True,True,True,True,0.032996288323848155,0.13777718229347435,0.017838021431496154,0.17531960624872545,0.006058309528549355,0.0479322672509106,0.22662883576375695,0.16451139480578328,,,0.0,0.0,,,,0.0,0.0,0.0,0.8294491525423728,0.0,0.0,0.1118114577266168,0.0,0.0,0.0,0.0,0.0,0.0,0.0,0.0,0.0,0.0,0.2,0.22288169916644957,False,False,False
2026-09-02,2021-01-01,TMFC,Not selected,TMFC was not selected for final allocation in this rebalance.,13.389692375191839,45.0,False,True,True,True,True,-0.007414031883678285,0.14529542564623332,0.0170407767117422,0.13680416884426116,0.0052610648087954015,0.009416829846446317,0.16340874787307488,0.11272015331378343,,,0.0,0.0,,,,0.0,0.0,0.0,0.8294491525423728,0.0,0.0,0.1118114577266168,0.0,0.0,0.0,0.0,0.0,0.0,0.0,0.0,0.0,0.0,0.2,0.22288169916644957,False,False,False
2026-09-02,2021-01-01,IGV,Not selected,IGV was not selected for final allocation in this rebalance.,13.331828770191443,46.0,False,True,True,True,True,0.03129015768168841,0.15645960383112478,0.044369368252914265,0.19264540718750367,0.032589656349967466,0.06525806818968882,0.3337046653106125,0.1981812288351383,,,0.0,0.0,,,,0.0,0.0,0.0,0.8294491525423728,0.0,0.0,0.1118114577266168,0.0,0.0,0.0,0.0,0.0,0.0,0.0,0.0,0.0,0.0,0.2,0.22288169916644957,False,False,False
2026-09-02,2021-01-01,GSIE,Not selected,GSIE was not selected for final allocation in this rebalance.,13.32394915446412,47.0,False,True,True,True,True,0.0019610675700520996,0.09859615266806832,0.05318237516292834,0.10075057395564979,0.04140266325998154,-0.026636765042165056,0.13052839617181122,0.08140876656229581,,,0.0,0.0,,,,0.0,0.0,0.0,0.8294491525423728,0.0,0.0,0.1118114577266168,0.0,0.0,0.0,0.0,0.0,0.0,0.0,0.0,0.0,0.0,0.2,0.22288169916644957,False,False,False
2026-09-02,2021-01-01,VIG,Not selected,VIG was not selected for final allocation in this rebalance.,13.25393451797345,48.0,False,True,True,True,True,-0.0057123916321406565,0.10262077189088425,0.03175597411117015,0.09632217022011025,0.01997626220822335,-0.0310651687777046,0.0885722093933189,0.06150876731616469,,,0.0,0.0,,,,0.0,0.0,0.0,0.8294491525423728,0.0,0.0,0.1118114577266168,0.0,0.0,0.0,0.0,0.0,0.0,0.0,0.0,0.0,0.0,0.2,0.22288169916644957,False,False,False
2026-09-02,2021-01-01,SPY,Not selected,SPY was not selected for final allocation in this rebalance.,13.23925148067234,49.0,False,True,True,True,True,-0.007469569836093259,0.13587181282858785,0.011779711902946799,0.12738733899781485,0.0,0.0,0.13711204790598583,0.09449143146576557,,,0.0,0.0,,,,0.0,0.0,0.0,0.8294491525423728,0.0,0.0,0.1118114577266168,0.0,0.0,0.0,0.0,0.0,0.0,0.0,0.0,0.0,0.0,0.2,0.22288169916644957,False,False,False
2026-09-02,2021-01-01,BBCA,Not selected,BBCA was not selected for final allocation in this rebalance.,13.237923703862352,50.0,False,True,True,True,True,0.01775876701431134,0.079949102919316,0.05079398732159435,0.09912766742537471,0.03901427541864755,-0.028259671572440137,0.11229948185841046,0.08008317267705901,,,0.0,0.0,,,,0.0,0.0,0.0,0.8294491525423728,0.0,0.0,0.1118114577266168,0.0,0.0,0.0,0.0,0.0,0.0,0.0,0.0,0.0,0.0,0.2,0.22288169916644957,False,False,False
2026-09-02,2021-01-01,VO,Not selected,VO was not selected for final allocation in this rebalance.,13.222349858300571,51.0,False,True,True,True,True,-0.0013560325175333565,0.10686178772642285,0.03155007182952807,0.10536084714985061,0.01977035992658127,-0.022026491847964236,0.11064796971221712,0.07673994898860266,,,0.0,0.0,,,,0.0,0.0,0.0,0.8294491525423728,0.0,0.0,0.1118114577266168,0.0,0.0,0.0,0.0,0.0,0.0,0.0,0.0,0.0,0.0,0.2,0.22288169916644957,False,False,False
2026-09-02,2021-01-01,VT,Not selected,VT was not selected for final allocation in this rebalance.,13.075467716125104,53.0,False,True,True,True,True,0.004527986711019505,0.12228295268512102,0.01852205083891123,0.1273646349808828,0.0067423389359644315,-2.2704016932051374e-05,0.14888303113556672,0.1039948988104864,,,0.0,0.0,,,,0.0,0.0,0.0,0.8294491525423728,0.0,0.0,0.1118114577266168,0.0,0.0,0.0,0.0,0.0,0.0,0.0,0.0,0.0,0.0,0.2,0.22288169916644957,False,False,False
2026-09-02,2021-01-01,FNDF,Not selected,FNDF was not selected for final allocation in this rebalance.,13.052228068173925,54.0,False,True,True,True,True,0.014826146790662964,0.1200597378666739,0.019445244634948233,0.13666590795459688,0.007665532732001434,0.00927856895678203,0.1675535496942218,0.1166418346360242,,,0.0,0.0,,,,0.0,0.0,0.0,0.8294491525423728,0.0,0.0,0.1118114577266168,0.0,0.0,0.0,0.0,0.0,0.0,0.0,0.0,0.0,0.0,0.2,0.22288169916644957,False,False,False
2026-09-02,2021-01-01,VIGI,Not selected,VIGI was not selected for final allocation in this rebalance.,13.04609986334305,55.0,False,True,True,True,True,0.0022327710575840154,0.08696264354652428,0.04860729716977219,0.08938958227770999,0.03682758526682539,-0.03799775672010486,0.10813518363443879,0.06579061903458121,,,0.0,0.0,,,,0.0,0.0,0.0,0.8294491525423728,0.0,0.0,0.1118114577266168,0.0,0.0,0.0,0.0,0.0,0.0,0.0,0.0,0.0,0.0,0.2,0.22288169916644957,False,False,False
2026-09-02,2021-01-01,XYLD,Not selected,XYLD was not selected for final allocation in this rebalance.,13.009315397690647,56.0,False,True,True,True,True,0.006673838130335508,0.07090018449666857,0.04313474318272381,0.0780471989817455,0.03135503127977701,-0.049340140016069345,0.06491957915562564,0.04080722694268232,,,0.0,0.0,,,,0.0,0.0,0.0,0.8294491525423728,0.0,0.0,0.1118114577266168,0.0,0.0,0.0,0.0,0.0,0.0,0.0,0.0,0.0,0.0,0.2,0.22288169916644957,False,False,False
2026-09-02,2021-01-01,VGK,Not selected,VGK was not selected for final allocation in this rebalance.,12.916556507211794,57.0,False,True,True,True,True,-0.0026623567396346637,0.10237596217828937,0.04458488606778155,0.0994410441057727,0.03280517416483475,-0.027946294892042145,0.14050756493669125,0.08460419721537381,,,0.0,0.0,,,,0.0,0.0,0.0,0.8294491525423728,0.0,0.0,0.1118114577266168,0.0,0.0,0.0,0.0,0.0,0.0,0.0,0.0,0.0,0.0,0.2,0.22288169916644957,False,False,False
2026-09-02,2021-01-01,FNDE,Not selected,FNDE was not selected for final allocation in this rebalance.,12.871104104564504,58.0,False,True,True,True,True,0.02523848161548714,0.09689238937956701,0.030026360023070353,0.12457628778309116,0.018246648120123554,-0.002811051214723692,0.15718643041327438,0.11442313325996788,,,0.0,0.0,,,,0.0,0.0,0.0,0.8294491525423728,0.0,0.0,0.1118114577266168,0.0,0.0,0.0,0.0,0.0,0.0,0.0,0.0,0.0,0.0,0.2,0.22288169916644957,False,False,False
2026-09-02,2021-01-01,DIVO,Not selected,DIVO was not selected for final allocation in this rebalance.,12.773391749052214,59.0,False,True,True,True,True,0.014079334027033541,0.061970348422079935,0.05349754023362285,0.07692218368431969,0.041717828330676054,-0.05046515531349516,0.09025701059998639,0.05701935911552674,,,0.0,0.0,,,,0.0,0.0,0.0,0.8294491525423728,0.0,0.0,0.1118114577266168,0.0,0.0,0.0,0.0,0.0,0.0,0.0,0.0,0.0,0.0,0.2,0.22288169916644957,False,False,False
2026-09-02,2021-01-01,ESGD,Not selected,ESGD was not selected for final allocation in this rebalance.,12.753987884394363,60.0,False,True,True,True,True,-0.0006801937308802408,0.10339105877472687,0.04226845530387324,0.10264053909383919,0.030488743400926444,-0.024746799903975658,0.15315834355939356,0.09897079882134127,,,0.0,0.0,,,,0.0,0.0,0.0,0.8294491525423728,0.0,0.0,0.1118114577266168,0.0,0.0,0.0,0.0,0.0,0.0,0.0,0.0,0.0,0.0,0.2,0.22288169916644957,False,False,False
2026-09-02,2021-01-01,ARKW,Not selected,ARKW was not selected for final allocation in this rebalance.,12.572950527949418,62.0,False,True,True,True,True,0.060597494753994674,0.11179126434634346,0.05226918699701444,0.1791630296551081,0.04048947509406764,0.05177569065729326,0.3337363559340693,0.21923466239816752,,,0.0,0.0,,,,0.0,0.0,0.0,0.8294491525423728,0.0,0.0,0.1118114577266168,0.0,0.0,0.0,0.0,0.0,0.0,0.0,0.0,0.0,0.0,0.2,0.22288169916644957,False,False,False
2026-09-02,2021-01-01,VSGX,Not selected,VSGX was not selected for final allocation in this rebalance.,12.493577436136814,63.0,False,True,True,True,True,0.01199785302622458,0.12521328648772578,0.01708290854950234,0.13871343012216042,0.005303196646555541,0.011326091124345572,0.2066776061994862,0.14744145280776152,,,0.0,0.0,,,,0.0,0.0,0.0,0.8294491525423728,0.0,0.0,0.1118114577266168,0.0,0.0,0.0,0.0,0.0,0.0,0.0,0.0,0.0,0.0,0.2,0.22288169916644957,False,False,False
2026-09-02,2021-01-01,GNR,Not selected,GNR was not selected for final allocation in this rebalance.,12.405632539040552,64.0,False,True,True,True,True,0.08021728894735891,0.024984033129616945,0.0723207368516301,0.10720547348160481,0.0605410249486833,-0.02018186551621004,0.17474065712317827,0.11784551544062498,,,0.0,0.0,,,,0.0,0.0,0.0,0.8294491525423728,0.0,0.0,0.1118114577266168,0.0,0.0,0.0,0.0,0.0,0.0,0.0,0.0,0.0,0.0,0.2,0.22288169916644957,False,False,False
2026-09-02,2021-01-01,AVDE,Not selected,AVDE was not selected for final allocation in this rebalance.,12.37113946309772,65.0,False,True,True,True,True,0.009973659923594447,0.08508327102398305,0.039989361731115336,0.0959055225579577,0.028209649828168537,-0.031481816439857147,0.14476438263667674,0.09586373624841787,,,0.0,0.0,,,,0.0,0.0,0.0,0.8294491525423728,0.0,0.0,0.1118114577266168,0.0,0.0,0.0,0.0,0.0,0.0,0.0,0.0,0.0,0.0,0.2,0.22288169916644957,False,False,False
2026-09-02,2021-01-01,VXUS,Not selected,VXUS was not selected for final allocation in this rebalance.,12.13398904566931,66.0,False,True,True,True,True,0.012980455117120648,0.10505026406994844,0.020606943297693636,0.11939431942487055,0.008827231394746837,-0.007993019572944293,0.18306031504118406,0.13041574643324882,,,0.0,0.0,,,,0.0,0.0,0.0,0.8294491525423728,0.0,0.0,0.1118114577266168,0.0,0.0,0.0,0.0,0.0,0.0,0.0,0.0,0.0,0.0,0.2,0.22288169916644957,False,False,False
2026-09-02,2021-01-01,EFAV,Not selected,EFAV was not selected for final allocation in this rebalance.,12.0786887965714,67.0,False,True,True,True,True,0.016900670069909474,0.04011546900541574,0.06521045663032554,0.05769411738168562,0.05343074472737874,-0.06969322161612923,0.10253860527537573,0.05848809918091422,,,0.0,0.0,,,,0.0,0.0,0.0,0.8294491525423728,0.0,0.0,0.1118114577266168,0.0,0.0,0.0,0.0,0.0,0.0,0.0,0.0,0.0,0.0,0.2,0.22288169916644957,False,False,False
2026-09-02,2021-01-01,VEA,Not selected,VEA was not selected for final allocation in this rebalance.,12.028726351782275,69.0,False,True,True,True,True,0.008652024065242792,0.10738095232534528,0.021159453544341567,0.11696203897425561,0.009379741641394768,-0.010425300023559236,0.18829341812284503,0.13177546008953428,,,0.0,0.0,,,,0.0,0.0,0.0,0.8294491525423728,0.0,0.0,0.1118114577266168,0.0,0.0,0.0,0.0,0.0,0.0,0.0,0.0,0.0,0.0,0.2,0.22288169916644957,False,False,False
2026-09-02,2021-01-01,DVYE,Not selected,DVYE was not selected for final allocation in this rebalance.,12.009057569171738,70.0,False,True,True,True,True,0.05094668965751792,0.033944500965181534,0.05999229551994856,0.08662055057895168,0.04821258361700176,-0.040766788418863165,0.14536130210193185,0.09503516643059656,,,0.0,0.0,,,,0.0,0.0,0.0,0.8294491525423728,0.0,0.0,0.1118114577266168,0.0,0.0,0.0,0.0,0.0,0.0,0.0,0.0,0.0,0.0,0.2,0.22288169916644957,False,False,False
2026-09-02,2021-01-01,MLPA,Not selected,MLPA was not selected for final allocation in this rebalance.,11.950581423961479,72.0,False,True,True,True,True,0.03393877931719658,0.046882984084953394,0.054337905958862454,0.08241291465274059,0.042558194055915655,-0.04497442434507426,0.1413824076829497,0.08879847148776798,,,0.0,0.0,,,,0.0,0.0,0.0,0.8294491525423728,0.0,0.0,0.1118114577266168,0.0,0.0,0.0,0.0,0.0,0.0,0.0,0.0,0.0,0.0,0.2,0.22288169916644957,False,False,False
2026-09-02,2021-01-01,ARKF,Not selected,ARKF was not selected for final allocation in this rebalance.,11.89293651142279,73.0,False,True,True,True,True,0.08024452151381545,0.021419961636356177,0.13563480858422272,0.10338331772252518,0.12385509668127592,-0.024004021275289666,0.3200971067315201,0.20051719652756325,,,0.0,0.0,,,,0.0,0.0,0.0,0.8294491525423728,0.0,0.0,0.1118114577266168,0.0,0.0,0.0,0.0,0.0,0.0,0.0,0.0,0.0,0.0,0.2,0.22288169916644957,False,False,False
2026-09-02,2021-01-01,EWG,Not selected,EWG was not selected for final allocation in this rebalance.,11.851006720354128,74.0,False,True,True,True,True,0.006527524081506142,0.0809948320913989,0.04030517544365164,0.08805105188985918,0.028525463540704843,-0.03933628710795567,0.16026826840650787,0.10500826975069742,,,0.0,0.0,,,,0.0,0.0,0.0,0.8294491525423728,0.0,0.0,0.1118114577266168,0.0,0.0,0.0,0.0,0.0,0.0,0.0,0.0,0.0,0.0,0.2,0.22288169916644957,False,False,False
2026-09-02,2021-01-01,QYLD,Not selected,QYLD was not selected for final allocation in this rebalance.,11.84881611142643,75.0,False,True,True,True,True,0.014838713321063457,0.07775270591245698,0.03257139517765917,0.09374516934649213,0.02079168327471237,-0.03364216965132272,0.15319673488107904,0.09990611932785426,,,0.0,0.0,,,,0.0,0.0,0.0,0.8294491525423728,0.0,0.0,0.1118114577266168,0.0,0.0,0.0,0.0,0.0,0.0,0.0,0.0,0.0,0.0,0.2,0.22288169916644957,False,False,False
2026-09-02,2021-01-01,SMH,Removed,SMH was previously held but was removed or reduced to zero by the latest rebalance.,11.791651418689586,76.0,False,False,True,False,True,-0.01354169233742375,0.44100165274277314,-0.10444873762171691,0.4214880517036115,-0.11622844952466371,0.29410071270579663,0.5272894075889786,0.38927621511911714,,,0.0,0.0,,,,0.0,0.0,0.0,0.8294491525423728,0.0,0.0,0.1118114577266168,0.0,0.0,0.026816394630696794,0.0,0.02184697183591833,0.0,0.0,0.0,-0.026816394630696794,0.013408197315348397,0.2,0.22288169916644957,True,False,False
2026-09-02,2021-01-01,IXC,Not selected,IXC was not selected for final allocation in this rebalance.,11.78782612708025,77.0,False,True,True,True,True,0.0800979234821686,0.03663700540708792,0.055803817749092044,0.11966947694496932,0.044024105846145245,-0.0077178620528455255,0.2151031962635018,0.1411142480825251,,,0.0,0.0,,,,0.0,0.0,0.0,0.8294491525423728,0.0,0.0,0.1118114577266168,0.0,0.0,0.0,0.0,0.0,0.0,0.0,0.0,0.0,0.0,0.2,0.22288169916644957,False,False,False
2026-09-02,2021-01-01,USMV,Not selected,USMV was not selected for final allocation in this rebalance.,11.782064488261707,78.0,False,True,True,True,True,0.01692530535766812,0.037226691018393154,0.052088960482876256,0.05478206948900288,0.04030924857992946,-0.07260526950881196,0.08798129136265281,0.05502470385627931,,,0.0,0.0,,,,0.0,0.0,0.0,0.8294491525423728,0.0,0.0,0.1118114577266168,0.0,0.0,0.0,0.0,0.0,0.0,0.0,0.0,0.0,0.0,0.2,0.22288169916644957,False,False,False
2026-09-02,2021-01-01,EWU,Not selected,EWU was not selected for final allocation in this rebalance.,11.768322920423943,79.0,False,True,True,True,True,0.003920326190891554,0.061048218057419223,0.05066577446809095,0.0652078731764687,0.03888606256514415,-0.06217946582134615,0.12597508033823426,0.07169425077684934,,,0.0,0.0,,,,0.0,0.0,0.0,0.8294491525423728,0.0,0.0,0.1118114577266168,0.0,0.0,0.0,0.0,0.0,0.0,0.0,0.0,0.0,0.0,0.2,0.22288169916644957,False,False,False
2026-09-02,2021-01-01,VWO,Not selected,VWO was not selected for final allocation in this rebalance.,11.755389807507322,80.0,False,True,True,True,True,0.01960366846490924,0.0953750815807981,0.015737589077908787,0.11684845152483114,0.003957877174961988,-0.010538887472983705,0.1845842314268387,0.13645681321199393,,,0.0,0.0,,,,0.0,0.0,0.0,0.8294491525423728,0.0,0.0,0.1118114577266168,0.0,0.0,0.0,0.0,0.0,0.0,0.0,0.0,0.0,0.0,0.2,0.22288169916644957,False,False,False
2026-09-02,2021-01-01,FNDC,Not selected,FNDC was not selected for final allocation in this rebalance.,11.537854603595044,82.0,False,True,True,True,True,0.010245254236232126,0.07305518477735329,0.031173785898519712,0.0840489079549045,0.019394073995572914,-0.04333843104291035,0.14813946464790767,0.10144882518649266,,,0.0,0.0,,,,0.0,0.0,0.0,0.8294491525423728,0.0,0.0,0.1118114577266168,0.0,0.0,0.0,0.0,0.0,0.0,0.0,0.0,0.0,0.0,0.2,0.22288169916644957,False,False,False
2026-09-02,2021-01-01,FTCS,Not selected,FTCS was not selected for final allocation in this rebalance.,11.432571612942954,83.0,False,True,True,True,True,0.0051826824670684335,0.030458596198814636,0.07940873147894756,0.035799135898374246,0.06762901957600076,-0.0915882030994406,0.12208547842883753,0.06992579527079508,,,0.0,0.0,,,,0.0,0.0,0.0,0.8294491525423728,0.0,0.0,0.1118114577266168,0.0,0.0,0.0,0.0,0.0,0.0,0.0,0.0,0.0,0.0,0.2,0.22288169916644957,False,False,False
2026-09-02,2021-01-01,EWL,Not selected,EWL was not selected for final allocation in this rebalance.,11.421440931159738,84.0,False,True,True,True,True,-0.005979595823706663,0.06986243337524778,0.04953995319590687,0.06346508843669652,0.03776024129296007,-0.06392225056111833,0.1501468796353162,0.07841775218005949,,,0.0,0.0,,,,0.0,0.0,0.0,0.8294491525423728,0.0,0.0,0.1118114577266168,0.0,0.0,0.0,0.0,0.0,0.0,0.0,0.0,0.0,0.0,0.2,0.22288169916644957,False,False,False
2026-09-02,2021-01-01,SCZ,Not selected,SCZ was not selected for final allocation in this rebalance.,11.411423887808324,85.0,False,True,True,True,True,0.010600729972232381,0.07143597194252371,0.027447402461653114,0.08279397536362287,0.015667690558706315,-0.044593363634191974,0.14520096828079537,0.10110383580521595,,,0.0,0.0,,,,0.0,0.0,0.0,0.8294491525423728,0.0,0.0,0.1118114577266168,0.0,0.0,0.0,0.0,0.0,0.0,0.0,0.0,0.0,0.0,0.2,0.22288169916644957,False,False,False
2026-09-02,2021-01-01,SCHA,Not selected,SCHA was not selected for final allocation in this rebalance.,11.373306988471102,86.0,False,False,True,True,True,-0.0041489764347490965,0.16505342576011706,0.008308611021961454,0.16021964655141452,-0.003471100880985345,0.03283230755359967,0.20805842074823933,0.13847369700874093,,,0.0,0.0,,,,0.0,0.0,0.0,0.8294491525423728,0.0,0.0,0.1118114577266168,0.0,0.0,0.0,0.0,0.0,0.0,0.0,0.0,0.0,0.0,0.2,0.22288169916644957,False,False,False
2026-09-02,2021-01-01,EWA,Not selected,EWA was not selected for final allocation in this rebalance.,11.311254721097171,87.0,False,True,True,True,True,-0.0008289526051896701,0.068284588887922,0.05159381817000952,0.06739903159487937,0.03981410626706272,-0.05998830740293548,0.16709849635693172,0.10936162513761903,,,0.0,0.0,,,,0.0,0.0,0.0,0.8294491525423728,0.0,0.0,0.1118114577266168,0.0,0.0,0.0,0.0,0.0,0.0,0.0,0.0,0.0,0.0,0.2,0.22288169916644957,False,False,False
2026-09-02,2021-01-01,ECH,Not selected,ECH was not selected for final allocation in this rebalance.,11.210831481908581,88.0,False,True,True,True,True,0.01799710371908958,0.06791931611258617,0.059144928161098065,0.08713877080828336,0.047365216258151266,-0.040248568189531486,0.22457087306541906,0.14305204028026688,,,0.0,0.0,,,,0.0,0.0,0.0,0.8294491525423728,0.0,0.0,0.1118114577266168,0.0,0.0,0.0,0.0,0.0,0.0,0.0,0.0,0.0,0.0,0.2,0.22288169916644957,False,False,False
2026-09-02,2021-01-01,FNDA,Not selected,FNDA was not selected for final allocation in this rebalance.,11.198209106826434,89.0,False,False,True,True,True,-0.017942967321016523,0.13269212330612867,0.027556555484105072,0.11236826555287394,0.015776843581158273,-0.015019073444940911,0.1396735463182321,0.09336477072104714,,,0.0,0.0,,,,0.0,0.0,0.0,0.8294491525423728,0.0,0.0,0.1118114577266168,0.0,0.0,0.0,0.0,0.0,0.0,0.0,0.0,0.0,0.0,0.2,0.22288169916644957,False,False,False
2026-09-02,2021-01-01,BKLN,Not selected,BKLN was not selected for final allocation in this rebalance.,11.14155469632939,90.0,False,True,True,True,True,0.007480549988026164,0.027813526843176284,0.016903159709824145,0.03550213730909624,0.005123447806877346,-0.09188520168871861,0.016325149016107626,0.00957011662306954,,,0.0,0.0,,,,0.0,0.0,0.0,0.8294491525423728,0.0,0.0,0.1118114577266168,0.0,0.0,0.0,0.0,0.0,0.0,0.0,0.0,0.0,0.0,0.2,0.22288169916644957,False,False,False
2026-09-02,2021-01-01,JEPI,Not selected,JEPI was not selected for final allocation in this rebalance.,10.871956146574368,92.0,False,True,True,True,True,0.006105736433552833,0.016535208526214484,0.05250471719272953,0.022741904584902217,0.040725005289782734,-0.10464543441291263,0.06914836928644327,0.04521849044430109,,,0.0,0.0,,,,0.0,0.0,0.0,0.8294491525423728,0.0,0.0,0.1118114577266168,0.0,0.0,0.0,0.0,0.0,0.0,0.0,0.0,0.0,0.0,0.2,0.22288169916644957,False,False,False
2026-09-02,2021-01-01,KSA,Not selected,KSA was not selected for final allocation in this rebalance.,10.603218924667866,93.0,False,True,True,True,True,0.02747489996578878,0.031369683424133266,0.029579202372576052,0.059706462303958485,0.017799490469629253,-0.06768087669385636,0.12323854090124946,0.07530889000846638,,,0.0,0.0,,,,0.0,0.0,0.0,0.8294491525423728,0.0,0.0,0.1118114577266168,0.0,0.0,0.0,0.0,0.0,0.0,0.0,0.0,0.0,0.0,0.2,0.22288169916644957,False,False,False
2026-09-02,2021-01-01,XT,Not selected,XT was not selected for final allocation in this rebalance.,10.568069541906981,94.0,False,True,True,False,True,0.004033651059834664,0.1670507166512849,-0.01453564088361392,0.1717581920113862,-0.02631535278656072,0.044370853013571354,0.20626078444274612,0.14872992817375102,,,0.0,0.0,,,,0.0,0.0,0.0,0.8294491525423728,0.0,0.0,0.1118114577266168,0.0,0.0,0.0,0.0,0.0,0.0,0.0,0.0,0.0,0.0,0.2,0.22288169916644957,False,False,False
2026-09-02,2021-01-01,EWN,Not selected,EWN was not selected for final allocation in this rebalance.,10.543470147194338,95.0,False,False,True,True,True,-0.008302438615173435,0.16685460249550332,0.010230497851158482,0.15716686378545175,-0.0015492140517883168,0.029779524787636902,0.26034732206722366,0.17219088774120714,,,0.0,0.0,,,,0.0,0.0,0.0,0.8294491525423728,0.0,0.0,0.1118114577266168,0.0,0.0,0.0,0.0,0.0,0.0,0.0,0.0,0.0,0.0,0.2,0.22288169916644957,False,False,False
2026-09-02,2021-01-01,EBND,Not selected,EBND was not selected for final allocation in this rebalance.,10.464934857206002,96.0,False,True,True,True,True,0.010753849382815872,0.01780187752888196,0.03111209240666546,0.028747165621374693,0.01933238050371866,-0.09864017337644015,0.06570548724739461,0.041628346148455564,,,0.0,0.0,,,,0.0,0.0,0.0,0.8294491525423728,0.0,0.0,0.1118114577266168,0.0,0.0,0.0,0.0,0.0,0.0,0.0,0.0,0.0,0.0,0.2,0.22288169916644957,False,False,False
2026-09-02,2021-01-01,BBJP,Not selected,BBJP was not selected for final allocation in this rebalance.,10.451773337863811,97.0,False,True,True,True,True,0.004362384088738347,0.09540779449467207,0.011473392752699985,0.10018638402805569,-0.00030631915024681433,-0.02720095496975916,0.2280872404015917,0.16070094651750338,,,0.0,0.0,,,,0.0,0.0,0.0,0.8294491525423728,0.0,0.0,0.1118114577266168,0.0,0.0,0.0,0.0,0.0,0.0,0.0,0.0,0.0,0.0,0.2,0.22288169916644957,False,False,False
2026-09-02,2021-01-01,SHYG,Not selected,SHYG was not selected for final allocation in this rebalance.,10.430307702809099,98.0,False,True,True,True,True,0.003360671822763006,0.02152095101185303,0.010195731988663415,0.02495394768828052,-0.0015839799142833844,-0.10243339130953433,0.023412745853052953,0.014988346715202414,,,0.0,0.0,,,,0.0,0.0,0.0,0.8294491525423728,0.0,0.0,0.1118114577266168,0.0,0.0,0.0,0.0,0.0,0.0,0.0,0.0,0.0,0.0,0.2,0.22288169916644957,False,False,False
2026-09-02,2021-01-01,ARKK,Not selected,ARKK was not selected for final allocation in this rebalance.,10.336270445959089,99.0,False,True,True,True,True,0.123428285360631,0.029598628255652848,0.0688493499163596,0.15668022155090577,0.057069638013412805,0.029292882553090926,0.39544747039027356,0.25801831837513256,,,0.0,0.0,,,,0.0,0.0,0.0,0.8294491525423728,0.0,0.0,0.1118114577266168,0.0,0.0,0.0,0.0,0.0,0.0,0.0,0.0,0.0,0.0,0.2,0.22288169916644957,False,False,False
2026-09-02,2021-01-01,USHY,Not selected,USHY was not selected for final allocation in this rebalance.,10.257116697770293,100.0,False,True,True,True,True,0.0016973886018758488,0.0210979864047951,0.009056019853181496,0.022831186488317057,-0.0027236920497653028,-0.10455615250949779,0.0278806984063799,0.01819704568138484,,,0.0,0.0,,,,0.0,0.0,0.0,0.8294491525423728,0.0,0.0,0.1118114577266168,0.0,0.0,0.0,0.0,0.0,0.0,0.0,0.0,0.0,0.0,0.2,0.22288169916644957,False,False,False
2026-09-02,2021-01-01,ANGL,Not selected,ANGL was not selected for final allocation in this rebalance.,10.114400307289646,101.0,False,True,True,True,True,0.0020119560993434593,0.019688234960564488,0.00961351161771029,0.021739802924322094,-0.002166200285236508,-0.10564753607349275,0.034781779412548126,0.023091533128960402,,,0.0,0.0,,,,0.0,0.0,0.0,0.8294491525423728,0.0,0.0,0.1118114577266168,0.0,0.0,0.0,0.0,0.0,0.0,0.0,0.0,0.0,0.0,0.2,0.22288169916644957,False,False,False
2026-09-02,2021-01-01,EMXC,Not selected,EMXC was not selected for final allocation in this rebalance.,10.096418307909817,102.0,False,True,True,False,True,0.042117586399255336,0.1923940564155484,-0.0196444167127936,0.24261481610858882,-0.0314241286157404,0.11522747711077397,0.3799620813892852,0.28461370626174964,,,0.0,0.0,,,,0.0,0.0,0.0,0.8294491525423728,0.0,0.0,0.1118114577266168,0.0,0.0,0.0,0.0,0.0,0.0,0.0,0.0,0.0,0.0,0.2,0.22288169916644957,False,False,False
2026-09-02,2021-01-01,EFG,Not selected,EFG was not selected for final allocation in this rebalance.,9.987070244684192,103.0,False,True,True,True,True,-0.004371936308561364,0.08245915782416957,0.00885436255043981,0.07772671532954334,-0.0029253493525069896,-0.04966062366827151,0.19956829518481284,0.13698833022768675,,,0.0,0.0,,,,0.0,0.0,0.0,0.8294491525423728,0.0,0.0,0.1118114577266168,0.0,0.0,0.0,0.0,0.0,0.0,0.0,0.0,0.0,0.0,0.2,0.22288169916644957,False,False,False
2026-09-02,2021-01-01,PICK,Not selected,PICK was not selected for final allocation in this rebalance.,9.969390799377361,104.0,False,True,True,True,True,0.05633777286111741,0.08489850485791561,0.010718140459398118,0.14601927040196694,-0.0010615714435486812,0.01863193140415209,0.3335253030396344,0.23470373381865645,,,0.0,0.0,,,,0.0,0.0,0.0,0.8294491525423728,0.0,0.0,0.1118114577266168,0.0,0.0,0.0,0.0,0.0,0.0,0.0,0.0,0.0,0.0,0.2,0.22288169916644957,False,False,False
2026-09-02,2021-01-01,XLB,Not selected,XLB was not selected for final allocation in this rebalance.,9.966046831266356,105.0,False,True,True,True,True,0.01581423882807287,0.04410379614126869,0.03975983567442376,0.06061550293474438,0.02798012377147696,-0.06677183606307047,0.1961097379841173,0.12907157549108253,,,0.0,0.0,,,,0.0,0.0,0.0,0.8294491525423728,0.0,0.0,0.1118114577266168,0.0,0.0,0.0,0.0,0.0,0.0,0.0,0.0,0.0,0.0,0.2,0.22288169916644957,False,False,False
2026-09-02,2021-01-01,PHO,Not selected,PHO was not selected for final allocation in this rebalance.,9.907631310171489,106.0,False,True,True,True,True,-0.02028112711199559,0.03728476203086051,0.07545884244667866,0.01624745792077653,0.06367913054373187,-0.11113988107703832,0.18071349675464243,0.1093573905195545,,,0.0,0.0,,,,0.0,0.0,0.0,0.8294491525423728,0.0,0.0,0.1118114577266168,0.0,0.0,0.0,0.0,0.0,0.0,0.0,0.0,0.0,0.0,0.2,0.22288169916644957,False,False,False
2026-09-02,2021-01-01,EWD,Not selected,EWD was not selected for final allocation in this rebalance.,9.760101858755553,107.0,False,True,True,True,True,-0.010245048723859784,0.05317023210177085,0.03680200319244431,0.04238045175936955,0.02502229128949751,-0.0850068872384453,0.17729313405099892,0.12074414745777325,,,0.0,0.0,,,,0.0,0.0,0.0,0.8294491525423728,0.0,0.0,0.1118114577266168,0.0,0.0,0.0,0.0,0.0,0.0,0.0,0.0,0.0,0.0,0.2,0.22288169916644957,False,False,False
2026-09-02,2021-01-01,VUG,Not selected,VUG was not selected for final allocation in this rebalance.,9.663180012804617,108.0,False,True,True,False,True,-0.0062593078177742845,0.14914561706400398,-0.009955157055547392,0.14195276091935427,-0.02173486895849419,0.014565421921539423,0.20174121704105866,0.13836042779764773,,,0.0,0.0,,,,0.0,0.0,0.0,0.8294491525423728,0.0,0.0,0.1118114577266168,0.0,0.0,0.0,0.0,0.0,0.0,0.0,0.0,0.0,0.0,0.2,0.22288169916644957,False,False,False
2026-09-02,2021-01-01,SUSB,Not selected,SUSB was not selected for final allocation in this rebalance.,9.459421211738817,109.0,False,True,True,True,True,-0.00016822206114108784,0.004812525545196067,0.0037808263186791535,0.0046434939110886475,-0.007998885584267645,-0.1227438450867262,0.020428423834680343,0.013804479456294233,,,0.0,0.0,,,,0.0,0.0,0.0,0.8294491525423728,0.0,0.0,0.1118114577266168,0.0,0.0,0.0,0.0,0.0,0.0,0.0,0.0,0.0,0.0,0.2,0.22288169916644957,False,False,False
2026-09-02,2021-01-01,JMOM,Not selected,JMOM was not selected for final allocation in this rebalance.,9.4221796487641,110.0,False,False,True,False,True,-0.01399408030843663,0.19513664304720013,-0.00723915534451558,0.1784118048848422,-0.01901886724746238,0.05102446588702736,0.2027330790400948,0.14099307552531654,,,0.0,0.0,,,,0.0,0.0,0.0,0.8294491525423728,0.0,0.0,0.1118114577266168,0.0,0.0,0.0,0.0,0.0,0.0,0.0,0.0,0.0,0.0,0.2,0.22288169916644957,False,False,False
2026-09-02,2021-01-01,UAE,Not selected,UAE was not selected for final allocation in this rebalance.,9.321370309381436,111.0,False,True,True,True,True,-0.025513544670164312,0.05844752501200401,0.06153790407905779,0.03144277680158525,0.049758192176110994,-0.0959445621962296,0.23737513259950646,0.13296350212267907,,,0.0,0.0,,,,0.0,0.0,0.0,0.8294491525423728,0.0,0.0,0.1118114577266168,0.0,0.0,0.0,0.0,0.0,0.0,0.0,0.0,0.0,0.0,0.2,0.22288169916644957,False,False,False
2026-09-02,2021-01-01,VBK,Not selected,VBK was not selected for final allocation in this rebalance.,9.236154328027833,112.0,False,True,True,False,True,0.0033780425298926,0.12935053472298308,-0.0050329916716345124,0.1331655288604343,-0.01681270357458131,0.005778189862619465,0.20504148372238204,0.14365924871498456,,,0.0,0.0,,,,0.0,0.0,0.0,0.8294491525423728,0.0,0.0,0.1118114577266168,0.0,0.0,0.0,0.0,0.0,0.0,0.0,0.0,0.0,0.0,0.2,0.22288169916644957,False,False,False
2026-09-02,2021-01-01,ESGE,Not selected,ESGE was not selected for final allocation in this rebalance.,9.210920802459892,113.0,False,True,True,False,True,0.03137330306566666,0.15118906755023698,-0.010685820389977563,0.1873056710523726,-0.02246553229292436,0.059918332054557766,0.315212643051146,0.23842914548359814,,,0.0,0.0,,,,0.0,0.0,0.0,0.8294491525423728,0.0,0.0,0.1118114577266168,0.0,0.0,0.0,0.0,0.0,0.0,0.0,0.0,0.0,0.0,0.2,0.22288169916644957,False,False,False
2026-09-02,2021-01-01,SDIV,Not selected,SDIV was not selected for final allocation in this rebalance.,9.14671995285594,114.0,False,True,True,True,True,0.013971045340548605,0.0016249253017974752,0.02473279430440467,0.015618672547412338,0.012953082401457872,-0.11176866645040251,0.09866873623391612,0.06288003341518975,,,0.0,0.0,,,,0.0,0.0,0.0,0.8294491525423728,0.0,0.0,0.1118114577266168,0.0,0.0,0.0,0.0,0.0,0.0,0.0,0.0,0.0,0.0,0.2,0.22288169916644957,False,False,False
2026-09-02,2021-01-01,EWM,Not selected,EWM was not selected for final allocation in this rebalance.,9.137800688167664,115.0,False,True,True,True,True,0.0026394804335161393,0.016806928486153394,0.031782518696894746,0.019490770478556296,0.020002806793947947,-0.10789656851925855,0.13318792850179775,0.0907384439235265,,,0.0,0.0,,,,0.0,0.0,0.0,0.8294491525423728,0.0,0.0,0.1118114577266168,0.0,0.0,0.0,0.0,0.0,0.0,0.0,0.0,0.0,0.0,0.2,0.22288169916644957,False,False,False
2026-09-02,2021-01-01,TDIV,Not selected,TDIV was not selected for final allocation in this rebalance.,8.922977825408026,116.0,False,True,True,False,True,0.002711665024237808,0.17989796218368026,-0.07001091546531846,0.18309745021990298,-0.08179062736826526,0.05571011122208813,0.23510990334487814,0.18314699335166656,,,0.0,0.0,,,,0.0,0.0,0.0,0.8294491525423728,0.0,0.0,0.1118114577266168,0.0,0.0,0.0,0.0,0.0,0.0,0.0,0.0,0.0,0.0,0.2,0.22288169916644957,False,False,False
2026-09-02,2021-01-01,TUR,Not selected,TUR was not selected for final allocation in this rebalance.,8.739788512903132,117.0,False,True,True,True,True,0.029400410172255587,0.010197123651976892,0.028216099022108754,0.03989733344217772,0.016436387119161955,-0.08749000555563713,0.18383337401700767,0.11294474469356139,,,0.0,0.0,,,,0.0,0.0,0.0,0.8294491525423728,0.0,0.0,0.1118114577266168,0.0,0.0,0.0,0.0,0.0,0.0,0.0,0.0,0.0,0.0,0.2,0.22288169916644957,False,False,False
2026-09-02,2021-01-01,XLP,Not selected,XLP was not selected for final allocation in this rebalance.,8.710236000248072,118.0,False,True,True,True,True,0.00012071311159744802,0.011657826866305898,0.0474457136198938,0.01177994723045872,0.035666001716947004,-0.11560739176735613,0.17198070414426142,0.11081222803409332,,,0.0,0.0,,,,0.0,0.0,0.0,0.8294491525423728,0.0,0.0,0.1118114577266168,0.0,0.0,0.0,0.0,0.0,0.0,0.0,0.0,0.0,0.0,0.2,0.22288169916644957,False,False,False
2026-09-02,2021-01-01,EWQ,Not selected,EWQ was not selected for final allocation in this rebalance.,8.6437942282212,119.0,False,False,True,True,True,-0.03463155217995495,0.09925282400560076,0.015105268482910494,0.061183992472087834,0.0033255565799636955,-0.06620334652572701,0.15365769665343507,0.10232158904973854,,,0.0,0.0,,,,0.0,0.0,0.0,0.8294491525423728,0.0,0.0,0.1118114577266168,0.0,0.0,0.0,0.0,0.0,0.0,0.0,0.0,0.0,0.0,0.2,0.22288169916644957,False,False,False
2026-09-02,2021-01-01,AVEM,Not selected,AVEM was not selected for final allocation in this rebalance.,8.299766350969598,120.0,False,True,True,False,True,0.03385429110994398,0.1319439584442954,-0.01715959487967711,0.17026511873361083,-0.028939306782623908,0.042877779735795984,0.3122270148146397,0.2332279561980988,,,0.0,0.0,,,,0.0,0.0,0.0,0.8294491525423728,0.0,0.0,0.1118114577266168,0.0,0.0,0.0,0.0,0.0,0.0,0.0,0.0,0.0,0.0,0.2,0.22288169916644957,False,False,False
2026-09-02,2021-01-01,XSOE,Not selected,XSOE was not selected for final allocation in this rebalance.,8.175060314897495,121.0,False,True,True,False,True,0.022892273999371326,0.14744527217857084,-0.0276193400200897,0.17371290374856585,-0.0393990519230365,0.046325564750751,0.3195721431102177,0.24172366965643213,,,0.0,0.0,,,,0.0,0.0,0.0,0.8294491525423728,0.0,0.0,0.1118114577266168,0.0,0.0,0.0,0.0,0.0,0.0,0.0,0.0,0.0,0.0,0.2,0.22288169916644957,False,False,False
2026-09-02,2021-01-01,EWY,Not selected,EWY was not selected for final allocation in this rebalance.,8.072527838585367,122.0,False,True,True,False,True,0.05649637900378246,0.3451566904979575,-0.12391137995577062,0.4211531727038038,-0.13569109185871742,0.29376583370598897,0.7695932656187953,0.5659275685389356,,,0.0,0.0,,,,0.0,0.0,0.0,0.8294491525423728,0.0,0.0,0.1118114577266168,0.0,0.0,0.0,0.0,0.0,0.0,0.0,0.0,0.0,0.0,0.2,0.22288169916644957,False,False,False
2026-09-02,2021-01-01,EWH,Not selected,EWH was not selected for final allocation in this rebalance.,8.050404930089917,123.0,False,True,True,True,True,0.01347528753082039,-0.006659062401469185,0.03488974344923412,0.006726492348805735,0.023110031546287324,-0.12066084664900911,0.16433375692236793,0.11060754751830852,,,0.0,0.0,,,,0.0,0.0,0.0,0.8294491525423728,0.0,0.0,0.1118114577266168,0.0,0.0,0.0,0.0,0.0,0.0,0.0,0.0,0.0,0.0,0.2,0.22288169916644957,False,False,False
2026-09-02,2021-01-01,VPL,Removed,VPL was previously held but was removed or reduced to zero by the latest rebalance.,7.971073997502709,124.0,False,True,True,False,True,0.01988966072396381,0.13252524776999097,-0.011244041881435463,0.15505079070945915,-0.02302375378438226,0.027663451711644305,0.316767802214002,0.23132740127770365,,,0.0,0.0,,,,0.0,0.0,0.0,0.8294491525423728,0.0,0.0,0.1118114577266168,0.0,0.0,0.03032397466580209,0.0,0.024704552181616865,0.0,0.0,0.0,-0.03032397466580209,0.015161987332901045,0.2,0.22288169916644957,True,False,False
2026-09-02,2021-01-01,EWW,Not selected,EWW was not selected for final allocation in this rebalance.,7.942963058078185,125.0,False,True,True,True,True,-0.0033137217774509287,0.03413360049028169,0.0024645616678315996,0.030706769457543137,-0.0093151502351152,-0.09668056954027171,0.18787836819676626,0.12361807379648425,,,0.0,0.0,,,,0.0,0.0,0.0,0.8294491525423728,0.0,0.0,0.1118114577266168,0.0,0.0,0.0,0.0,0.0,0.0,0.0,0.0,0.0,0.0,0.2,0.22288169916644957,False,False,False
2026-09-02,2021-01-01,XRT,Not selected,XRT was not selected for final allocation in this rebalance.,7.764579782971551,126.0,False,False,True,True,True,-0.046342596992443474,0.0854882798610912,0.045989106745886854,0.03518393396746777,0.034209394842940055,-0.09220340503034707,0.2092426080775845,0.13344160384571271,,,0.0,0.0,,,,0.0,0.0,0.0,0.8294491525423728,0.0,0.0,0.1118114577266168,0.0,0.0,0.0,0.0,0.0,0.0,0.0,0.0,0.0,0.0,0.2,0.22288169916644957,False,False,False
2026-09-02,2021-01-01,VNQ,Not selected,VNQ was not selected for final allocation in this rebalance.,7.719126363412883,127.0,False,False,True,True,True,-0.02184636757288927,0.06638447190798025,0.015731404969923313,0.04308784476065708,0.003951693066976514,-0.08429949423715777,0.1516441932524707,0.09755535702627861,,,0.0,0.0,,,,0.0,0.0,0.0,0.8294491525423728,0.0,0.0,0.1118114577266168,0.0,0.0,0.0,0.0,0.0,0.0,0.0,0.0,0.0,0.0,0.2,0.22288169916644957,False,False,False
2026-09-02,2021-01-01,QQQM,Not selected,QQQM was not selected for final allocation in this rebalance.,7.240929516326731,128.0,False,False,True,False,True,-0.008767772271800256,0.18098699612501123,-0.038829823799544916,0.17063237108702967,-0.050609535702491715,0.04324503208921482,0.2532225268019878,0.17873394154199812,,,0.0,0.0,,,,0.0,0.0,0.0,0.8294491525423728,0.0,0.0,0.1118114577266168,0.0,0.0,0.0,0.0,0.0,0.0,0.0,0.0,0.0,0.0,0.2,0.22288169916644957,False,False,False
2026-09-02,2021-01-01,EZA,Not selected,EZA was not selected for final allocation in this rebalance.,7.15211491037103,129.0,False,True,True,True,True,0.06840639099392587,-0.0434753228974879,0.07827099649718017,0.021957078159725363,0.06649128459423337,-0.10543026083808948,0.3023323799565663,0.19668100187690207,,,0.0,0.0,,,,0.0,0.0,0.0,0.8294491525423728,0.0,0.0,0.1118114577266168,0.0,0.0,0.0,0.0,0.0,0.0,0.0,0.0,0.0,0.0,0.2,0.22288169916644957,False,False,False
2026-09-02,2021-01-01,XLI,Not selected,XLI was not selected for final allocation in this rebalance.,6.593689492874052,130.0,False,False,True,True,True,-0.05588297274843079,0.08876786350918953,0.0011867947061152684,0.027924278663338242,-0.01059291719683153,-0.0994630603344766,0.1858693600268349,0.13384244265365633,,,0.0,0.0,,,,0.0,0.0,0.0,0.8294491525423728,0.0,0.0,0.1118114577266168,0.0,0.0,0.0,0.0,0.0,0.0,0.0,0.0,0.0,0.0,0.2,0.22288169916644957,False,False,False
2026-09-02,2021-01-01,SLVP,Not selected,SLVP was not selected for final allocation in this rebalance.,6.306487978349679,131.0,False,True,True,True,True,0.24746244194716382,-0.1557849695337592,0.21390008419951623,0.053126543433916096,0.20212037229656943,-0.07426079556389875,0.5809361191810448,0.36827242190410053,,,0.0,0.0,,,,0.0,0.0,0.0,0.8294491525423728,0.0,0.0,0.1118114577266168,0.0,0.0,0.0,0.0,0.0,0.0,0.0,0.0,0.0,0.0,0.2,0.22288169916644957,False,False,False
2026-09-02,2021-01-01,VOT,Not selected,VOT was not selected for final allocation in this rebalance.,6.00965726735115,132.0,False,False,True,False,True,-0.013795920311307719,0.11028819773283272,-0.00768699085544966,0.09497075023432511,-0.01946670275839646,-0.03241658876348974,0.1902792524494423,0.13190924963574494,,,0.0,0.0,,,,0.0,0.0,0.0,0.8294491525423728,0.0,0.0,0.1118114577266168,0.0,0.0,0.0,0.0,0.0,0.0,0.0,0.0,0.0,0.0,0.2,0.22288169916644957,False,False,False
2026-09-02,2021-01-01,BLOK,Not selected,BLOK was not selected for final allocation in this rebalance.,5.476818556548358,133.0,False,True,True,False,True,0.04337378844755024,0.10789894371879516,-0.040947083205151724,0.1559527181249183,-0.05272679510809852,0.02856537912710344,0.39795006281271916,0.28015857575519026,,,0.0,0.0,,,,0.0,0.0,0.0,0.8294491525423728,0.0,0.0,0.1118114577266168,0.0,0.0,0.0,0.0,0.0,0.0,0.0,0.0,0.0,0.0,0.2,0.22288169916644957,False,False,False
2026-09-02,2021-01-01,INDA,Not selected,INDA was not selected for final allocation in this rebalance.,4.681308067335881,134.0,False,True,True,True,False,-0.010353679166779206,-0.0011911367851105137,0.03684105134451432,-0.011532483303772989,0.02506133944156752,-0.13891982230158784,0.13052668267650808,0.0824237339979685,,,0.0,0.0,,,,0.0,0.0,0.0,0.8294491525423728,0.0,0.0,0.1118114577266168,0.0,0.0,0.0,0.0,0.0,0.0,0.0,0.0,0.0,0.0,0.2,0.22288169916644957,False,False,False
2026-09-02,2021-01-01,ICVT,Not selected,ICVT was not selected for final allocation in this rebalance.,4.662600712254852,135.0,False,False,True,False,True,-0.013268693143271837,0.13012034575283904,-0.06511739183707999,0.11512512567007627,-0.07689710374002678,-0.01226221332773858,0.21882035155300927,0.1601759742286909,,,0.0,0.0,,,,0.0,0.0,0.0,0.8294491525423728,0.0,0.0,0.1118114577266168,0.0,0.0,0.0,0.0,0.0,0.0,0.0,0.0,0.0,0.0,0.2,0.22288169916644957,False,False,False
2026-09-02,2021-01-01,VWOB,Not selected,VWOB was not selected for final allocation in this rebalance.,4.2630559920600986,136.0,False,False,True,False,True,-0.0015135025782925249,0.006101190857877636,-0.004008700844664537,0.004578454111491048,-0.015788412747611336,-0.1228088848863238,0.050499805046038584,0.03549276714487895,,,0.0,0.0,,,,0.0,0.0,0.0,0.8294491525423728,0.0,0.0,0.1118114577266168,0.0,0.0,0.0,0.0,0.0,0.0,0.0,0.0,0.0,0.0,0.2,0.22288169916644957,False,False,False
2026-09-02,2021-01-01,KOMP,Not selected,KOMP was not selected for final allocation in this rebalance.,2.7775792870292646,137.0,False,False,True,False,True,-0.012109391334174324,0.12298170827181232,-0.08137718890376844,0.10938308330522939,-0.09315690080671524,-0.018004255692585458,0.2900995946362845,0.21599416381887107,,,0.0,0.0,,,,0.0,0.0,0.0,0.8294491525423728,0.0,0.0,0.1118114577266168,0.0,0.0,0.0,0.0,0.0,0.0,0.0,0.0,0.0,0.0,0.2,0.22288169916644957,False,False,False
2026-09-02,2021-01-01,XME,Not selected,XME was not selected for final allocation in this rebalance.,2.7333531566726648,138.0,False,True,True,False,True,0.11425671644332747,-0.007123535185892926,-0.02998110877214033,0.10631926951762583,-0.04176082067508713,-0.021068069480189022,0.4021728006675811,0.28009330705596036,,,0.0,0.0,,,,0.0,0.0,0.0,0.8294491525423728,0.0,0.0,0.1118114577266168,0.0,0.0,0.0,0.0,0.0,0.0,0.0,0.0,0.0,0.0,0.2,0.22288169916644957,False,False,False
2026-09-02,2021-01-01,SCHP,Not selected,SCHP was not selected for final allocation in this rebalance.,2.7251956461714824,139.0,False,True,True,False,False,0.0041293913602311605,-0.00448687883010912,-0.004316196227283187,-0.0003760155485533767,-0.016095908130229986,-0.12776335454636822,0.033981746104283436,0.025339288076002695,,,0.0,0.0,,,,0.0,0.0,0.0,0.8294491525423728,0.0,0.0,0.1118114577266168,0.0,0.0,0.0,0.0,0.0,0.0,0.0,0.0,0.0,0.0,0.2,0.22288169916644957,False,False,False
2026-09-02,2021-01-01,IHI,Not selected,IHI was not selected for final allocation in this rebalance.,2.6309685880619456,140.0,False,True,True,True,False,0.023319748498175752,-0.06974954788405963,0.10398780718778955,-0.048056341300401706,0.09220809528484275,-0.17544368029821655,0.26421321851948726,0.1674751806928524,,,0.0,0.0,,,,0.0,0.0,0.0,0.8294491525423728,0.0,0.0,0.1118114577266168,0.0,0.0,0.0,0.0,0.0,0.0,0.0,0.0,0.0,0.0,0.2,0.22288169916644957,False,False,False
2026-09-02,2021-01-01,OIH,Not selected,OIH was not selected for final allocation in this rebalance.,2.575708135563534,141.0,False,True,True,False,True,0.06416596435557476,0.016982258650557247,-0.06652449484657263,0.08223790600938075,-0.07830420674951943,-0.0451494329884341,0.3170998942338079,0.22211452349605804,,,0.0,0.0,,,,0.0,0.0,0.0,0.8294491525423728,0.0,0.0,0.1118114577266168,0.0,0.0,0.0,0.0,0.0,0.0,0.0,0.0,0.0,0.0,0.2,0.22288169916644957,False,False,False
2026-09-02,2021-01-01,EIS,Not selected,EIS was not selected for final allocation in this rebalance.,1.8672793986690217,142.0,False,True,True,False,True,0.048539182467210784,-0.03824200408352485,-0.01976386473298597,0.008440942769563975,-0.03154357663593277,-0.11894639622825087,0.26806968249861335,0.18386158478273804,,,0.0,0.0,,,,0.0,0.0,0.0,0.8294491525423728,0.0,0.0,0.1118114577266168,0.0,0.0,0.0,0.0,0.0,0.0,0.0,0.0,0.0,0.0,0.2,0.22288169916644957,False,False,False
2026-09-02,2021-01-01,PAVE,Not selected,PAVE was not selected for final allocation in this rebalance.,0.33299295208842483,143.0,False,False,False,False,True,-0.055081660368265006,0.10802168342371643,-0.036336641117148405,0.04699000937669795,-0.048116353020095204,-0.0803973296211169,0.21332402053395824,0.16054502672627427,,,0.0,0.0,,,,0.0,0.0,0.0,0.8294491525423728,0.0,0.0,0.1118114577266168,0.0,0.0,0.0,0.0,0.0,0.0,0.0,0.0,0.0,0.0,0.2,0.22288169916644957,False,False,False
2026-09-02,2021-01-01,LIT,Not selected,LIT was not selected for final allocation in this rebalance.,-0.8552033267084458,144.0,False,True,False,False,True,0.03219402296263518,0.055283470580079985,-0.09568623139145094,0.08925729086402456,-0.10746594329439774,-0.038130048133790284,0.33380956251939575,0.24876589684404482,,,0.0,0.0,,,,0.0,0.0,0.0,0.8294491525423728,0.0,0.0,0.1118114577266168,0.0,0.0,0.0,0.0,0.0,0.0,0.0,0.0,0.0,0.0,0.2,0.22288169916644957,False,False,False
2026-09-02,2021-01-01,REM,Not selected,REM was not selected for final allocation in this rebalance.,-1.4508043949577167,145.0,False,False,False,True,False,0.00364475821185839,-0.012447955230778684,0.014749411807243762,-0.008848566805968572,0.002969699904296963,-0.13623590580378342,0.15481623350301055,0.10182548657936026,,,0.0,0.0,,,,0.0,0.0,0.0,0.8294491525423728,0.0,0.0,0.1118114577266168,0.0,0.0,0.0,0.0,0.0,0.0,0.0,0.0,0.0,0.0,0.2,0.22288169916644957,False,False,False
2026-09-02,2021-01-01,GDX,Not selected,GDX was not selected for final allocation in this rebalance.,-1.575527484940241,146.0,False,True,True,True,False,0.1780592910078822,-0.17815752744075652,0.14097222326469105,-0.03182083945669267,0.12919251136174426,-0.15920817845450752,0.5401605210059194,0.33873526812718385,,,0.0,0.0,,,,0.0,0.0,0.0,0.8294491525423728,0.0,0.0,0.1118114577266168,0.0,0.0,0.0,0.0,0.0,0.0,0.0,0.0,0.0,0.0,0.2,0.22288169916644957,False,False,False
2026-09-02,2021-01-01,XLC,Not selected,XLC was not selected for final allocation in this rebalance.,-1.656677919544864,147.0,False,True,True,False,False,0.017221873361478623,-0.05848405984126792,-0.00032897259595376926,-0.04226939155204079,-0.012108684498900568,-0.16965673054985564,0.1955488567495574,0.14144185765035458,,,0.0,0.0,,,,0.0,0.0,0.0,0.8294491525423728,0.0,0.0,0.1118114577266168,0.0,0.0,0.0,0.0,0.0,0.0,0.0,0.0,0.0,0.0,0.2,0.22288169916644957,False,False,False
2026-09-02,2021-01-01,VNQI,Not selected,VNQI was not selected for final allocation in this rebalance.,-2.355482219701204,148.0,False,False,False,True,False,-0.015184324576362984,-0.033291461651308585,0.013574171030347637,-0.04797027786833652,0.0017944591274008381,-0.17535761686615137,0.11923612610432514,0.08417878214929635,,,0.0,0.0,,,,0.0,0.0,0.0,0.8294491525423728,0.0,0.0,0.1118114577266168,0.0,0.0,0.0,0.0,0.0,0.0,0.0,0.0,0.0,0.0,0.2,0.22288169916644957,False,False,False
2026-09-02,2021-01-01,VMBS,Not selected,VMBS was not selected for final allocation in this rebalance.,-2.483294998649806,149.0,False,False,False,False,False,-0.0004869765026741524,-0.004474487896760637,-0.0017047990169516414,-0.004959285428967508,-0.01348451091989844,-0.13234662442678236,0.043771582402647904,0.030935627248459958,,,0.0,0.0,,,,0.0,0.0,0.0,0.8294491525423728,0.0,0.0,0.1118114577266168,0.0,0.0,0.0,0.0,0.0,0.0,0.0,0.0,0.0,0.0,0.2,0.22288169916644957,False,False,False
2026-09-02,2021-01-01,VGIT,Not selected,VGIT was not selected for final allocation in this rebalance.,-2.5713317723610323,150.0,False,False,False,False,False,-0.0018791350441291765,-0.009670282749122516,-0.0011392795922435806,-0.011531246026051156,-0.01291899149519038,-0.138918585023866,0.033760210890070724,0.02380340454696118,,,0.0,0.0,,,,0.0,0.0,0.0,0.8294491525423728,0.0,0.0,0.1118114577266168,0.0,0.0,0.0,0.0,0.0,0.0,0.0,0.0,0.0,0.0,0.2,0.22288169916644957,False,False,False
2026-09-02,2021-01-01,BNDX,Not selected,BNDX was not selected for final allocation in this rebalance.,-2.5733307940931067,151.0,False,False,False,False,False,-0.009270224050567322,-0.0003807040786958371,-0.006377792755513867,-0.009647398917156713,-0.018157504658460666,-0.13703473791497156,0.035204627781861134,0.02486912035564205,,,0.0,0.0,,,,0.0,0.0,0.0,0.8294491525423728,0.0,0.0,0.1118114577266168,0.0,0.0,0.0,0.0,0.0,0.0,0.0,0.0,0.0,0.0,0.2,0.22288169916644957,False,False,False
2026-09-02,2021-01-01,GOVT,Not selected,GOVT was not selected for final allocation in this rebalance.,-2.64876938536091,152.0,False,False,False,False,False,-0.0004094612832312716,-0.010877298442465544,-0.002125447896014654,-0.011282305893118405,-0.013905159798961453,-0.13866964489093325,0.03618718252262171,0.02542537817298037,,,0.0,0.0,,,,0.0,0.0,0.0,0.8294491525423728,0.0,0.0,0.1118114577266168,0.0,0.0,0.0,0.0,0.0,0.0,0.0,0.0,0.0,0.0,0.2,0.22288169916644957,False,False,False
2026-09-02,2021-01-01,BND,Not selected,BND was not selected for final allocation in this rebalance.,-2.6677538463585666,153.0,False,False,False,False,False,-0.0011488730251081325,-0.008685431945243516,-0.003931780625652359,-0.009824326511878367,-0.015711492528599158,-0.13721166550969321,0.038482132480792665,0.027224338251243915,,,0.0,0.0,,,,0.0,0.0,0.0,0.8294491525423728,0.0,0.0,0.1118114577266168,0.0,0.0,0.0,0.0,0.0,0.0,0.0,0.0,0.0,0.0,0.2,0.22288169916644957,False,False,False
2026-09-02,2021-01-01,HYD,Not selected,HYD was not selected for final allocation in this rebalance.,-2.68994155924537,154.0,False,False,False,False,False,-0.006400665023164165,0.005716860764426235,-0.019487026995727685,-0.0007203959694750406,-0.031266738898674484,-0.1281077349672899,0.0390037138655207,0.030485632143771407,,,0.0,0.0,,,,0.0,0.0,0.0,0.8294491525423728,0.0,0.0,0.1118114577266168,0.0,0.0,0.0,0.0,0.0,0.0,0.0,0.0,0.0,0.0,0.2,0.22288169916644957,False,False,False
2026-09-02,2021-01-01,EAGG,Not selected,EAGG was not selected for final allocation in this rebalance.,-2.703103196104386,155.0,False,False,False,False,False,-0.0017931107117259426,-0.008865870323852887,-0.004349291720173398,-0.010643083548532384,-0.016129003623120197,-0.13803042254634723,0.03823650037591147,0.027282427115503216,,,0.0,0.0,,,,0.0,0.0,0.0,0.8294491525423728,0.0,0.0,0.1118114577266168,0.0,0.0,0.0,0.0,0.0,0.0,0.0,0.0,0.0,0.0,0.2,0.22288169916644957,False,False,False
2026-09-02,2021-01-01,SUSC,Not selected,SUSC was not selected for final allocation in this rebalance.,-2.8913244402638516,156.0,False,False,False,False,False,-0.0020435676568603123,-0.008310590132061701,-0.00827334504375965,-0.010337174535718696,-0.02005305694670645,-0.13772451353353354,0.043612090636830615,0.03142679039450831,,,0.0,0.0,,,,0.0,0.0,0.0,0.8294491525423728,0.0,0.0,0.1118114577266168,0.0,0.0,0.0,0.0,0.0,0.0,0.0,0.0,0.0,0.0,0.2,0.22288169916644957,False,False,False
2026-09-02,2021-01-01,MCHI,Not selected,MCHI was not selected for final allocation in this rebalance.,-2.9361169319635465,157.0,False,True,False,False,False,-0.020713521981381544,0.0035815431085901572,-0.00927046165423795,-0.017206165244698424,-0.021050173557184748,-0.14459350424251327,0.1689454015703966,0.1236853582950213,,,0.0,0.0,,,,0.0,0.0,0.0,0.8294491525423728,0.0,0.0,0.1118114577266168,0.0,0.0,0.0,0.0,0.0,0.0,0.0,0.0,0.0,0.0,0.2,0.22288169916644957,False,False,False
2026-09-02,2021-01-01,GLDM,Not selected,GLDM was not selected for final allocation in this rebalance.,-3.1368775363594663,158.0,False,True,True,True,False,0.06877695982520815,-0.16288104125809122,0.012849086320457115,-0.10530654426377883,0.001069374417510316,-0.23269388326159368,0.2667792334579011,0.19004024849084666,,,0.0,0.0,,,,0.0,0.0,0.0,0.8294491525423728,0.0,0.0,0.1118114577266168,0.0,0.0,0.0,0.0,0.0,0.0,0.0,0.0,0.0,0.0,0.2,0.22288169916644957,False,False,False
2026-09-02,2021-01-01,GDXJ,Not selected,GDXJ was not selected for final allocation in this rebalance.,-3.3121293134516527,159.0,False,True,True,True,False,0.17601384775483786,-0.19918076234116255,0.15058086009252003,-0.05822548696473473,0.13880114818957323,-0.18561282596254958,0.6018658325665199,0.3861572216086744,,,0.0,0.0,,,,0.0,0.0,0.0,0.8294491525423728,0.0,0.0,0.1118114577266168,0.0,0.0,0.0,0.0,0.0,0.0,0.0,0.0,0.0,0.0,0.2,0.22288169916644957,False,False,False
2026-09-02,2021-01-01,PFFD,Not selected,PFFD was not selected for final allocation in this rebalance.,-3.45479600206967,160.0,False,False,False,False,False,-0.014327841209888392,0.005512687497552626,-0.018406492853171974,-0.008894138623440462,-0.030186204756118773,-0.1362814776212553,0.07427640386169362,0.05234004120639077,,,0.0,0.0,,,,0.0,0.0,0.0,0.8294491525423728,0.0,0.0,0.1118114577266168,0.0,0.0,0.0,0.0,0.0,0.0,0.0,0.0,0.0,0.0,0.2,0.22288169916644957,False,False,False
2026-09-02,2021-01-01,LQD,Not selected,LQD was not selected for final allocation in this rebalance.,-3.609020785187257,161.0,False,False,False,False,False,-0.0036955916275649425,-0.015150429110765251,-0.015330156875263179,-0.018790030939354385,-0.027109868778209978,-0.14617736993716923,0.05386022323124379,0.03935031651544485,,,0.0,0.0,,,,0.0,0.0,0.0,0.8294491525423728,0.0,0.0,0.1118114577266168,0.0,0.0,0.0,0.0,0.0,0.0,0.0,0.0,0.0,0.0,0.2,0.22288169916644957,False,False,False
2026-09-02,2021-01-01,VCLT,Not selected,VCLT was not selected for final allocation in this rebalance.,-4.899923633536622,162.0,False,False,False,False,False,-0.004848439707410335,-0.024770103286787415,-0.028862264634871404,-0.029498446641865517,-0.0406419765378182,-0.15688578563968036,0.08133760973059402,0.060395107708998336,,,0.0,0.0,,,,0.0,0.0,0.0,0.8294491525423728,0.0,0.0,0.1118114577266168,0.0,0.0,0.0,0.0,0.0,0.0,0.0,0.0,0.0,0.0,0.2,0.22288169916644957,False,False,False
2026-09-02,2021-01-01,BLV,Not selected,BLV was not selected for final allocation in this rebalance.,-5.038722060398462,163.0,False,False,False,False,False,-0.0025807046798371758,-0.03320707372911469,-0.022835949363142483,-0.03570208075837544,-0.03461566126608928,-0.1630894197561903,0.08305552692110148,0.05976490415861532,,,0.0,0.0,,,,0.0,0.0,0.0,0.8294491525423728,0.0,0.0,0.1118114577266168,0.0,0.0,0.0,0.0,0.0,0.0,0.0,0.0,0.0,0.0,0.2,0.22288169916644957,False,False,False
2026-09-02,2021-01-01,VGLT,Not selected,VGLT was not selected for final allocation in this rebalance.,-5.287785956045991,164.0,False,False,False,False,False,-0.0008752701596460577,-0.04097660827870786,-0.018968630949215304,-0.0418160128358841,-0.030748342852162103,-0.16920335183369895,0.08832175246986598,0.06227162179638187,,,0.0,0.0,,,,0.0,0.0,0.0,0.8294491525423728,0.0,0.0,0.1118114577266168,0.0,0.0,0.0,0.0,0.0,0.0,0.0,0.0,0.0,0.0,0.2,0.22288169916644957,False,False,False
2026-09-02,2021-01-01,XLY,Not selected,XLY was not selected for final allocation in this rebalance.,-5.884880733479376,165.0,False,False,False,False,False,-0.038510777031871335,0.02200946837293638,-0.025256852460218027,-0.01734891038803521,-0.037036564363164826,-0.14473624938585006,0.21371100188620668,0.1577320609821229,,,0.0,0.0,,,,0.0,0.0,0.0,0.8294491525423728,0.0,0.0,0.1118114577266168,0.0,0.0,0.0,0.0,0.0,0.0,0.0,0.0,0.0,0.0,0.2,0.22288169916644957,False,False,False
2026-09-02,2021-01-01,XLU,Not selected,XLU was not selected for final allocation in this rebalance.,-6.909755924161966,166.0,False,False,False,False,False,-0.011462435399302695,-0.05658888824411501,-0.011489641614349622,-0.06740267716760118,-0.02326935351729642,-0.19479001616541602,0.14478637382796647,0.10432666459704641,,,0.0,0.0,,,,0.0,0.0,0.0,0.8294491525423728,0.0,0.0,0.1118114577266168,0.0,0.0,0.0,0.0,0.0,0.0,0.0,0.0,0.0,0.0,0.2,0.22288169916644957,False,False,False
2026-09-02,2021-01-01,XHB,Not selected,XHB was not selected for final allocation in this rebalance.,-7.756060335897893,167.0,False,False,False,False,False,-0.07225855706913775,0.02859437793071118,-0.01626807820690701,-0.04573036762798932,-0.02804779010985381,-0.17311770662580417,0.3028124887093152,0.20323264980428485,,,0.0,0.0,,,,0.0,0.0,0.0,0.8294491525423728,0.0,0.0,0.1118114577266168,0.0,0.0,0.0,0.0,0.0,0.0,0.0,0.0,0.0,0.0,0.2,0.22288169916644957,False,False,False
2026-09-02,2021-01-01,ARKQ,Not selected,ARKQ was not selected for final allocation in this rebalance.,-7.7574754969605175,168.0,False,False,False,False,True,-0.011539296158570633,0.01249071175328087,-0.1329540097485029,0.0008072815725577165,-0.1447337216514497,-0.12658005742525713,0.3712585775272589,0.271278235076077,,,0.0,0.0,,,,0.0,0.0,0.0,0.8294491525423728,0.0,0.0,0.1118114577266168,0.0,0.0,0.0,0.0,0.0,0.0,0.0,0.0,0.0,0.0,0.2,0.22288169916644957,False,False,False
2026-09-02,2021-01-01,EIDO,Not selected,EIDO was not selected for final allocation in this rebalance.,-8.677788449262628,169.0,False,True,False,True,False,0.01521242823682134,-0.22334526929276455,0.09557155578022591,-0.21153046493709293,0.08379184387727912,-0.3389178039349078,0.33909011580235104,0.2184744091901349,,,0.0,0.0,,,,0.0,0.0,0.0,0.8294491525423728,0.0,0.0,0.1118114577266168,0.0,0.0,0.0,0.0,0.0,0.0,0.0,0.0,0.0,0.0,0.2,0.22288169916644957,False,False,False
2026-09-02,2021-01-01,XAR,Not selected,XAR was not selected for final allocation in this rebalance.,-10.295987776832531,170.0,False,False,False,False,False,-0.077785529215469,0.012532326292460372,-0.07212403039272308,-0.06622803655596865,-0.08390374229566988,-0.1936153755537835,0.30362536243671395,0.21813651629326458,,,0.0,0.0,,,,0.0,0.0,0.0,0.8294491525423728,0.0,0.0,0.1118114577266168,0.0,0.0,0.0,0.0,0.0,0.0,0.0,0.0,0.0,0.0,0.2,0.22288169916644957,False,False,False
2026-09-02,2021-01-01,ICLN,Not selected,ICLN was not selected for final allocation in this rebalance.,-10.363381166839362,171.0,False,False,False,False,True,-0.019472444311579462,0.020156271954008043,-0.2296457497330362,0.0002913357592750909,-0.241425461635983,-0.12709600323853976,0.35453286203312934,0.29065184464419963,,,0.0,0.0,,,,0.0,0.0,0.0,0.8294491525423728,0.0,0.0,0.1118114577266168,0.0,0.0,0.0,0.0,0.0,0.0,0.0,0.0,0.0,0.0,0.2,0.22288169916644957,False,False,False
2026-09-02,2021-01-01,BOTZ,Not selected,BOTZ was not selected for final allocation in this rebalance.,-10.692968995095953,172.0,False,False,False,False,False,-0.052696292288183844,0.02019273958245882,-0.1179616413878215,-0.033567635212861324,-0.1297413532907683,-0.16095497421067617,0.30717443565885766,0.2402726912522908,,,0.0,0.0,,,,0.0,0.0,0.0,0.8294491525423728,0.0,0.0,0.1118114577266168,0.0,0.0,0.0,0.0,0.0,0.0,0.0,0.0,0.0,0.0,0.2,0.22288169916644957,False,False,False
2026-09-02,2021-01-01,QCLN,Not selected,QCLN was not selected for final allocation in this rebalance.,-11.175106621236509,173.0,False,False,False,False,True,-0.03315290664514792,0.0900239208931084,-0.26812368882516857,0.05388645960276128,-0.27990340072811537,-0.07350087939505356,0.4911581935453085,0.3969359417471313,,,0.0,0.0,,,,0.0,0.0,0.0,0.8294491525423728,0.0,0.0,0.1118114577266168,0.0,0.0,0.0,0.0,0.0,0.0,0.0,0.0,0.0,0.0,0.2,0.22288169916644957,False,False,False
2026-09-02,2021-01-01,URA,Not selected,URA was not selected for final allocation in this rebalance.,-12.336839269791131,174.0,False,True,False,False,False,0.10447489670185939,-0.14322816194463928,-0.057857422523843405,-0.053717012666743114,-0.0696371344267902,-0.18110435166455796,0.47728614457243995,0.34444410656098695,,,0.0,0.0,,,,0.0,0.0,0.0,0.8294491525423728,0.0,0.0,0.1118114577266168,0.0,0.0,0.0,0.0,0.0,0.0,0.0,0.0,0.0,0.0,0.2,0.22288169916644957,False,False,False
2026-09-02,2021-01-01,PBW,Not selected,PBW was not selected for final allocation in this rebalance.,-12.556958482042312,175.0,False,False,False,False,True,-0.03506257499834686,0.06988239224829584,-0.28718051508456066,0.032369560630679084,-0.29896022698750746,-0.09501777836713576,0.4845148445956437,0.39260809090242854,,,0.0,0.0,,,,0.0,0.0,0.0,0.8294491525423728,0.0,0.0,0.1118114577266168,0.0,0.0,0.0,0.0,0.0,0.0,0.0,0.0,0.0,0.0,0.2,0.22288169916644957,False,False,False
2026-09-02,2021-01-01,SLV,Not selected,SLV was not selected for final allocation in this rebalance.,-19.55162371921678,176.0,False,True,False,False,False,0.053950446626418236,-0.24505180787484704,-0.11772173396605623,-0.20432201572988806,-0.12950144586900303,-0.3317093547277029,0.4512320239956949,0.3522497989826889,,,0.0,0.0,,,,0.0,0.0,0.0,0.8294491525423728,0.0,0.0,0.1118114577266168,0.0,0.0,0.0,0.0,0.0,0.0,0.0,0.0,0.0,0.0,0.2,0.22288169916644957,False,False,False
2026-09-02,2021-01-01,TAN,Not selected,TAN was not selected for final allocation in this rebalance.,-20.99363010499664,177.0,False,False,False,False,False,-0.04656532867999663,-0.05213532421647349,-0.30603926262373327,-0.09627295438849182,-0.31781897452668006,-0.22366029338630666,0.4169829522911186,0.34409637296531237,,,0.0,0.0,,,,0.0,0.0,0.0,0.8294491525423728,0.0,0.0,0.1118114577266168,0.0,0.0,0.0,0.0,0.0,0.0,0.0,0.0,0.0,0.0,0.2,0.22288169916644957,False,False,False
