Date,DailyReturn,EquityCurve
2021-11-03,0.002498754433618125,1.0024987544336181
2021-11-04,0.0039732007462613085,1.00648188323286
2021-11-05,0.006050671941178629,1.0125717749230416
2021-11-08,0.007443521782893644,1.0201088749864247
2021-11-09,-0.00390941394028603,1.0161208471299432
2021-11-10,-0.011537126576598005,1.004397732299485
2021-11-11,0.008535452827900528,1.0129707217639774
2021-11-12,0.006095130939738899,1.0191449109512505
2021-11-15,0.0006870889346544953,1.0198451541423745
2021-11-16,0.0018825685205577447,1.0217650825254063
2021-11-17,-0.008424546906749781,1.0131571746599919
2021-11-18,-0.002589155830943401,1.0105339528535588
2021-11-19,-0.009102404923332495,1.00133566362591
2021-11-22,-0.011161121775661179,0.9901596343458687
2021-11-23,0.009153184547721375,0.9992227482107408
2021-11-24,-0.00025803398594348177,0.9989649147821745
2021-11-26,-0.03143071907060268,0.9675667291842674
2021-11-29,0.0043737739800304935,0.9717986473683168
2021-11-30,-0.007146316379800125,0.964853866776761
2021-12-01,-0.010276681444992348,0.9549383709469271
2021-12-02,0.017746851868857886,0.9718855207600108
2021-12-03,-0.012560321197680378,0.9596783264518902
2021-12-06,0.01217583682668174,0.9713632131608715
2021-12-07,0.017471663254074222,0.9883345441186137
2021-12-08,0.003017165759776783,0.991316513264333
2021-12-09,-0.008834921528613211,0.9825583096596242
2021-12-10,0.003945411377270387,0.9864349063933868
2021-12-13,-0.013499908360965762,0.9731181255530184
2021-12-14,-0.003957535324645789,0.9692669761960891
2021-12-15,0.004942647649531554,0.9740577213377533
2021-12-16,-0.004769466404020724,0.9694119857602558
2021-12-17,-0.007548350709486155,0.962094524109758
2021-12-20,-0.01878633255195228,0.9440202964334199
2021-12-21,0.01800697470265477,0.9610192460300891
2021-12-22,0.006877464425632372,0.9676286217070091
2021-12-23,0.0061778223321692464,0.973606459415437
2021-12-27,0.013324190666900692,0.9865789775152143
2021-12-28,-0.0020670004881451188,0.9845397182870966
2021-12-29,0.0004824576623184754,0.9850147170180412
2021-12-30,-0.0016585523624794932,0.983381018532054
2021-12-31,-0.001306358913469979,0.9820963699731574
2022-01-03,0.010069828721716712,0.9919859122070068
2022-01-04,0.001964669864223702,0.9939348370344544
2022-01-05,-0.014284313488814713,0.9797371602348003
2022-01-06,0.004381989084196446,0.9840303577763309
2022-01-07,0.0001232384107768984,0.9841516281137795
2022-01-10,-0.002266771115925838,0.9819207816294798
2022-01-11,0.01271712337776342,0.9944079893566519
2022-01-12,0.001973099939808224,0.9963700557005962
2022-01-13,-0.00847582394904579,0.9879249985203771
2022-01-14,0.0011502924949965993,0.9890614012317946
2022-01-18,-0.015937168193163424,0.9732985633269977
2022-01-19,-0.004416540182554817,0.9689999511124412
2022-01-20,-0.008318738908249829,0.9609390935170299
2022-01-21,-0.014953085099184592,0.9465700894765364
2022-01-24,-0.007687316773284516,0.9392935053506141
2022-01-25,-0.0005113673812202834,0.9388131812905858
2022-01-26,-0.004369276850350715,0.9347112465907688
2022-01-27,-0.004463159772136031,0.9305394809564217
2022-01-28,0.014071931323096632,0.9436339686258705
2022-01-31,0.016348936313040737,0.9590613802817567
2022-02-01,0.0066955867798485814,0.9654828589806346
2022-02-02,0.0028837775583184723,0.9682670967823039
2022-02-03,-0.006590176973915303,0.9618860452564894
2022-02-04,0.0011196872397997663,0.9629630567875046
2022-02-07,-0.0009114809700250975,0.9620853342864055
2022-02-08,-0.0022842189589649792,0.9598877207256863
2022-02-09,0.007688915025378094,0.9672682158442499
2022-02-10,-0.005193268780251354,0.9622449320167765
2022-02-11,-0.0024080969935629266,0.9599277528889157
2022-02-14,-0.007536688550286541,0.9526930763846155
2022-02-15,0.00802045903354212,0.9603341121752976
2022-02-16,0.004165763527654547,0.9643346369941601
2022-02-17,-0.00757009961481667,0.9570345277300962
2022-02-18,-0.0025246116747188923,0.9546183871882797
2022-02-22,-0.005523826315783803,0.9493452410195979
2022-02-23,-0.0017877908776795684,0.9476480102579347
2022-02-24,-0.003369890594504956,0.9444545401412651
2022-02-25,0.014509647330593737,0.9581582424384929
2022-02-28,0.006049977531094726,0.963955078276479
2022-03-01,-0.0031520182754578192,0.9609166742530311
2022-03-02,0.01000819629280995,0.9705337169499896
2022-03-03,9.880188419269197e-05,0.9706296075098968
2022-03-04,0.004049760657096277,0.974560425107003
2022-03-07,-0.0006740210379802336,0.973903550877698
2022-03-08,0.0014805114460155072,0.9753454262320875
2022-03-09,-0.0012181140661759748,0.9741573442490138
2022-03-10,0.0029204939512382784,0.9770023648804472
2022-03-11,-0.0031513261834635116,0.9739235117466938
2022-03-14,-0.006399167623449243,0.9676912119426083
2022-03-15,-0.0023083949303521383,0.9654573984548136
2022-03-16,0.005452144589056083,0.9707212117857632
2022-03-17,0.004628143423484887,0.9752138487781268
2022-03-18,-0.00028087302217356166,0.9749399375171549
2022-03-21,0.005666148914568269,0.9804640923858869
2022-03-22,0.0001734417337343603,0.9806341457779347
2022-03-23,0.0026068381544644076,0.9831905002847192
2022-03-24,0.004085471846023915,0.9872072973929106
2022-03-25,0.004183449869006972,0.9913372296318717
2022-03-28,-0.003296896053781838,0.9880688938315313
2022-03-29,0.0009772652345029168,0.9890344992107665
2022-03-30,0.0017457599947227258,0.9907611160728893
2022-03-31,-0.0025077580883159653,0.9882765268704686
2022-04-01,0.0035758053998804057,0.9918104114118271
2022-04-04,0.002179378789697721,0.9939719419858595
2022-04-05,-0.0046408680879262785,0.9893590493200032
2022-04-06,0.0009489060814937831,0.9902978581386839
2022-04-07,0.003375091401519879,0.9936402039246313
2022-04-08,0.00530535806470854,0.9989118209939414
2022-04-11,-0.0025085357932738625,0.9964060149366537
2022-04-12,0.0024028967226724374,0.998800275684396
2022-04-13,0.004065090926976323,1.002860489622942
2022-04-14,-0.0018163058000296593,1.0010389882990194
2022-04-18,0.003937486941209353,1.0049805662430882
2022-04-19,-0.003368183316716147,1.0015956074662442
2022-04-20,0.00406498265002292,1.0056670762329336
2022-04-21,-0.009309451390842795,0.996304867471372
2022-04-22,-0.007096047481335178,0.9892350408259099
2022-04-25,-0.004169838482481623,0.9851100904844546
2022-04-26,-0.004536545131271726,0.9806410940997007
2022-04-27,0.0033823619669006042,0.9839579772395634
2022-04-28,0.0072508799065558825,0.991092538365625
2022-04-29,-0.006664708624931063,0.9844871953770749
2022-05-02,-0.0011797507783953593,0.9833257458420085
2022-05-03,0.00872875693313228,0.9919089572635543
2022-05-04,0.01213117611553698,1.003941979514697
2022-05-05,-0.008795333251215641,0.9951119752399803
2022-05-06,0.004552518300428276,0.9996422407182356
2022-05-09,-0.028552460426498255,0.9710999951994721
2022-05-10,-0.0014685905608494902,0.9696738469128812
2022-05-11,-0.0007569516582172611,0.9689398506865305
2022-05-12,-0.009049801475823377,0.9601711373958035
2022-05-13,0.015387314760871707,0.9749455929112169
2022-05-16,0.00546287107279913,0.9802715949882845
2022-05-17,0.006249302855835183,0.986397609066339
2022-05-18,-0.010264417728885186,0.9762728119601085
2022-05-19,0.0020951707528885717,0.9783182702025677
2022-05-20,-8.629321828453022e-05,0.9782338479705253
2022-05-23,0.006518070599905576,0.9846100452548143
2022-05-24,0.00022237644620049467,0.9848289993375715
2022-05-25,0.009829678687043722,0.9945095519627427
2022-05-26,0.004167500923109867,0.998654171438589
2022-05-27,0.008419491719847814,1.0070623319660077
2022-05-31,-0.0015356087663917226,1.0055158782207378
2022-06-01,0.0034673940280938315,1.009002397972034
2022-06-02,0.0017341520304288245,1.0107521615291848
2022-06-03,0.0008795700924275259,1.0116411889013224
2022-06-06,0.00041189418915709987,1.0120578780285427
2022-06-07,0.007455205971554052,1.0196029779643794
2022-06-08,-0.0039724820899677315,1.015552623395538
2022-06-09,-0.009439635873727115,1.005966176420076
2022-06-10,-0.008921958916222047,0.9969909875229471
2022-06-13,-0.02269455767307158,0.974364718057075
2022-06-14,-0.0039509455837000084,0.9705150560773543
2022-06-15,-0.0026893847234049817,0.9679049677117054
2022-06-16,-0.01850186842825705,0.949996917348047
2022-06-17,-0.013805280737213623,0.9368819432045696
2022-06-21,0.015321368632244002,0.9512362568212999
2022-06-22,-0.013376703806641261,0.9385118511636632
2022-06-23,-0.008907994204960544,0.9301515930322105
2022-06-24,0.008906161724366715,0.9384356735479327
2022-06-27,0.007593024038029511,0.9455612381753266
2022-06-28,0.004215125800994476,0.9495468977467796
2022-06-29,-0.008832019793839761,0.9411604807507009
2022-06-30,-0.005719067073322126,0.9357779208345275
2022-07-01,0.00399336722180105,0.9395148257104733
2022-07-05,-0.017752736809800336,0.9228358662807298
2022-07-06,-0.005841387983739259,0.9174452239404739
2022-07-07,0.014519289547287595,0.9307658767906418
2022-07-08,-0.000546041371685807,0.9302576401145607
2022-07-11,-0.005038967730250778,0.9255701018852042
2022-07-12,-0.00832232218811365,0.9178672092896303
2022-07-13,0.0006725587378448642,0.9184845289014193
2022-07-14,-0.007328918129404423,0.9117530309859763
2022-07-15,0.009004988187014756,0.9199633562594798
2022-07-18,0.00870448907482101,0.927971167243276
2022-07-19,0.011864136257163102,0.9389807436141691
2022-07-20,0.0016502388355042225,0.9405302861030718
2022-07-21,-0.005683418812244128,0.9351848585815482
2022-07-22,-0.002950188918414787,0.9324258865750916
2022-07-25,0.01406927327242945,0.9455444411796039
2022-07-26,-0.0004504754689961003,0.9451184966040068
2022-07-27,0.011048737161083755,0.955560862459063
2022-07-28,0.003828828796941079,0.959219541406476
2022-07-29,0.011764623647230864,0.9705043983061926
2022-08-01,-0.0038537060074003817,0.9667643596762315
2022-08-02,-0.0007694659251316233,0.966020467443829
2022-08-03,-0.005111990434637697,0.9610821800545919
2022-08-04,-0.006265398952234131,0.955060616770667
2022-08-05,0.0037777820000907806,0.9586686275776989
2022-08-08,0.003690808744250505,0.9622068901312012
2022-08-09,0.003428575454171149,0.9655058890565394
2022-08-10,0.00812788706288206,0.9733534118813385
2022-08-11,0.005642549406847452,0.9788456065982025
2022-08-12,0.0062802038625672935,0.9849929565576176
2022-08-15,-0.00234064567255845,0.9826874370563505
2022-08-16,-0.0008921852118198858,0.9818106978571677
2022-08-17,-0.0007779769907606071,0.9810468717249522
2022-08-18,0.003781344911116149,0.9847565483209157
2022-08-19,-0.004866202672246698,0.9799645233739641
2022-08-22,-0.0028338447944198128,0.9771874560106847
2022-08-23,0.006412774766358176,0.9834539390705919
2022-08-24,0.004412795212517163,0.9877937199046538
2022-08-25,0.006470510983180354,0.9941852500184135
2022-08-26,-0.006909127692374849,0.9873162971761607
2022-08-29,0.0016046962242702138,0.9889006399103997
2022-08-30,-0.00951430768805485,0.9794919349493778
2022-08-31,-0.0022207354498023587,0.9773167424866401
2022-09-01,-0.005136605800345783,0.9722966516384082
2022-09-02,0.004812214403684099,0.9769755515900764
2022-09-06,0.0014683169617788453,0.9784100613637193
2022-09-07,0.009263117894780678,0.987473189111571
2022-09-08,0.0022189710944963336,0.9896643635747998
2022-09-09,0.003610298278505796,0.9932373471229125
2022-09-12,0.006897627357232802,1.0000883282206527
2022-09-13,-0.016030693019307898,0.9840562192387546
2022-09-14,0.010141588297649145,0.9940361122760153
2022-09-15,-0.011346996640272276,0.98275678784971
2022-09-16,-0.0033914393362167476,0.9794238278214624
2022-09-19,-0.0009518417718274995,0.9784915713098188
2022-09-20,-0.00627416067242372,0.9723523579748087
2022-09-21,-0.005054786684745836,0.9674373242228365
2022-09-22,-0.005623761531239628,0.9619966874149867
2022-09-23,-0.015868724211963517,0.9467310272895758
2022-09-26,-0.011422167974471768,0.93591730646923
2022-09-27,0.002776665781905062,0.9385160360287959
2022-09-28,0.009892588043729892,0.9478003885456632
2022-09-29,-0.01184477551629406,0.9365739057090835
2022-09-30,4.639534233806778e-05,0.9366173583760636
2022-10-03,0.015603829358605943,0.9512321758104721
2022-10-04,0.011818447153410508,0.9624742630109118
2022-10-05,-0.0005691363937222351,0.9619264838798113
2022-10-06,-0.0005937260399968405,0.9613553630777693
2022-10-07,-0.0044576109719206055,0.957070014863399
2022-10-10,-0.0031043855183337504,0.9540989005692256
2022-10-11,-0.002746072228060591,0.9514788760755494
2022-10-12,-0.0010133215495245007,0.9505147220265047
2022-10-13,0.007047412983215389,0.9572133918192517
2022-10-14,-0.008006189520921591,0.9495497599923826
2022-10-17,0.009754837947954412,0.9588124640246273
2022-10-18,0.0035516019541263263,0.9622177842454979
2022-10-19,0.00035451256353662684,0.9625589025388713
2022-10-20,-7.194931564944277e-05,0.9624896470845613
2022-10-21,0.006121352999253048,0.9683813859724923
2022-10-24,-0.0003529452086095631,0.9680396004022067
2022-10-25,0.0036679412088863575,0.9715903127443557
2022-10-26,0.004350872109102517,0.9758175779375493
2022-10-27,-0.00016765264142553065,0.9756539795430587
2022-10-28,0.0006907451331756589,0.9763279077810915
2022-10-31,0.0026288494829424434,0.9788945268966441
2022-11-01,0.0023929486785348505,0.9812369712612063
2022-11-02,-0.006042961132793465,0.9753073943818149
2022-11-03,0.005452475136273085,0.980625233699905
2022-11-04,0.007483164902585816,0.987963414031318
2022-11-07,0.0071195158632905734,0.9949972352298648
2022-11-08,2.881054625052885e-05,0.9950259016437295
2022-11-09,-0.01418888652112381,0.9809075920397277
2022-11-10,0.011380809960453722,0.9920711149334981
2022-11-11,0.0051167388390338745,0.9971472837383619
2022-11-14,-0.0013874651176656633,0.9957637766649999
2022-11-15,0.004574188216427563,1.0003185875985665
2022-11-16,-0.004690583519568468,0.9956265097172587
2022-11-17,-0.0024195160898948164,0.993217575357472
2022-11-18,-0.0003344792597392765,0.9928853646781064
2022-11-21,-0.0029335147471934507,0.9899727208185506
2022-11-22,0.012655051653930632,1.0025008767364916
2022-11-23,-0.00300750209745928,0.9994858532470018
2022-11-25,0.0014324785799120431,1.0009175953227032
2022-11-28,-0.007456648500521983,0.993454104636394
2022-11-29,0.004388385263867912,0.9978137639895096
2022-11-30,0.0049179564226817084,1.0027209685987621
2022-12-01,-0.002271832179172015,1.0004429548355689
2022-12-02,-0.0014431319202310266,0.9989991836730754
2022-12-05,-0.013644804308209567,0.9853680353077952
2022-12-06,-0.006192499861866367,0.9792661438852641
2022-12-07,-0.004311750958332797,0.975043792150904
2022-12-08,-0.00011258643080741475,0.9749340154504649
2022-12-09,-0.007121384010030625,0.967991135942001
2022-12-12,0.0112898016360728,0.978919563852263
2022-12-13,0.007604718696719827,0.9863639717620751
2022-12-14,-0.0034211178073031293,0.9829895044137976
2022-12-15,-0.006029999777665112,0.9770620779207352
2022-12-16,-0.004102255992030743,0.9730539191569988
2022-12-19,-0.0008786274402885563,0.9721989672827471
2022-12-20,0.0052882904081022,0.9773402377561954
2022-12-21,0.008773237801864928,0.9859146760753618
2022-12-22,-0.007764053833002213,0.9782599814555658
2022-12-23,0.008620626344553219,0.9866931952235237
2022-12-27,-0.0005085685768331932,0.9861913940694579
2022-12-28,-0.010281422193120504,0.9760519439838078
2022-12-29,0.008592324221658112,0.9844384987436964
2022-12-30,-0.0012349664000101271,0.9832227502748715
2023-01-03,-0.004350627097678166,0.978945114734472
2023-01-04,0.00324457064306423,0.9821213713149105
2023-01-05,-0.002158841672196673,0.9800011267713609
2023-01-06,0.015374594700439127,0.9950682469014442
2023-01-09,-0.0018034047322556647,0.9932737361160647
2023-01-10,0.0018719727591244518,0.9951331174924278
2023-01-11,0.001385344058641886,0.9965117192443038
2023-01-12,0.008231449040135891,1.0047144546791615
2023-01-13,0.0020025283094787273,1.006726423817599
2023-01-17,0.0030503664723672535,1.0097973083476586
2023-01-18,-0.006690436365043674,1.0030413237145663
2023-01-19,0.0006622077663455844,1.0037055454690957
2023-01-20,0.006926812774120551,1.0106580258629068
2023-01-23,0.0012215663502172318,1.011892611698878
2023-01-24,0.0010159539534891394,1.0129206479982398
2023-01-25,0.0013989252751574197,1.0143376482944533
2023-01-26,0.0037573590588304987,1.0181488790459852
2023-01-27,-0.003483744646029984,1.0146019083397473
2023-01-30,-0.006475982670544973,1.0080313639638372
2023-01-31,0.0041330805677318744,1.0121976388059004
2023-02-01,-0.0026636321122221916,1.0095015166712615
2023-02-02,-0.004158641351258359,1.0053033619198743
2023-02-03,-0.0032956002665868434,1.0019902838923307
2023-02-06,-0.005472976502175293,0.99650641461318
2023-02-07,0.0030470127938782795,0.999542782407688
2023-02-08,-0.0052750753197144794,0.9942701189452104
2023-02-09,-0.0028133599172000833,0.9914728792457002
2023-02-10,0.004730537419250848,0.9961630788011443
2023-02-13,0.004446580506204481,1.0005925981283421
2023-02-14,0.004117959212674396,1.0047129976359384
2023-02-15,0.0027730753034757496,1.0074991424367636
2023-02-16,-0.0013827269835200993,1.0061060461866431
2023-02-17,-0.006288850789599571,0.9997787953836613
2023-02-21,-0.008730082438551234,0.9910506440796465
2023-02-22,-0.001617067273373912,0.9894480485168491
2023-02-23,0.002614306472737851,0.9920347689545245
2023-02-24,-0.005575679891665233,0.986503500641432
2023-02-27,0.005029809146725402,0.9914654249722349
2023-02-28,-0.0023337687597673453,0.9891515739370452
2023-03-01,0.009062358513343093,0.9981156201241004
2023-03-02,-0.0016917858047406256,0.9964270222864846
2023-03-03,0.01124733256614474,1.007634168384034
2023-03-06,-5.824759005604928e-05,1.0075754761220674
2023-03-07,-0.01098834942870913,0.9965038847146402
2023-03-08,0.0015809656634958862,0.9980793231399144
2023-03-09,-0.0119493023671232,0.986152971521342
2023-03-10,-0.010639385592008496,0.9756609098046214
2023-03-13,-0.013887105342894128,0.9621118039712206
2023-03-14,0.006541707541407589,0.9684056580149365
2023-03-15,-0.02404186979947422,0.9451233752718673
2023-03-16,0.010271799801239581,0.9548314933701317
2023-03-17,-0.01451300423985451,0.9409740198585045
2023-03-20,0.007562411560941389,0.9480900526648279
2023-03-21,0.014681206797454065,0.9620091587906093
2023-03-22,-0.006837083959811801,0.95543182140185
2023-03-23,-0.002879898790561681,0.9526802744549306
2023-03-24,0.00023794100134098045,0.9529069561533922
2023-03-27,0.008097883258676008,0.9606234854407026
2023-03-28,0.005582982092967636,0.9659866291580022
2023-03-29,0.008807467116505952,0.9744945246292956
2023-03-30,0.0014856084841794945,0.9759422419628714
2023-03-31,0.0024036614863011062,0.9782880767427318
2023-04-03,0.0016828776371997595,0.9799344158698213
2023-04-04,-0.0023229130963397394,0.9776581133816433
2023-04-05,-0.007723909277406559,0.9701067708095631
2023-04-06,0.0008806174571780268,0.9709610637672647
2023-04-10,0.004666721025200697,0.9754922681781986
2023-04-11,0.004120042206513959,0.9795113374952208
2023-04-12,0.0022183455335056225,0.9816842320957715
2023-04-13,0.005380975588032677,0.9869666509838355
2023-04-14,-0.0029548934116537047,0.9840502697293215
2023-04-17,0.0014781962881929922,0.9855048891854307
2023-04-18,0.0012903058513158122,0.986776491910447
2023-04-19,-0.0019127091017351518,0.9848890755329917
2023-04-20,0.00024446827252491997,0.9851298496639158
2023-04-21,-0.0029134169233549266,0.9822597556882029
2023-04-24,0.0021971415435415058,0.9844179194039744
2023-04-25,-0.008794922588328792,0.9757600400082527
2023-04-26,-0.002896474918534375,0.9729337755258607
2023-04-27,0.008877997169861025,0.9815714788314414
2023-04-28,0.0019012999555145262,0.983437740640478
2023-05-01,-0.0010376189180018292,0.9824173070361124
2023-05-02,-0.004349501069370855,0.9781442819085905
2023-05-03,0.0020135518625976354,0.9801138261493167
2023-05-04,-0.0008136204611033265,0.9793163854861514
2023-05-05,0.0062255500416584985,0.9854131686506117
2023-05-08,0.001126655374224282,0.9865233896929032
2023-05-09,0.0005322250941160271,0.9870484421968302
2023-05-10,0.0015311066649469193,0.9885597186453031
2023-05-11,-0.005335353634199504,0.9832854029578058
2023-05-12,-0.0003781193600873156,0.9829136037104561
2023-05-15,0.004522868210420268,0.9873591924022679
2023-05-16,-0.005261610895910442,0.9821640925173467
2023-05-17,0.0018082417968907805,0.9839400826808419
2023-05-18,-0.0011084472950330876,0.9828494369577196
2023-05-19,-0.0007465783768497403,0.9821156628203881
2023-05-22,-0.001870258899403049,0.9802788522617552
2023-05-23,-0.006246644692712888,0.9741553985718956
2023-05-24,-0.004802072275956476,0.9694774339399401
2023-05-25,-0.001916948356718714,0.967618995766073
2023-05-26,0.006346785761149428,0.9737602662306188
2023-05-30,-0.0037194544537111204,0.9701384092715404
2023-05-31,-0.005830285480469784,0.9644822253899185
2023-06-01,0.009734045299554505,0.973870539062479
2023-06-02,0.007500140944693673,0.9811747053673325
2023-06-05,-0.0016866232450196143,0.9795198333018347
2023-06-06,0.009362229352154442,0.9886903226361906
2023-06-07,-0.0030733861586109993,0.9856516954834479
2023-06-08,0.005321765079023937,0.9908971022565526
2023-06-09,0.00120888255954316,0.9920949804817724
2023-06-12,0.0030788242191251663,0.9951494665353521
2023-06-13,0.004595426992985443,0.9997226032559238
2023-06-14,0.005001144777702055,1.0047223607323479
2023-06-15,0.006011990765752881,1.0107627422872163
2023-06-16,-0.0018311115094859138,1.0089119229964547
2023-06-20,-0.005918770791657172,1.0029404045752686
2023-06-21,0.0006687308382021681,1.003611101752687
2023-06-22,-0.003421191272703674,1.0001775562101822
2023-06-23,-0.00881201576793654,0.9913639758141218
2023-06-26,0.0011941583656496528,0.9925478213992439
2023-06-27,0.009031621080778042,1.0015121372266738
2023-06-28,-0.00046312364099811344,1.0010483132791776
2023-06-29,0.00165364767774247,1.0027036944977397
2023-06-30,0.005096095969851122,1.0078135687542245
2023-07-03,0.0041268025340078195,1.0119726163435667
2023-07-05,-0.00902717824979641,1.0028373591519206
2023-07-06,-0.013611445221844782,0.9891872933714048
2023-07-07,0.007612296023093975,0.996717279870831
2023-07-10,0.006428992292962994,1.0031251675813837
2023-07-11,0.00659241688840441,1.0097381868773307
2023-07-12,0.013849538236868415,1.0237225945057145
2023-07-13,0.009892229369722491,1.0338494932215325
2023-07-14,-0.0034287717256576574,1.030304659310589
2023-07-17,0.004377067892196497,1.0348143727540378
2023-07-18,0.005336432621580731,1.0403365899300832
2023-07-19,-0.0016834083338725793,1.0385852786445622
2023-07-20,-0.010808595461069367,1.027359630515871
2023-07-21,-8.79487315658448e-05,1.0272692755395052
2023-07-24,0.0009350425519343678,1.0282298160244294
2023-07-25,0.0036231337592729685,1.0319552301831585
2023-07-26,0.0023167179787119034,1.0343459794181495
2023-07-27,-0.0008901034444975214,1.0334253044990673
2023-07-28,0.009277804904192888,1.0430132228572657
2023-07-31,0.00028243869087240386,1.043307810146492
2023-08-01,-0.007852613498477852,1.0351151171534683
2023-08-02,-0.017146750901874175,1.0173662560848735
2023-08-03,-0.0038069537754181963,1.0134931897752881
2023-08-04,0.004169573474821198,1.0177190240962872
2023-08-07,0.005907931872868664,1.0237316387563706
2023-08-08,-0.007938765683439824,1.0156044731535598
2023-08-09,-0.004768426985291688,1.0107616373773916
2023-08-10,0.0019744145953198696,1.0127572999066188
2023-08-11,-0.006492481304595924,1.006181992070882
2023-08-14,0.0032473866874908417,1.0094494540771262
2023-08-15,-0.008236063643618403,1.001135564128331
2023-08-16,-0.008045183929125909,0.9930812443769295
2023-08-17,-0.010219292230704856,0.9829326569318096
2023-08-18,0.0023551707274839444,0.9852476311525036
2023-08-21,0.005237120645037114,0.9904074918620862
2023-08-22,-0.0010582951917062476,0.9893593483756188
2023-08-23,0.012308285125396314,1.0015366653269022
2023-08-24,-0.012522331821868533,0.9889950908719111
2023-08-25,0.003671187282738099,0.9926258770722105
2023-08-28,0.007948399093294839,1.0005156636935124
2023-08-29,0.011773703051473242,1.0122954380161875
2023-08-30,0.0031867895200950714,1.0155214105092973
2023-08-31,-0.0055900998387427,1.0098445444361697
2023-09-01,0.0023600036495276585,1.0122277812464946
2023-09-05,-0.008833815797764334,1.0032859474815834
2023-09-06,-0.0055781095167383166,0.9976895085899266
2023-09-07,-0.0041647369253735664,0.9935343942534443
2023-09-08,0.00024123178201207,0.9937740663258602
2023-09-11,0.004823691569055381,0.9985677259111421
2023-09-12,-0.005520289112937026,0.9930553433652646
2023-09-13,0.0004987748335906541,0.993550654378898
2023-09-14,0.006112576363203491,0.9996238086244998
2023-09-15,-0.009029230842191404,0.9905979745010787
2023-09-18,0.0002506886330280321,0.9908463061531867
2023-09-19,-0.0009373250582420742,0.9899175610815627
2023-09-20,-0.0025254026296425143,0.987417620669678
2023-09-21,-0.013171236422548603,0.9744121097400472
2023-09-22,0.0019983842197790615,0.9763593595237133
2023-09-25,0.0004657092007911466,0.976814059060722
2023-09-26,-0.010287220640708335,0.9667653573102185
2023-09-27,0.002065765269894712,0.9687624676094874
2023-09-28,0.004745099043376147,0.9733593414677999
2023-09-29,-0.0012272289654072343,0.9721648066902009
2023-10-02,-0.0034383012983844807,0.9688222111731143
2023-10-03,-0.0030873207309264584,0.9658311462759775
2023-10-04,0.001347015133572693,0.967132135446487
2023-10-05,8.511785931738055e-05,0.9672144556635331
2023-10-06,0.004620710300234918,0.9716836734613538
2023-10-09,-0.002942433201108297,0.9688245591595862
2023-10-10,0.0030244669459562465,0.971754737015195
2023-10-11,0.00158969293179855,0.9732995286520697
2023-10-12,-0.001028404843978399,0.9722985827021621
2023-10-13,-0.0031221042577464784,0.9692629651573068
2023-10-16,0.0028319775953275367,0.9720078961586132
2023-10-17,-0.00017803925810272467,0.971834840593911
2023-10-18,-0.0038316786126868143,0.9681110818201434
2023-10-19,-0.0012819316859151247,0.9668700295488726
2023-10-20,-0.005355003868752771,0.9616924368000572
2023-10-23,-0.002088143872937372,0.959684284630503
2023-10-24,0.0028058372706549796,0.9623770025643812
2023-10-25,-0.005515072108990923,0.957069423999204
2023-10-26,-0.002881079747967173,0.9543120306643214
2023-10-27,-0.000580358535167557,0.9537581875321122
2023-10-30,0.0024978140892598305,0.9561404981706767
2023-10-31,0.002314872561839685,0.9583538415751557
2023-11-01,0.005378340683517566,0.9635081950305047
2023-11-02,0.0073259862625203965,0.9705668428311239
2023-11-03,0.0025055398061843664,0.9729986366904
2023-11-06,-0.002503789851578375,0.9705624525782549
2023-11-07,-0.0001365313136719264,0.9704299404116037
2023-11-08,-0.0022271372026541653,0.9682686597887434
2023-11-09,3.3903855995188906e-05,0.9683014878299495
2023-11-10,0.0039003949714850545,0.972078246083963
2023-11-13,0.0014463974846304396,0.9734842576139627
2023-11-14,0.005475869849312183,0.9788149307090112
2023-11-15,-0.0007211949622068686,0.9781090143120509
2023-11-16,4.3513863604215065e-06,0.9781132704422747
2023-11-17,0.0030427315224788878,0.9810894065228042
2023-11-20,0.0017233268312303789,0.9827801442209009
2023-11-21,-0.0008677133479534228,0.9819273727716568
2023-11-22,0.0008776511906079601,0.9827891624994602
2023-11-24,0.0009330133232261105,0.9837061178819945
2023-11-27,-0.0004684101624595162,0.983245339939505
2023-11-28,0.00021089111477084932,0.9834526976453382
2023-11-29,-0.000651271433476724,0.9828122029971861
2023-11-30,0.0032012647099364144,0.9859584450191359
2023-12-01,0.0019261664036574636,0.987857565051334
2023-12-04,0.0010713815317627995,0.9889159374025424
2023-12-05,-0.0010274020494664376,0.987899923141705
2023-12-06,-0.002675994238501369,0.9852563086391619
2023-12-07,0.0027730850327025184,0.987988508162025
2023-12-08,0.002027165930282806,0.9899913248052821
2023-12-11,-0.0013221940137607144,0.9886823642019494
2023-12-12,0.000712123637000323,0.989386428282983
2023-12-13,0.006781391912274407,0.9960958454058552
2023-12-14,0.005773738111938312,1.0018470419516183
2023-12-15,-0.002821373023083569,0.9990204577341999
2023-12-18,0.003912722069205056,1.0029293471267637
2023-12-19,0.0010859137426647866,1.0040184418877305
2023-12-20,-0.007399052209649419,0.9965896570167523
2023-12-21,0.009035792260280654,1.0055946341263
2023-12-22,0.0017978380420024802,1.007402530414366
2023-12-26,0.0024170579398992524,1.0098374806991786
2023-12-27,0.0012560983112769165,1.0111059358533487
2023-12-28,-0.001212602902398588,1.0098798658609005
2023-12-29,-0.00197359241071504,1.0078867746219036
2024-01-02,-0.003627710632688227,1.004230453053062
2024-01-03,-0.005292667005979591,0.998915395667788
2024-01-04,0.001975012001286729,1.000888265562502
2024-01-05,0.00037039031309144736,1.001258984880553
2024-01-08,0.007546118874556877,1.00881460420468
2024-01-09,0.0008371557668527765,1.0096591391682752
2024-01-10,0.003251324776647795,1.0129418689434218
2024-01-11,-0.0007156072388149056,1.012217000409507
2024-01-12,0.004748643719762079,1.0170236583115382
2024-01-16,-0.006689073908622058,1.0102207118942752
2024-01-17,-0.00489728523535245,1.005273372917468
2024-01-18,0.002853867795984093,1.0081422902225976
2024-01-19,0.005737453151525616,1.0139264593828214
2024-01-22,0.0022268548704263104,1.0161843264571522
2024-01-23,-0.003998099594360993,1.0121215203137477
2024-01-24,0.0014322064455716908,1.0135710872788428
2024-01-25,0.0018300948883363227,1.0154260185446373
2024-01-26,0.003710985744398765,1.0191942500239481
2024-01-29,0.005685797030076881,1.024989181663806
2024-01-30,0.0011245152723162349,1.0261417976525458
2024-01-31,-0.0048136535390566615,1.0212023065567017
2024-02-01,0.00854642846566672,1.0299299390186625
2024-02-02,0.0012416585865727557,1.0312087603710132
2024-02-05,-0.008281535074121266,1.0226687688532596
2024-02-06,0.0022816380092947983,1.0250021287871938
2024-02-07,0.006779147417223465,1.03195076932121
2024-02-08,-0.0007316858253127794,1.031195705570877
2024-02-09,0.003922821273222291,1.0352409020215458
2024-02-12,0.0033120256583004663,1.0386696464515635
2024-02-13,-0.015149624705199913,1.0229341911151397
2024-02-14,0.01513548614255813,1.0384167973895118
2024-02-15,0.005117702047776136,1.0437311051599572
2024-02-16,-0.0028491315102615257,1.040757377980006
2024-02-20,-0.0018742818603575183,1.0388067053054246
2024-02-21,-0.003760610443215881,1.0349001579609705
2024-02-22,0.00765622166631284,1.0428235829728216
2024-02-23,-9.562610576713544e-05,1.0427238618145798
2024-02-26,0.00463689333547394,1.0475588611401674
2024-02-27,0.0041859167187502655,1.051943855290889
2024-02-28,-0.006482700440354056,1.045124418396967
2024-02-29,0.002462732534119493,1.047698280304356
2024-03-01,0.009030881795199563,1.0571599196308186
2024-03-04,-0.0030990907983054726,1.0538836850515534
2024-03-05,-0.010085053931983102,1.0432552112497713
2024-03-06,0.009317689941960323,1.052975939838531
2024-03-07,0.00959250315460207,1.063076614863152
2024-03-08,-0.006600601974829232,1.0560596692596915
2024-03-11,-0.004426477230269044,1.051385045179908
2024-03-12,0.005591356673123402,1.0572637139682968
2024-03-13,-0.006093141965099505,1.0508216560645396
2024-03-14,-0.005514445667351771,1.045026957136095
2024-03-15,-0.00045052712076008,1.0445561441499798
2024-03-18,0.0015116695803625711,1.0461351678980721
2024-03-19,-0.001584743936636304,1.0444773115338437
2024-03-20,0.014301224597852645,1.0594146161534506
2024-03-21,0.008188200533539887,1.0680893154786781
2024-03-22,-0.004821899336191781,1.062939096317378
2024-03-25,-7.645777549664604e-06,1.0629309693214988
2024-03-26,-7.652743389326863e-05,1.0628496259420108
2024-03-27,0.005069992496067094,1.0682382655699845
2024-03-28,0.005193250643259895,1.0737858946298107
2024-04-01,0.0022847786993066646,1.0762392577694768
2024-04-02,-0.0039953863989296715,1.0719392660769904
2024-04-03,0.0068068644852845,1.079235811397632
2024-04-04,-0.010704494669073453,1.0676831374078528
2024-04-05,0.008206097385800887,1.076444649210599
2024-04-08,0.004159679242465948,1.0809223136735837
2024-04-09,-0.005196109523763058,1.0753057229450564
2024-04-10,-0.007579443599159016,1.0671555038661416
2024-04-11,0.003706240829158267,1.071110639165631
2024-04-12,-0.016908511349458318,1.0529997527667734
2024-04-15,-0.011577996483550694,1.0408081253320598
2024-04-16,-0.0060631206098207165,1.0344975801364902
2024-04-17,-0.00223044034591069,1.0321901949960068
2024-04-18,0.0021746780601446833,1.034434876366961
2024-04-19,-0.0017306933721826525,1.032644586782478
2024-04-22,0.01051088704225156,1.0434985973889412
2024-04-23,0.011466003021239074,1.0554633554592616
2024-04-24,-0.0035714258436716265,1.051693846354526
2024-04-25,-0.0014213471326313353,1.050199024321604
2024-04-26,0.007899421983570536,1.0584949895814544
2024-04-29,0.0018382805750280175,1.0604408003595664
2024-04-30,-0.01839248100414538,1.0409366630829324
2024-05-01,0.00021919835618276073,1.0411648346883706
2024-05-02,0.011298431626500037,1.0529283643850136
2024-05-03,0.009163058124856968,1.062576408189184
2024-05-06,0.012944418418163482,1.0763308418180542
2024-05-07,-0.004524407015806874,1.0714610830060032
2024-05-08,-0.0013606807632022177,1.0700031665218372
2024-05-09,0.006185413699684339,1.076621578766747
2024-05-10,-0.0046947117955634604,1.0715671507415525
2024-05-13,-0.00048652347163310436,1.0710458081712857
2024-05-14,0.008972653510313294,1.0806559311016803
2024-05-15,0.013225138208757734,1.094947755146614
2024-05-16,-0.003852774560147233,1.0907291682908948
2024-05-17,0.00816303640413943,1.0996328301987102
2024-05-20,0.0071671404398685,1.1075140531250345
2024-05-21,-0.0021652135286553595,1.1051160487140321
2024-05-22,-0.007232103968864166,1.097123734552072
2024-05-23,-0.008804323221279027,1.0874643025793387
2024-05-24,0.01031403193286396,1.0986804441219917
2024-05-28,-0.0007593231977328713,1.0978461905738746
2024-05-29,-0.01012778535196203,1.0867274400062732
2024-05-30,-0.0002825159497821206,1.0864204221714056
2024-05-31,0.005101164393143185,1.0919624313449698
2024-06-03,0.003942415449970783,1.096267400905092
2024-06-04,-0.013677207439856821,1.0812735242533602
2024-06-05,0.016135405087244377,1.0987203105773007
2024-06-06,0.005497189703939275,1.1047601845561152
2024-06-07,-0.012754350631095103,1.0906696857990132
2024-06-10,0.0061689904235173705,1.097398016645928
2024-06-11,-0.006852217425930494,1.0898784068330853
2024-06-12,0.013998586779854036,1.1051351642906273
2024-06-13,-0.004553705769544981,1.10010270391687
2024-06-14,-0.00015712343928758518,1.099929851996461
2024-06-17,0.00742907087908704,1.1081013088289664
2024-06-18,0.0037797784735608044,1.1122896863026026
2024-06-20,0.0011524259131816229,1.1135715177600625
2024-06-21,-0.007377245381681072,1.1053564274234955
2024-06-24,-1.563070574646394e-05,1.1053391499224334
2024-06-25,0.0010593300735327557,1.1065100689253993
2024-06-26,-0.0021953391602325977,1.1040809040398956
2024-06-27,0.0038847722223362153,1.1083700068671216
2024-06-28,-0.0014317434678894653,1.106783105349785
2024-07-01,0.0025470645249259117,1.1096021533342089
2024-07-02,0.0022577871838326924,1.11210739885516
2024-07-03,0.010285829523567682,1.1235463459716826
2024-07-05,0.0050781316219530425,1.129251862199891
2024-07-08,-0.0001840925747100531,1.1290439753170824
2024-07-09,-0.0004948722861385902,1.1284852427438663
2024-07-10,0.005932988027438477,1.1351805321782067
2024-07-11,-0.002194451735363288,1.1326894332894177
2024-07-12,0.005421737127911692,1.1388305776442762
2024-07-15,0.004531154342547777,1.1439907947615953
2024-07-16,0.005685585243529839,1.1504950519430257
2024-07-17,-0.019231027389514568,1.1283698500876085
2024-07-18,-0.007782170073846166,1.1195886840080265
2024-07-19,-0.00706446114241083,1.111679393254369
2024-07-22,0.01091340844175886,1.1238116045292406
2024-07-23,-0.007055113596301482,1.115882985998445
2024-07-24,-0.01802285001862322,1.0957715943034614
2024-07-25,-0.009366248959660085,1.0855083247482915
2024-07-26,0.011756402962087307,1.0982699980327328
2024-07-29,-0.0014573560701860745,1.0966694275843967
2024-07-30,-0.005623587162767651,1.0905022114696332
2024-07-31,0.02048882014396816,1.112845315147034
2024-08-01,-0.021958436642751617,1.088408971801195
2024-08-02,-0.015429168047829308,1.071615726870509
2024-08-05,-0.020569399098526526,1.049573235304252
2024-08-06,0.004430653818624151,1.0542235309671784
2024-08-07,-0.0015413244783766048,1.052598630433218
2024-08-08,0.012393772227172287,1.0656442981054408
2024-08-09,0.002599556330627714,1.0684145004867782
2024-08-12,0.0019299139739823883,1.070476448561273
2024-08-13,0.004293722675600726,1.0750727775621571
2024-08-14,0.0002683291093992065,1.0753612508830996
2024-08-15,0.007389665346118763,1.0833078106533094
2024-08-16,0.005083825414340245,1.088815158432662
2024-08-19,0.006252898112565081,1.0956234086817578
2024-08-20,-0.0007431480682427198,1.0948091982620745
2024-08-21,0.0038215273951473588,1.0989930416056923
2024-08-22,-0.004462885764957419,1.094088361204523
2024-08-23,0.007496541757795199,1.1022902402910104
2024-08-26,0.0005519185561156033,1.1028986147288522
2024-08-27,0.0016392816950064417,1.104706576239425
2024-08-28,-0.0033652569058483447,1.1009889548047993
2024-08-29,0.00022198794329669652,1.1012333610784688
2024-08-30,0.004256345547334532,1.1059205907914713
2024-09-03,-0.009104490885060707,1.0958517468530093
2024-09-04,0.0027160977147552318,1.0988281872783474
2024-09-05,-0.0006754492810816896,1.098085984569218
2024-09-06,-0.01059779088970556,1.0864486989258368
2024-09-09,0.006338035627933359,1.0933346494875507
2024-09-10,0.00264162219753184,1.0962228265669676
2024-09-11,0.0009455615604004936,1.097259372733403
2024-09-12,0.007817577329264419,1.1058372827300065
2024-09-13,0.008976927048730618,1.1157643033448401
2024-09-16,0.0037691835389285096,1.1199698237903315
2024-09-17,-0.000508962534327287,1.1193998011104451
2024-09-18,-0.0034416889220026765,1.1155471752156714
2024-09-19,0.007371154249396028,1.123770045516664
2024-09-20,0.004400566151035157,1.1287152699405119
2024-09-23,0.0021422494059161147,1.1311332595569903
2024-09-24,0.003754867395706095,1.1353805149534997
2024-09-25,-0.0014544349680123466,1.1337291778305514
2024-09-26,0.0018407774945225458,1.1358161209859854
2024-09-27,-0.0009872958543493899,1.1346947344384326
2024-09-30,-0.0007913156498977616,1.133796832737215
2024-10-01,-0.0012549107132330236,1.1323740189451834
2024-10-02,-0.0010734478425192585,1.1311584744976217
2024-10-03,-0.005550970982889448,1.1248794466286358
2024-10-04,0.0046445340421140575,1.1301039875117769
2024-10-07,-0.008781411763697643,1.1201800790616394
2024-10-08,-0.0035887850237500845,1.11615999357
2024-10-09,0.0010224485545630533,1.1173012097420867
2024-10-10,-0.0002791099510635216,1.1169893598561125
2024-10-11,0.006505249616081742,1.1242556544604838
2024-10-14,0.0026833959131338453,1.1272724774889806
2024-10-15,-0.0027992496322821942,1.1241169604208878
2024-10-16,0.005706033699722428,1.1305312096794788
2024-10-17,-0.002718054018450442,1.1274583647820258
2024-10-18,0.00800141967404927,1.1364796323236641
2024-10-21,-0.005999279949265709,1.129661572852716
2024-10-22,-0.001732329839161794,1.1277046264019086
2024-10-23,-0.004372234904618946,1.1227740368722539
2024-10-24,-0.00042669873604642367,1.1222949506098547
2024-10-25,-0.006470948674539344,1.1150326375867636
2024-10-28,0.004048957751395086,1.119547357627779
2024-10-29,-0.0018038550786704103,1.1175278564409101
2024-10-30,-0.0019113677168069523,1.1153918497734765
2024-10-31,-0.005835293892053551,1.108883210525247
2024-11-01,-0.0014923147541642241,1.1072284077495353
2024-11-04,-1.5240214498550615e-06,1.1072267203096922
2024-11-05,0.008988148233255822,1.1171786381996573
2024-11-06,0.002429780727948312,1.1198931373244303
2024-11-07,0.007852561449438836,1.1286871670020753
2024-11-08,-0.0033734135308935466,1.1248796384407644
2024-11-11,-0.0022738771319644148,1.1223218003547017
2024-11-12,-0.006411469984065336,1.1151260678192654
2024-11-13,-0.0033468145449632694,1.1113939476760202
2024-11-14,-0.002897448452002393,1.1081737410027614
2024-11-15,-0.002267609322880559,1.1056608358962923
2024-11-18,0.007830133689479627,1.1143183080565822
2024-11-19,0.002695897340738329,1.1173223958200078
2024-11-20,0.0008955612690423601,1.118323026482738
2024-11-21,0.005002900286302188,1.1239178850721068
2024-11-22,0.004380894148983811,1.1288416503587575
2024-11-25,0.0018476866696217698,1.130927396028239
2024-11-26,0.0011018846937688167,1.1321735476156862
2024-11-27,0.002624893392400921,1.1351453824798738
2024-11-29,0.0034557351365066677,1.139068144263153
2024-12-02,-0.004649352262948799,1.1337722152089702
2024-12-03,0.0007950996883933326,1.134673677143992
2024-12-04,0.0016356378413183497,1.1365295923478764
2024-12-05,6.331147368465472e-05,1.136601547711254
2024-12-06,-0.0006004171157113268,1.1359191126882642
2024-12-09,-0.00046323449804016914,1.1353929157682838
2024-12-10,-0.003335971865840102,1.1316052769446066
2024-12-11,0.0026838009003345483,1.1346422802056937
2024-12-12,-0.0052809680022165295,1.1286502706299655
2024-12-13,-0.0028386281169355963,1.1254464522375682
2024-12-16,-9.565742298763213e-05,1.1253387949302365
2024-12-17,-0.0037859173792449295,1.1210783552289716
2024-12-18,-0.023732593899999377,1.0944722578942432
2024-12-19,0.00022000887354881979,1.094713051502833
2024-12-20,0.007647632960748475,1.1030850151180676
2024-12-23,0.00037142204753373514,1.1034947252129865
2024-12-24,0.0073538240645608715,1.1116096312783739
2024-12-26,0.0013220211243466463,1.113079202692951
2024-12-27,-0.006668997218243127,1.1056560805865074
2024-12-30,-0.007016645387200972,1.0978980839488295
2024-12-31,0.0002843459657515269,1.0982102668398066
2025-01-02,0.0007947699119056971,1.0990830913168368
2025-01-03,0.006143092205993761,1.1058348600888448
2025-01-06,0.0009638859534887531,1.1069007587773627
2025-01-07,-0.0028761234198632734,1.1037171755815787
2025-01-08,5.699065568655928e-05,1.1037800771471076
2025-01-10,-0.008087683874125241,1.094853052816584
2025-01-13,-0.001027950043392658,1.0937275985734327
2025-01-14,0.00523319982481869,1.0994512936506866
2025-01-15,0.009670958000320943,1.1100840409349808
2025-01-16,0.0031595885747614694,1.1135914497877442
2025-01-17,0.003275975277735349,1.1172395478467463
2025-01-21,0.007547074658160538,1.1256714381253952
2025-01-22,-0.0009876371404374733,1.1245596832051727
2025-01-23,0.0009449925389403877,1.125622383715395
2025-01-24,0.00317901335791123,1.12920075230919
2025-01-27,-0.003297128318165278,1.1254776325318578
2025-01-28,0.0021485124562567555,1.1278957352445909
2025-01-29,-0.0010930738301501365,1.126662861933257
2025-01-30,0.005985440768771389,1.133406435759733
2025-01-31,-0.001969332872262319,1.1311743812081578
2025-02-03,-0.000667782255611247,1.130419003028385
2025-02-04,0.0044805309910250545,1.1354838804042973
2025-02-05,0.0035607781501994077,1.1395270865955445
2025-02-06,-0.0001697310977632347,1.1393336734122057
2025-02-07,-0.0008135243062200783,1.13840679777599
2025-02-10,0.005357929753709994,1.1445063014296197
2025-02-11,-0.0018636536274698847,1.1423733381092982
2025-02-12,-0.0013437084410290224,1.1408383214120743
2025-02-13,0.008276503757716398,1.1502804740661883
2025-02-14,1.9744823539017992e-05,1.1503031861511692
2025-02-18,0.004581162568814713,1.1555729120503533
2025-02-19,-0.000543118577314746,1.1549452989343771
2025-02-20,-0.0024832799800355693,1.1520772463954971
2025-02-21,-0.009069013560145122,1.1416290422256017
2025-02-24,-0.0025561749998258177,1.1387108386087894
2025-02-25,-0.00393964989208073,1.134224716576353
2025-02-26,0.0025353470752449364,1.1371003698941955
2025-02-27,-0.006508219138826143,1.1296998715040838
2025-02-28,0.006465510464659098,1.1370039578452176
2025-03-03,-0.004951167624221421,1.1313744606605227
2025-03-04,-0.00577698936673573,1.1248385224314905
2025-03-05,0.009242432731318957,1.1352347668086598
2025-03-06,-0.011908644786402148,1.1217156592215614
2025-03-07,0.0018793850935342744,1.1238237949106864
2025-03-10,-0.01573782899161524,1.1061372482096739
2025-03-11,-0.001480398242464616,1.1044997245714996
2025-03-12,0.0028257738928950493,1.1076207910579035
2025-03-13,-0.0038614049720719942,1.1033438186281421
2025-03-14,0.01437846598890201,1.119208210198352
2025-03-17,0.009756153391216342,1.1301273771737559
2025-03-18,-0.004442604716018746,1.1251066679582218
2025-03-19,0.006074417411844337,1.1319410354922494
2025-03-20,-0.0033866641438828216,1.1281075313743583
2025-03-21,-0.003592657502886167,1.1240546273877037
2025-03-24,0.007765212457292348,1.132783150382972
2025-03-25,0.0011641386325379,1.1341018670106207
2025-03-26,-0.0036559096833038915,1.1299556930131636
2025-03-27,0.0027553104270506574,1.133069071716228
2025-03-28,-0.00973293438152069,1.1220409847914834
2025-03-31,0.0034523790335211895,1.125914695562129
2025-04-01,0.0020892083364193095,1.1282669659301945
2025-04-02,0.0046177728485156735,1.1334770464913442
2025-04-03,-0.013265582301658363,1.1184408134440726
2025-04-04,-0.0294581719612696,1.0854935916331347
2025-04-07,-0.012259909420796276,1.0721855385228578
2025-04-08,-0.006818599487495911,1.0648747347593854
2025-04-09,0.03247876684206479,1.0994605529856412
2025-04-10,-0.0077943414388073,1.0908909820371713
2025-04-11,0.01059917243929391,1.102453523668254
2025-04-14,0.006078619114273258,1.1091549187298217
2025-04-15,0.002284634206958795,1.1116889319979686
2025-04-16,-0.00024221376362112696,1.1114196656377735
2025-04-17,0.00324835373975715,1.1150299498650877
2025-04-21,-0.003963953425407776,1.1106100230758877
2025-04-22,0.009772109374543982,1.12146302569385
2025-04-23,0.0027329255264586984,1.1245279006237485
2025-04-24,0.007322148617743907,1.1327618610369152
2025-04-25,-0.0026836849758041206,1.1297218850492865
2025-04-28,0.00281395743611938,1.1329008743484679
2025-04-29,0.0018973603256847982,1.1350503955203903
2025-04-30,-0.001847738018017073,1.132953119752222
2025-05-01,-0.0013237711105479196,1.1314533491426888
2025-05-02,0.008726224403843805,1.1413266649697884
2025-05-05,0.002349604426748262,1.1440083311541673
2025-05-06,0.003212472963128787,1.1476834269875942
2025-05-07,-0.0013360906297261738,1.146150017914904
2025-05-08,-0.0013875255058166352,1.1445597055315548
2025-05-09,0.0011693385501395839,1.1458980833181693
2025-05-12,-3.655229874188244e-05,1.1458561981091002
2025-05-13,0.0014859195082102437,1.1475588481874741
2025-05-14,-0.0022657938427605674,1.1449587164150454
2025-05-15,0.0037039283880744883,1.1491995615079484
2025-05-16,0.001314170121998057,1.1507098052358955
2025-05-19,0.002351542620402893,1.1534157483866232
2025-05-20,0.001466225583481506,1.155106916065298
2025-05-21,-0.003826845826923622,1.150686499983903
2025-05-22,-0.0011175602410983078,1.1494005385015524
2025-05-23,0.0023232678514851146,1.1520709038211328
2025-05-27,0.0027094080666599995,1.1551923340213102
2025-05-28,-0.0017952266492329682,1.1531185019582855
2025-05-29,0.001789470396548347,1.155181973381252
2025-05-30,-0.0007556202554089284,1.154309094483482
2025-06-02,0.003037343084651379,1.1578151272291615
2025-06-03,-0.000565823833708876,1.1571600078351465
2025-06-04,0.0018178952298674006,1.1592636034935833
2025-06-05,0.0004872866313844502,1.1598284971498163
2025-06-06,-0.0012632658103643392,1.1583633254634806
2025-06-09,0.0007680177190833102,1.159252969022573
2025-06-10,-0.0006697585949518015,1.1584765493828468
2025-06-11,0.0003191252717584308,1.1588462485264945
2025-06-12,0.0016238323444693632,1.1607280205471187
2025-06-13,-0.005412494524001315,1.1544455864920526
2025-06-16,0.005868563293129466,1.1612205234848552
2025-06-17,-0.0037202801832388385,1.1569004577829642
2025-06-18,-0.0014804067123004195,1.155187774579799
2025-06-20,0.00024710184651293517,1.1554732236119667
2025-06-23,0.006830969946684589,1.1633662264766589
2025-06-24,0.0064207513051020605,1.1708359116936204
2025-06-25,-0.0008628081443628849,1.1698257049332985
2025-06-26,0.0035237251790013343,1.1739478492248148
2025-06-27,-0.002034336488835643,1.1715596442791465
2025-06-30,0.0057528138219485265,1.1782994087939926
2025-07-01,-0.00026657081521688466,1.177985308560021
2025-07-02,0.001572923960423863,1.1798381898768824
2025-07-03,0.0037245445936992913,1.1842325498284283
2025-07-07,-0.00318419373021384,1.1804617239681494
2025-07-08,-0.0023474477562944267,1.177690651742829
2025-07-09,0.004443779986612946,1.182924049891465
2025-07-10,-0.0016007140272712628,1.1810305267716072
2025-07-11,-0.0007782304613087722,1.1801114128399381
2025-07-14,0.0005583193483310073,1.1807702918749128
2025-07-15,-0.003859683212598885,1.1762128926014277
2025-07-16,0.005372362279923012,1.1825319343787988
2025-07-17,0.0034141684500405838,1.1865692976003204
2025-07-18,0.0003464892681940387,1.1869804311279075
2025-07-21,0.0034946392780757897,1.1911284995648344
2025-07-22,0.00275814002961561,1.1944137987599002
2025-07-23,0.004860847299562536,1.2002196618481626
2025-07-24,-0.001882961861682772,1.1979596939992607
2025-07-25,0.001497395358078904,1.1997535132842208
2025-07-28,-0.007037541072147564,1.1913101986580297
2025-07-29,0.0007090410749914175,1.1921548865219345
2025-07-30,-0.005673674999521441,1.1853909871467176
2025-07-31,-0.0031589205185144145,1.181646431234958
2025-08-01,0.00032058225862146536,1.1820252461167753
2025-08-04,0.011718797163972942,1.195877160218713
2025-08-05,-0.00010790394516023672,1.1957481203551985
2025-08-06,0.0074220758808622965,1.2046230536388733
2025-08-07,0.004378091663892388,1.2098970037881425
2025-08-08,0.0024161110320401343,1.2128202492866273
2025-08-11,-0.002820146705651215,1.2093999182560546
2025-08-12,0.008045057563789792,1.2191296102160674
2025-08-13,0.004194119024170651,1.2242427849072042
2025-08-14,-0.004777230186757781,1.218394295319225
2025-08-15,0.0012304069130286538,1.2198934160829806
2025-08-18,0.00028827807089986345,1.2202450846036725
2025-08-19,-0.006308627619529649,1.2125470127603466
2025-08-20,0.002954552917319951,1.2161295470742854
2025-08-21,6.724165235686379e-05,1.2162113216345107
2025-08-22,0.010599126058210956,1.2291020987459382
2025-08-25,-0.0039222280493845215,1.2242812800186795
2025-08-26,0.004128874851747542,1.2293361842072141
2025-08-27,-0.0024486414651882283,1.226325980651908
2025-08-28,0.0014906107552442095,1.2281539553481031
2025-08-29,-0.001032512361493094,1.2268858712073896
2025-09-02,-0.0015572995943452014,1.2249752423378504
2025-09-03,0.0014531493690086198,1.2267553143383048
2025-09-04,0.0013405838595357963,1.2283998827123064
2025-09-05,0.007699906986019377,1.237858447550828
2025-09-08,0.008164005164326735,1.2479643303093386
2025-09-09,-0.002675933587757806,1.2446248606415402
2025-09-10,0.005268456556590678,1.2511821126490827
2025-09-11,0.010340016880379622,1.2641193568143032
2025-09-12,0.0005554530249767795,1.2648215157349774
2025-09-15,0.005232855981678145,1.2714401445693464
2025-09-16,-0.002665068925558098,1.2680516689493475
2025-09-17,-0.006146091924447627,1.2602581068270355
2025-09-18,0.0014892922679262057,1.2621349994811244
2025-09-19,0.007109409349458182,1.2711080338467138
2025-09-22,0.00721051072580857,1.2802733719584267
2025-09-23,-0.001343487205711194,1.2785533410633878
2025-09-24,-0.009405393523724024,1.2665280437496145
2025-09-25,0.00021324107798739763,1.266798119554965
2025-09-26,0.011150550873720067,1.2809236164337954
2025-09-29,0.005587666861753594,1.2880809908777802
2025-09-30,0.006728049682338469,1.2967472637792816
2025-10-01,0.003217450241649442,1.3009194835764866
2025-10-02,0.0005174209739197407,1.30159260660267
2025-10-03,0.005528742619073253,1.3087887771194648
2025-10-06,0.005267816186167167,1.3156832358238488
2025-10-07,-0.005953943707947915,1.3078497319002629
2025-10-08,0.013735670025397575,1.3258139242604496
2025-10-09,-0.011223454678942892,1.310933711768801
2025-10-10,-0.013943780209648307,1.2926543402224784
2025-10-13,0.023202907085302125,1.3226476787720731
2025-10-14,-0.0012378808060813343,1.3210103985973132
2025-10-15,0.009414429704599313,1.3334469581339523
2025-10-16,0.007960389474467377,1.3440617152642422
2025-10-17,-0.015105606130922346,1.3237588483778087
2025-10-20,0.01311862960039262,1.3411247503899195
2025-10-21,-0.027937431316227244,1.3036571697894086
2025-10-22,0.0003250806793340176,1.3040809635477824
2025-10-23,0.011857102265671568,1.319543584895284
2025-10-24,0.0013272828877981563,1.3212949925152193
2025-10-27,-0.0036695863376425583,1.3164463864626899
2025-10-28,0.005631335218463663,1.3238597373619962
2025-10-29,0.00038999846387837854,1.324376040625958
2025-10-30,0.0020228076864436556,1.3270549986606779
2025-10-31,-0.004226133682884622,1.3214466868317976
2025-11-03,0.001057582414449117,1.322844225609423
2025-11-04,-0.018712413071532378,1.298090618030528
2025-11-05,0.009243737784375435,1.31008982732396
2025-11-06,-0.00151839064423907,1.3081005991870385
2025-11-07,0.004830013029877365,1.3144187421255022
2025-11-10,0.01960728097507703,1.3401909197212645
2025-11-11,0.004423934117230345,1.3461198360546216
2025-11-12,0.008698167526476504,1.357828611899338
2025-11-13,-0.01272490361058964,1.340550373693218
2025-11-14,-0.0049123425376603296,1.3339651310686484
2025-11-17,-0.01191662895303161,1.3180687635654211
2025-11-18,-0.0026747904879576402,1.3145432057741624
2025-11-19,0.002243394313930372,1.317492244527412
2025-11-20,-0.017159426059001653,1.2948848337741357
2025-11-21,0.0031231270384752554,1.2989289236102073
2025-11-24,0.01557335045379813,1.3191575989521638
2025-11-25,0.006025513246273761,1.3271062005385725
2025-11-26,0.013558447052469615,1.345099699691579
2025-11-28,0.009750457765098284,1.358215037503268
2025-12-01,-0.0010104175140074648,1.3568426732415864
2025-12-02,0.0009672275772951904,1.3581550488931966
2025-12-03,0.0029281262017657457,1.3621318982779211
2025-12-04,-5.834838467186332e-06,1.3621239504583238
2025-12-05,0.0014535768647237707,1.364103902319596
2025-12-08,-0.0022879268449713993,1.3609829323821487
2025-12-09,0.008315043204494305,1.3722995642654856
2025-12-10,0.009228937065834579,1.3849644305795639
2025-12-11,0.012507503795990528,1.4022868784523497
2025-12-12,-0.007600457559984511,1.3916288565457495
2025-12-15,0.0026438554964585137,1.3953081221471584
2025-12-16,-0.003587684706142095,1.390302196536975
2025-12-17,0.0004717946863384787,1.3909581337257058
2025-12-18,0.005117041309173092,1.3980757239553103
2025-12-19,0.012686776002951773,1.415812797500296
2025-12-22,0.01661063856349205,1.4393303521531402
2025-12-23,0.005086553749612009,1.4466515833528153
2025-12-24,0.0022072248974098073,1.4498446687454691
2025-12-26,0.008251089697177283,1.4618074671542622
2025-12-29,-0.01565959905273646,1.4389161483263302
2025-12-30,0.004162742248482862,1.4449059853689925
2025-12-31,-0.010525500291223032,1.4296976269992012
2026-01-02,0.014738671626534776,1.4507694708487784
2026-01-05,0.018235834008198407,1.4772254621033387
2026-01-06,0.01973969153305373,1.5063854370500314
2026-01-07,-0.004310284847250826,1.4998924867265953
2026-01-08,-0.0024978115817371237,1.4961460379018892
2026-01-09,0.012100221811647523,1.5142497368231196
2026-01-12,0.015518332366813643,1.5377483675255006
2026-01-13,-0.0012283407503640485,1.5358594885418633
2026-01-14,0.0132440631425092,1.5562005085861337
2026-01-15,-0.00015061102895006743,1.5559661276262828
2026-01-16,0.00020992251049195426,1.5562927599420344
2026-01-20,0.007396730840564939,1.5678042385964455
2026-01-21,0.008706763741709084,1.5814547396951548
2026-01-22,0.016158768264875986,1.6070091003552787
2026-01-23,0.009175706300196703,1.6217545438818821
2026-01-26,0.006047078501937295,1.6315614209196094
2026-01-27,0.01767127734863449,1.660393195300012
2026-01-28,0.006096479876471182,1.670515749002188
2026-01-29,-0.005001726276975005,1.6621602864843033
2026-01-30,-0.05414357957241674,1.5721649787509293
2026-02-02,-0.004438327152601001,1.5651871962373707
2026-02-03,0.02089873763008217,1.5978976327934995
2026-02-04,-0.006396025696103347,1.5876774384744097
2026-02-05,-0.028921572661046342,1.541759310075268
2026-02-06,0.03250107807115728,1.5918681497789577
2026-02-09,0.020922229964886435,1.6251735812824113
2026-02-10,-0.005485655056624767,1.6162584396083564
2026-02-11,0.012490020821272724,1.6364455411716226
2026-02-12,-0.020568426635312595,1.6027864311153497
2026-02-13,0.01103177535354771,1.6204680109631284
2026-02-17,-0.007565717154093243,1.6082080083349253
2026-02-18,0.012135484227015613,1.627724391253834
2026-02-19,0.004874056176715093,1.6356580113770145
2026-02-20,0.015197170841178168,1.6605153856136528
2026-02-23,0.005959700528251542,1.670411560034464
2026-02-24,0.006102789214679017,1.6806057296871175
2026-02-25,0.006127519167211521,1.6909036735083007
2026-02-26,0.00048441186839481116,1.6917227673160606
2026-02-27,0.004812061452709918,1.699863441233334
2026-03-02,-0.00376963621892389,1.6934555744380362
2026-03-03,-0.04347493082809934,1.6198327104788832
2026-03-04,0.011440041567283185,1.6383636640188068
2026-03-05,-0.022142944321088685,1.6020854686287436
2026-03-06,-0.0007502932028123135,1.600883434791307
2026-03-09,0.011185226524940615,1.6187896786494727
2026-03-10,-0.0012117314749758997,1.616828140244487
2026-03-11,-0.0004871029640852819,1.6160405784649574
2026-03-12,-0.027302614667762,1.5719184452636616
2026-03-13,-0.011090287435306625,1.5544854178808274
2026-03-16,0.018509265847584503,1.583257801736577
2026-03-17,0.007686862870738911,1.5954280873475537
2026-03-18,-0.016719077197867502,1.5687540019915438
2026-03-19,-0.003358072128623714,1.563486012900789
2026-03-20,-0.03088047962377567,1.5152048149373478
2026-03-23,0.020684350163675654,1.5465458418991995
2026-03-24,-0.0040898248160939656,1.5402207403357733
2026-03-25,0.015590718313806214,1.5642338880394304
2026-03-26,-0.024429098393201693,1.5260210644785346
2026-03-27,-0.001231380479052611,1.5241419519291126
2026-03-30,-0.01395688293647323,1.5028696811274702
2026-03-31,0.04116587369329619,1.5647366245982481
2026-04-01,0.01239583436963583,1.584132840628871
2026-04-02,-0.008260081209748603,1.5710477747182467
2026-04-06,0.00560055025184507,1.5798465067286056
2026-04-07,0.002691547068775678,1.5840987379629063
2026-04-08,0.026766603224235515,1.6264996803499716
2026-04-09,0.00041016035065170745,1.6271668060291988
2026-04-10,0.00013772829726568661,1.6273909129427604
2026-04-13,0.0045181097567277406,1.634743643704537
2026-04-14,0.010851162269458746,1.6524825122513411
2026-04-15,-0.003975767635155342,1.645912625761472
2026-04-16,0.0004483652839497814,1.646650595843278
2026-04-17,0.011508424796573113,1.6656009503917726
2026-04-20,-0.005779208623949801,1.6559750950152095
2026-04-21,-0.015096301645847219,1.6309759954628493
2026-04-22,0.011661723261563225,1.6499959861681897
2026-04-23,-0.008187832736614503,1.6364860950173592
2026-04-24,0.004087512761437965,1.6431752528146584
2026-04-27,0.00010979666665408582,1.643355667980146
2026-04-28,-0.005431302170103103,1.634430106774394
2026-04-29,-0.004303628365315648,1.627396127005754
2026-04-30,0.017981110048767245,1.656658515858382
2026-05-01,-0.0014593184709984059,1.654240923486053
2026-05-04,-0.0005643367404139852,1.6533073745554334
2026-05-05,0.011411463494050832,1.6721740313046176
2026-05-06,0.009631622106956539,1.68827977967121
2026-05-07,-0.010505014479531498,1.6705443761402636
2026-05-08,0.012333455772521262,1.6911479613194236
2026-05-11,0.007310370455904977,1.703510879412417
2026-05-12,-0.008857269326593182,1.6884224247526796
2026-05-13,0.005565534384852312,1.6978193978137965
2026-05-14,-0.0004148746490099624,1.6971150155870462
2026-05-15,-0.016298208523500977,1.669455081174644
2026-05-18,0.0017791373997827133,1.672425271146819
2026-05-19,-0.005249317192350062,1.6636461804180673
2026-05-20,0.010548180148036481,1.6811946200317098
2026-05-21,0.0009441886139805388,1.682781984849829
2026-05-22,0.0006908574506814589,1.683944547321935
2026-05-26,0.01441523829357361,1.7082190092447447
2026-05-27,-0.006489874696624855,1.6971328819203535
2026-05-28,0.004586160198619799,1.7049162051951856
2026-05-29,-0.0011998890412240632,1.7028704949243667
2026-06-01,0.003218074103679257,1.7083504583660025
2026-06-02,0.0010108565077318675,1.7100773555443285
2026-06-03,-0.00431590202240843,1.70269682922706
2026-06-04,-0.0013046112540619672,1.7004754717813946
2026-06-05,-0.040557024357194785,1.6315092466535444
2026-06-08,0.013169476839534754,1.652995369890835
2026-06-09,-0.006127496115141925,1.6428666471834814
2026-06-10,-0.011040088785772008,1.624729253535392
2026-06-11,0.028981708143708696,1.6718166825739005
2026-06-12,0.0047183076769750296,1.679704828061784
2026-06-15,0.005208223393053402,1.6884531060407202
2026-06-16,-0.011723998359816733,1.6686576845948713
2026-06-17,-0.005942213171627773,1.6587421649225338
2026-06-18,0.011730127434995349,1.678199421898875
2026-06-22,0.0035115466421950046,1.6840924974437776
2026-06-23,-0.02234052208928588,1.6464689918042343
2026-06-24,-0.0022233533392446913,1.6428083094733434
2026-06-25,0.007937697462249945,1.6558484248224132
2026-06-26,-0.007707574686846799,1.643085849417997
2026-06-29,0.007375685491090653,1.6552047338781657
2026-06-30,0.006835810255746576,1.6665193993733705
2026-07-01,-0.01438923639030733,1.642539457786754
2026-07-02,-0.002642646330065802,1.6381988069166455
2026-07-06,0.009914845076137864,1.6544412942911382
2026-07-07,-0.009919126131630082,1.6380306824156872
2026-07-08,-0.0014687075398382764,1.6356248944019367
2026-07-09,0.006282383356241268,1.6459005170155814
2026-07-10,-0.0009118138596653709,1.6443997621125364
2026-07-13,-0.013349537586685143,1.622447785680679
2026-07-14,0.0072921670933209825,1.6342789460340512
2026-07-15,-0.001889834024045692,1.6311904300770546
2026-07-16,-0.007214542618758716,1.6194221371999522
2026-07-17,-0.004488133891383364,1.6121539538215286
2026-07-20,-0.003268060894959325,1.6068853365283904
2026-07-21,0.01329812415246799,1.628253897232325
2026-07-22,-0.00150041855460611,1.625810834873308
2026-07-23,-0.004608915870429646,1.6183176095141438
2026-07-24,-0.0037930571402751416,1.6121792383501432
2026-07-27,0.00038139075300805636,1.6127941086038418
2026-07-28,-0.006817127542169436,1.6017994854662299
2026-07-29,-0.013007479341427838,1.580964111749918
2026-07-30,0.02053356889667903,1.613426947261712
2026-07-31,-0.001087917446294547,1.6116716719374642
2026-08-03,0.005964390321619828,1.6212843108591968
2026-08-04,0.012633916458835472,1.6417674813986123
2026-08-05,-0.0019943366945854484,1.638493244266482
2026-08-06,-0.0008671205775891631,1.6370724730581376
2026-08-07,0.005594790543017898,1.646231550648638
2026-08-10,-0.0003882349975844426,1.6455924259465484
2026-08-11,0.0016660815888597047,1.6483341171901849
2026-08-12,0.004381941669801722,1.6555570211440562
2026-08-13,0.002502031241760813,1.659699276533475
2026-08-14,-0.00014812131332224039,1.659453439696915
2026-08-17,-0.0002868554780559242,1.6589774163871591
2026-08-18,-0.006064816093583234,1.648916023453363
2026-08-19,0.005226338950457122,1.6575338174927705
2026-08-20,-0.005825774511322055,1.6478773992271667
2026-08-21,0.0056636948569126,1.6572104739779923
2026-08-24,-0.0035052262608158634,1.6514015763049055
2026-08-25,0.003677975579527374,1.6574753909745479
2026-08-26,0.0009237155823276377,1.6590064268205156
2026-08-27,0.003849775285950329,1.665393228761722
2026-08-28,9.056075193374049e-05,1.6655440480247838
2026-08-31,0.0,1.6655440480247838
2026-09-01,-0.003425018473678752,1.6598395288915733
2026-09-02,0.002522260284930077,1.6640260762146533
