RebalanceDate,ANGL,ARKF,ARKG,ARKK,ARKQ,ARKW,AVDE,AVDV,AVEM,AVUS,AVUV,BBCA,BBJP,BKLN,BLOK,BLV,BND,BNDX,BOTZ,CIBR,DIA,DIV,DIVO,DSI,DVYE,EAGG,EBND,ECH,EEMV,EFAV,EFG,EFV,EIDO,EIS,EMXC,EPOL,ESGD,ESGE,ESGU,EWA,EWD,EWG,EWH,EWI,EWL,EWM,EWN,EWP,EWQ,EWS,EWT,EWU,EWW,EWY,EZA,FDN,FEZ,FNDA,FNDC,FNDE,FNDF,FTCS,GDX,GDXJ,GLDM,GNR,GOVT,GSIE,GSLC,HEFA,HYD,IBB,ICLN,ICVT,IGV,IHI,INDA,IXC,IXN,JEPI,JETS,JMOM,JQUA,KBE,KCE,KIE,KOMP,KSA,LIT,LQD,MCHI,MGC,MLPA,MOAT,OIH,PAVE,PBW,PFFD,PHO,PICK,PKW,QCLN,QQQJ,QQQM,QTEC,QYLD,REM,RSP,RYLD,SCHA,SCHP,SCZ,SDIV,SHYG,SLV,SLVP,SMH,SMIN,SPY,SPYD,SPYX,SUSB,SUSC,TAN,TDIV,THD,TMFC,TUR,UAE,URA,USHY,USMV,VBK,VBR,VCLT,VEA,VGIT,VGK,VGLT,VIG,VIGI,VMBS,VNQ,VNQI,VO,VOE,VOT,VPL,VSGX,VT,VTI,VTV,VUG,VWO,VWOB,VXUS,VYMI,WCLD,XAR,XBI,XHB,XLB,XLC,XLE,XLF,XLI,XLK,XLP,XLU,XLV,XLY,XME,XOP,XRT,XSOE,XT,XYLD,SGOV
2021-11-02,0.0,0.0,0.0,0.0,0.0,0.0,0.0,0.0,0.0,0.0,0.0,0.0,0.0,0.0,0.0,0.0,0.0,0.0,0.0,0.0,0.0,0.0,0.0,0.0,0.0,0.0,0.0,0.0,0.0,0.0,0.0,0.0,0.0,0.12,0.0,0.0,0.0,0.0,0.0,0.0,0.0,0.0,0.0,0.0,0.0,0.0,0.0,0.0,0.0,0.0,0.0,0.0,0.0,0.0,0.0,0.0,0.0,0.0,0.0,0.0,0.0,0.0,0.0,0.0,0.0,0.0,0.0,0.0,0.0,0.0,0.0,0.0,0.0,0.0,0.0,0.0,0.12,0.0,0.0,0.0,0.0,0.12,0.0,0.0,0.12,0.0,0.0,0.12,0.0,0.0,0.0,0.0,0.0,0.0,0.0,0.0,0.0,0.0,0.0,0.0,0.0,0.0,0.0,0.0,0.0,0.0,0.0,0.0,0.0,0.0,0.0,0.0,0.0,0.0,0.0,0.0,0.0,0.12,0.0,0.0,0.0,0.0,0.0,0.0,0.0,0.0,0.0,0.0,0.11923286931893594,0.0,0.0,0.0,0.0,0.0,0.0,0.0,0.0,0.0,0.0,0.0,0.0,0.0,0.0,0.0,0.0,0.0,0.0,0.0,0.0,0.0,0.0,0.0,0.0,0.0,0.0,0.0,0.0,0.0,0.0,0.0,0.0,0.0,0.0,0.0,0.0,0.0,0.0,0.0,0.0,0.0,0.040767130681064065,0.0,0.12,0.0,0.0,0.0,0.0,0.0
2021-12-02,0.0,0.0,0.0,0.0,0.0,0.0,0.0,0.0,0.0,0.0,0.0,0.0,0.0,0.0,0.0,0.0,0.0,0.0,0.0,0.0,0.0,0.0,0.0,0.0,0.0,0.0,0.0,0.0,0.0,0.0,0.0,0.0,0.0,0.11054022431452097,0.0,0.0,0.0,0.0,0.0,0.0,0.0,0.0,0.0,0.0,0.0,0.0,0.0,0.0,0.0,0.0,0.0,0.0,0.0,0.0,0.0,0.0,0.0,0.0,0.0,0.0,0.0,0.0,0.0,0.0,0.0,0.0,0.0,0.0,0.0,0.0,0.0,0.0,0.0,0.0,0.0,0.0,0.11054022431452097,0.0,0.0,0.0,0.0,0.11054022431452097,0.0,0.0,0.11054022431452097,0.0,0.0,0.0,0.0,0.0,0.0,0.0,0.0,0.0,0.0,0.0,0.0,0.0,0.0,0.0,0.0,0.0,0.0,0.0,0.0,0.0,0.0,0.0,0.0,0.0,0.0,0.0,0.0,0.0,0.0,0.0,0.0,0.11054022431452097,0.0,0.0,0.0,0.0,0.0,0.0,0.0,0.0,0.0,0.0,0.10528778062905271,0.0,0.0,0.0,0.0,0.0,0.0,0.0,0.0,0.0,0.0,0.0,0.0,0.0,0.0,0.0,0.0,0.0,0.0,0.0,0.0,0.0,0.0,0.0,0.0,0.0,0.0,0.0,0.0,0.0,0.0,0.0,0.0,0.0,0.0,0.0,0.0,0.0,0.0,0.0,0.0,0.0,0.049043573611218645,0.0,0.11054022431452097,0.0,0.0,0.0,0.0,0.18242729987260287
2021-12-31,0.0,0.0,0.0,0.0,0.0,0.0,0.0,0.0,0.0,0.0,0.0,0.0,0.0,0.0,0.0,0.0,0.0,0.0,0.0,0.021380224791086092,0.0,0.0,0.0,0.0,0.0,0.0,0.0,0.0,0.0,0.0,0.0,0.0,0.0,0.10192079504085452,0.0,0.0,0.0,0.0,0.0,0.0,0.0,0.0,0.0,0.0,0.03154713221705521,0.0,0.0,0.0,0.0,0.0,0.0,0.0,0.0,0.0,0.0,0.0,0.0,0.0,0.0,0.0,0.0,0.0232242955623807,0.0,0.0,0.0,0.0,0.0,0.0,0.0,0.0,0.0,0.0,0.0,0.0,0.0,0.0,0.09044103599347722,0.0,0.0,0.0,0.0,0.09044103599347722,0.0,0.0,0.09044103599347722,0.0,0.0,0.0,0.0,0.0,0.0,0.0,0.0,0.0,0.0,0.0,0.0,0.0,0.0,0.0,0.0,0.0,0.0,0.0,0.0,0.0,0.0,0.0,0.0,0.0,0.0,0.0,0.0,0.0,0.0,0.0,0.0,0.09044103599347722,0.0,0.0,0.0,0.0,0.0,0.0,0.0,0.0,0.0,0.0,0.09857842265177742,0.0,0.0,0.0,0.0,0.0,0.0,0.0,0.0,0.0,0.0,0.0,0.0,0.0,0.03157894736842104,0.0,0.0,0.0,0.0,0.0,0.0,0.0,0.0,0.0,0.0,0.0,0.0,0.0,0.0,0.0,0.0,0.0,0.0,0.0,0.0,0.0,0.0,0.0,0.0,0.03157894736842104,0.0,0.03157894736842104,0.03120868991957473,0.0,0.09044103599347722,0.0,0.0,0.0,0.02911150532421483,0.11608691242040729
2022-02-02,0.0,0.0,0.0,0.0,0.0,0.0,0.0,0.0,0.0,0.0,0.0,0.0,0.0,0.023450251644116012,0.0,0.0,0.0,0.0,0.0,0.0,0.0,0.0,0.0,0.0,0.0,0.0,0.0,0.0,0.0,0.0,0.0,0.0,0.0,0.08808163499099586,0.0,0.0,0.0,0.0,0.0,0.0,0.0,0.0,0.0,0.0,0.0,0.0,0.0,0.0,0.0,0.0,0.0,0.0,0.0,0.0,0.0,0.0,0.0,0.0,0.0,0.0,0.0,0.0,0.0,0.0,0.0,0.0,0.0,0.0,0.0,0.0,0.0,0.0,0.0,0.0,0.0,0.0,0.07816063755577811,0.0,0.0,0.0,0.0,0.0,0.0,0.0,0.0,0.0,0.0,0.02345025164411601,0.0,0.0,0.0,0.0,0.0,0.0,0.0,0.0,0.0,0.0,0.0,0.0,0.0,0.0,0.0,0.0,0.0,0.0,0.0,0.0,0.0,0.0,0.0,0.0,0.0,0.0,0.0,0.0,0.0,0.07816063755577811,0.0,0.0,0.0,0.0,0.0,0.0,0.02345025164411601,0.0,0.0,0.0,0.09017067419507713,0.0,0.0,0.0,0.0,0.0,0.0,0.0,0.0,0.0,0.0,0.0,0.0,0.0,0.0,0.0,0.0,0.0,0.0,0.0,0.0,0.0,0.0,0.0,0.0,0.0,0.0,0.0,0.0,0.0,0.0,0.0,0.0,0.0,0.0,0.02345025164411601,0.0,0.0,0.0,0.04482369884947788,0.023180858305308815,0.027291048057368157,0.0,0.0,0.07816063755577811,0.0,0.0,0.0,0.025158643876140085,0.37301052248183364
2022-03-02,0.0,0.0,0.0,0.0,0.0,0.0,0.0,0.0,0.0,0.0,0.0,0.023070705810480714,0.0,0.0,0.0,0.0,0.0,0.0,0.0,0.0,0.0,0.0,0.0,0.0,0.0,0.0,0.0,0.0,0.0,0.0,0.0,0.0,0.023070705810480714,0.0,0.0,0.0,0.0,0.0,0.0,0.0,0.0,0.0,0.0,0.0,0.0,0.0,0.0,0.0,0.0,0.0,0.0,0.0,0.0,0.0,0.0,0.0,0.0,0.0,0.0,0.0,0.0,0.0,0.0,0.0,0.023070705810480714,0.023070705810480714,0.0,0.0,0.0,0.0,0.0,0.0,0.0,0.0,0.0,0.0,0.0,0.0,0.0,0.0,0.0,0.0,0.0,0.0,0.0,0.0,0.0,0.0365762960711566,0.0,0.0,0.0,0.0,0.0,0.0,0.0,0.0,0.0,0.0,0.0,0.0,0.0,0.0,0.0,0.0,0.0,0.0,0.0,0.0,0.0,0.0,0.0,0.0,0.0,0.0,0.0,0.0,0.0,0.0,0.0,0.0,0.0,0.0,0.0,0.0,0.0,0.0,0.0,0.0,0.07500226704441645,0.0,0.0,0.0,0.0,0.0,0.0,0.0,0.0,0.0,0.0,0.0,0.0,0.0,0.0,0.0,0.0,0.0,0.0,0.0,0.0,0.0,0.0,0.0,0.0,0.0,0.0,0.0,0.0,0.0,0.0,0.0,0.0,0.0,0.0,0.0365762960711566,0.0,0.0,0.0,0.03590793851877633,0.0,0.0,0.0,0.023070705810480714,0.0626139171906812,0.0,0.0,0.0,0.0,0.6379697560514093
2022-04-01,0.0,0.0,0.0,0.0,0.0,0.0,0.0,0.0,0.0,0.0,0.0,0.0,0.0,0.0,0.0,0.0,0.0,0.0,0.0,0.0,0.0,0.0,0.0,0.0,0.0,0.0,0.0,0.0,0.0,0.0,0.0,0.0,0.050260124047665576,0.0,0.0,0.0,0.0,0.0,0.0,0.0,0.0,0.0,0.0,0.0,0.0,0.0,0.0,0.0,0.0,0.0,0.0,0.0,0.0,0.0,0.0,0.0,0.0,0.0,0.0,0.0,0.0,0.0,0.03329224955046198,0.0,0.05003582592749887,0.0,0.0,0.0,0.0,0.0,0.0,0.0,0.0,0.0,0.0,0.0,0.0,0.0,0.0,0.0,0.0,0.0,0.0,0.0,0.0,0.0,0.0,0.06019311710112035,0.0,0.0,0.0,0.0,0.0,0.0,0.0,0.0,0.0,0.0,0.0,0.0,0.0,0.0,0.0,0.0,0.0,0.0,0.0,0.0,0.0,0.0,0.0,0.0,0.0,0.0,0.0,0.0,0.0,0.0,0.0,0.03329224955046198,0.0,0.0,0.0,0.0,0.0,0.0,0.0,0.0,0.08845437006249543,0.0,0.0,0.0,0.0,0.0,0.0,0.0,0.0,0.0,0.0,0.0,0.0,0.0,0.0,0.0,0.0,0.0,0.0,0.0,0.0,0.0,0.0,0.0,0.0,0.0,0.0,0.0,0.0,0.0,0.0,0.0,0.0,0.0,0.0,0.06019311710112035,0.0,0.0,0.0,0.032344277430377474,0.03329224955046198,0.0,0.0,0.0,0.05639983781188363,0.0,0.0,0.0,0.0,0.5022425818664524
2022-05-02,0.0,0.0,0.0,0.0,0.0,0.0,0.0,0.0,0.0,0.0,0.0,0.0,0.0,0.0,0.0,0.0,0.0,0.0,0.0,0.0,0.0,0.0,0.0,0.0,0.0,0.0,0.0,0.0,0.0,0.0,0.0,0.0,0.05613258193541911,0.0,0.0,0.0,0.0,0.0,0.0,0.0,0.0,0.0,0.0,0.0,0.0,0.0,0.0,0.0,0.0,0.0,0.0,0.0,0.0,0.0,0.0,0.0,0.0,0.0,0.0,0.0,0.0,0.0,0.032532050389487976,0.0,0.0,0.0,0.0,0.0,0.0,0.0,0.0,0.0,0.0,0.0,0.0,0.0,0.0,0.05687769373466831,0.0,0.0,0.0,0.0,0.0,0.0,0.0,0.0,0.0,0.05687769373466831,0.0,0.0,0.0,0.0,0.05389367553343659,0.0,0.04703400459055077,0.0,0.0,0.0,0.0,0.0,0.0,0.0,0.0,0.0,0.0,0.0,0.0,0.0,0.0,0.0,0.0,0.0,0.0,0.0,0.0,0.0,0.0,0.0,0.0,0.0,0.0,0.0,0.0,0.0,0.0,0.0,0.0,0.0,0.05687769373466831,0.0,0.0,0.0,0.0,0.0,0.0,0.0,0.0,0.0,0.0,0.0,0.0,0.0,0.0,0.0,0.0,0.0,0.0,0.0,0.0,0.0,0.0,0.0,0.0,0.0,0.0,0.0,0.0,0.0,0.0,0.0,0.0,0.0,0.0,0.05687769373466831,0.0,0.0,0.0,0.0,0.0,0.0,0.0,0.0,0.05687769373466831,0.0,0.0,0.0,0.0,0.526019218877764
2022-06-02,0.0,0.0,0.0,0.0,0.0,0.0,0.0,0.0,0.0,0.0,0.0,0.0,0.0,0.0,0.0,0.0,0.0,0.0,0.0,0.0,0.0,0.0,0.0,0.0,0.0,0.0,0.0,0.047596010377771336,0.0,0.0,0.0,0.0,0.05142916742332303,0.0,0.0,0.0,0.0,0.0,0.0,0.0,0.0,0.0,0.0,0.0,0.0,0.0,0.0,0.0,0.0,0.0,0.0,0.0,0.0,0.0,0.0,0.0,0.0,0.0,0.0,0.0,0.0,0.0,0.0,0.0,0.0,0.0,0.0,0.0,0.0,0.0,0.0,0.0,0.0,0.0,0.0,0.0,0.0,0.05376529810048686,0.0,0.0,0.0,0.0,0.0,0.0,0.0,0.0,0.0,0.028438846867334156,0.0,0.0,0.0,0.0,0.05376529810048686,0.0,0.023517002295275386,0.0,0.0,0.0,0.0,0.0,0.0,0.0,0.0,0.0,0.0,0.0,0.0,0.0,0.0,0.0,0.0,0.0,0.0,0.0,0.0,0.0,0.0,0.0,0.0,0.05376529810048686,0.0,0.0,0.0,0.0,0.0,0.0,0.0,0.0,0.0,0.0,0.0,0.0,0.0,0.0,0.0,0.0,0.0,0.0,0.0,0.0,0.0,0.0,0.0,0.0,0.0,0.0,0.0,0.0,0.0,0.0,0.0,0.0,0.0,0.0,0.0,0.0,0.0,0.0,0.0,0.0,0.0,0.026427184433374978,0.0,0.05376529810048686,0.0,0.0,0.0,0.0,0.05376529810048686,0.0,0.0,0.0,0.05376529810048686,0.0,0.0,0.0,0.0,0.5
2022-07-01,0.0,0.0,0.0,0.0,0.0,0.0,0.0,0.0,0.0,0.0,0.0,0.0,0.0,0.0,0.0,0.0,0.0,0.0,0.0,0.0,0.0,0.0,0.0,0.0,0.0,0.0,0.0,0.03553997316971514,0.0,0.0,0.0,0.0,0.0,0.0,0.0,0.0,0.0,0.0,0.0,0.0,0.0,0.0,0.0,0.0,0.0,0.0,0.0,0.0,0.0,0.0,0.0,0.0,0.0,0.0,0.0,0.0,0.0,0.0,0.0,0.0,0.0,0.0,0.0,0.0,0.0,0.0,0.0,0.0,0.0,0.0,0.0,0.0,0.0,0.0,0.0,0.0,0.0,0.06,0.0,0.0,0.0,0.0,0.0,0.0,0.0,0.0,0.0,0.0,0.0,0.0,0.0,0.0,0.06,0.0,0.05919971496759186,0.0,0.0,0.0,0.0,0.0,0.0,0.0,0.0,0.0,0.0,0.0,0.0,0.0,0.0,0.0,0.0,0.0,0.0,0.0,0.0,0.0,0.0,0.0,0.0,0.0,0.0,0.06,0.0,0.0,0.0,0.0,0.0,0.04526031186269302,0.0,0.0,0.0,0.0,0.0,0.0,0.0,0.0,0.0,0.0,0.0,0.0,0.0,0.0,0.0,0.0,0.0,0.0,0.0,0.0,0.0,0.0,0.0,0.0,0.0,0.0,0.0,0.0,0.0,0.0,0.0,0.0,0.0,0.0,0.0,0.06,0.0,0.0,0.0,0.0,0.06,0.0,0.0,0.0,0.06,0.0,0.0,0.0,0.0,0.5
2022-08-02,0.0,0.0,0.0,0.0,0.0,0.0,0.0,0.0,0.0,0.0,0.0,0.0,0.0,0.0,0.0,0.0,0.0,0.0,0.0,0.0,0.0,0.05305498622608408,0.0,0.0,0.0,0.0,0.0,0.053693150573940404,0.0,0.0,0.0,0.0,0.0,0.0,0.0,0.0,0.0,0.0,0.0,0.0,0.0,0.0,0.0,0.0,0.0,0.0,0.0,0.0,0.0,0.0,0.0,0.0,0.0,0.0,0.0,0.0,0.0,0.0,0.0,0.0,0.0,0.0,0.0,0.0,0.0,0.0,0.0,0.0,0.0,0.0,0.0,0.0,0.05305498622608408,0.0,0.0,0.0,0.0,0.03177926264569996,0.0,0.0,0.0,0.0,0.0,0.0,0.0,0.0,0.0,0.0,0.0,0.0,0.0,0.0,0.056613511517484,0.0,0.0,0.0,0.0,0.0,0.0,0.0,0.0,0.0,0.0,0.0,0.0,0.0,0.0,0.0,0.0,0.0,0.0,0.0,0.0,0.0,0.0,0.0,0.0,0.0,0.0,0.0,0.0,0.0,0.0,0.022681863917522575,0.0,0.0,0.0,0.0,0.0,0.0,0.0,0.0,0.0,0.0,0.0,0.0,0.0,0.0,0.0,0.0,0.0,0.0,0.0,0.0,0.0,0.0,0.0,0.0,0.0,0.0,0.0,0.0,0.0,0.0,0.0,0.0,0.0,0.0,0.0,0.0,0.0,0.0,0.0,0.05308631021713493,0.0,0.0,0.0,0.0,0.056613511517484,0.05305498622608408,0.0,0.0,0.056613511517484,0.0,0.0,0.0,0.0,0.509753919414998
2022-09-02,0.0,0.0,0.0,0.0,0.0,0.0,0.0,0.0,0.0,0.0,0.0,0.0,0.0,0.0,0.0,0.0,0.0,0.0,0.0,0.0,0.0,0.0,0.0,0.0,0.0,0.0,0.0,0.053443974587697084,0.0,0.0,0.0,0.0,0.0,0.0,0.0,0.0,0.0,0.0,0.0,0.0,0.0,0.0,0.0,0.0,0.0,0.0,0.0,0.0,0.0,0.0,0.0,0.0,0.0,0.0,0.0,0.0,0.0,0.0,0.0,0.0,0.0,0.0,0.0,0.0,0.0,0.0,0.0,0.0,0.0,0.0,0.0,0.0,0.053433950615070114,0.0,0.0,0.0,0.052600588909044094,0.0,0.0,0.0,0.0,0.0,0.0,0.0,0.0,0.0,0.0,0.0,0.0,0.0,0.0,0.0,0.05089320216297544,0.0,0.0,0.0,0.0,0.0,0.0,0.0,0.0,0.0,0.0,0.0,0.0,0.0,0.0,0.0,0.0,0.0,0.0,0.0,0.0,0.0,0.0,0.0,0.0,0.052600588909044094,0.0,0.0,0.0,0.0,0.0,0.05295686450451043,0.0,0.0,0.0,0.052600588909044094,0.0,0.0,0.0,0.0,0.0,0.0,0.0,0.0,0.0,0.0,0.0,0.0,0.0,0.0,0.0,0.0,0.0,0.0,0.0,0.0,0.0,0.0,0.0,0.0,0.0,0.0,0.0,0.0,0.0,0.0,0.0,0.0,0.0,0.0,0.0,0.02793833005871896,0.0,0.0,0.0,0.0,0.05348984618528364,0.0,0.0,0.0,0.02979462999197157,0.0,0.0,0.0,0.0,0.5202474351666404
2022-09-30,0.0,0.0,0.0,0.0,0.0,0.0,0.0,0.0,0.0,0.0,0.0,0.0,0.0,0.045739655315185306,0.0,0.0,0.0,0.0,0.0,0.0,0.0,0.0,0.0,0.0,0.0,0.0,0.0,0.0,0.0,0.0,0.0,0.0,0.045739655315185306,0.0,0.0,0.0,0.0,0.0,0.0,0.0,0.0,0.0,0.0,0.0,0.0,0.0,0.0,0.0,0.0,0.0,0.0,0.0,0.0,0.0,0.0,0.0,0.0,0.0,0.0,0.0,0.0,0.0,0.0,0.0,0.0,0.0,0.0,0.0,0.0,0.0,0.0,0.0,0.0,0.0,0.0,0.0,0.028442368300040172,0.0,0.0,0.0,0.0,0.0,0.0,0.0,0.0,0.0,0.0,0.0,0.0,0.0,0.0,0.0,0.05850714275609929,0.0,0.0,0.0,0.0,0.0,0.0,0.0,0.0,0.0,0.0,0.0,0.0,0.0,0.0,0.0,0.0,0.0,0.0,0.0,0.0,0.0,0.0,0.0,0.0,0.0,0.0,0.0,0.0,0.04573965531518532,0.0,0.05902485007079059,0.0,0.0,0.0,0.05893547184349701,0.0,0.0,0.0,0.0,0.0,0.0,0.0,0.0,0.0,0.0,0.0,0.0,0.0,0.0,0.0,0.0,0.0,0.0,0.0,0.0,0.0,0.0,0.0,0.0,0.0,0.0,0.0,0.0,0.0,0.0,0.0,0.0,0.0,0.0,0.0,0.05274849466867176,0.0,0.0,0.0,0.0,0.0,0.0,0.0,0.0,0.0532141813434555,0.0,0.0,0.0,0.0,0.5519085250718897
2022-11-02,0.0,0.0,0.0,0.0,0.0,0.0,0.0,0.0,0.0,0.0,0.0,0.0,0.0,0.0,0.0,0.0,0.0,0.0,0.0,0.0,0.0,0.0,0.0,0.0,0.0,0.0,0.0,0.0,0.0,0.0,0.0,0.0,0.0,0.0,0.0,0.0,0.0,0.0,0.0,0.0,0.0,0.0,0.0,0.0,0.0,0.0,0.0,0.0,0.0,0.0,0.0,0.0,0.044021397285842145,0.0,0.0,0.0,0.0,0.0,0.0,0.0,0.0,0.0,0.0,0.0,0.0,0.0,0.0,0.0,0.0,0.0,0.0,0.0,0.0,0.0,0.0,0.0,0.0,0.04402139728584215,0.0,0.0,0.0,0.0,0.0,0.0,0.0,0.044021397285842145,0.0,0.0,0.0,0.0,0.0,0.0,0.06046095917828788,0.0,0.044021397285842145,0.0,0.0,0.0,0.0,0.0,0.0,0.0,0.0,0.0,0.0,0.0,0.0,0.0,0.0,0.0,0.0,0.0,0.0,0.0,0.0,0.0,0.0,0.0,0.0,0.0,0.0,0.0,0.0,0.0,0.0,0.0,0.0,0.060581312731903786,0.0,0.0,0.0,0.0,0.0,0.0,0.0,0.0,0.0,0.0,0.0,0.0,0.0,0.0,0.0,0.0,0.0,0.0,0.0,0.0,0.0,0.0,0.0,0.0,0.0,0.0,0.0,0.0,0.0,0.0,0.0,0.0,0.0,0.0,0.0,0.05884287210053171,0.0,0.0,0.0,0.0,0.0,0.0,0.0,0.0,0.058973722532666285,0.0,0.0,0.0,0.0,0.5850555443132417
2022-12-02,0.0,0.0,0.0,0.0,0.0,0.0,0.0,0.0,0.0,0.0,0.0,0.0,0.0,0.0,0.0,0.0,0.0,0.0,0.0,0.0,0.0,0.0,0.0,0.0,0.0,0.0,0.0,0.0,0.0,0.0,0.0,0.0,0.0,0.0,0.0,0.0,0.0,0.0,0.0,0.0,0.0,0.0,0.0,0.0,0.0,0.0,0.0,0.0,0.0,0.0,0.0,0.0,0.06101602987650501,0.0,0.0,0.0,0.03458523324866398,0.0,0.0,0.0,0.0,0.0,0.0,0.0,0.0,0.0,0.0,0.0,0.0,0.0,0.0,0.03458523324866398,0.0,0.0,0.0,0.0,0.03458523324866398,0.03551551626659656,0.0,0.0,0.0,0.0,0.0,0.0,0.0,0.06101602987650501,0.0,0.0,0.0,0.0,0.0,0.0,0.07088647342941293,0.0,0.035515516266596554,0.0,0.0,0.0,0.0,0.0,0.0,0.0,0.0,0.0,0.0,0.0,0.0,0.0,0.0,0.0,0.0,0.0,0.0,0.0,0.0,0.0,0.0,0.0,0.0,0.0,0.0,0.0,0.0,0.032964615559216766,0.0,0.0,0.0,0.0488756997832433,0.0,0.0,0.0,0.0,0.0,0.0,0.0,0.0,0.0,0.0,0.0,0.0,0.0,0.0,0.0,0.0,0.0,0.0,0.0,0.0,0.0,0.0,0.0,0.0,0.0,0.0,0.0,0.0,0.0,0.0,0.0,0.0,0.0,0.0,0.0,0.06991496109415896,0.0,0.0,0.0,0.0,0.0,0.0,0.0,0.0,0.0475787305957295,0.0,0.0,0.0,0.0,0.43296072750604336
2022-12-30,0.0,0.0,0.0,0.0,0.0,0.0,0.0,0.0,0.0,0.0,0.0,0.0,0.0,0.0,0.0,0.0,0.0,0.0,0.0,0.0,0.0,0.0,0.0,0.0,0.0,0.0,0.027495966853368296,0.0269618176360503,0.0,0.0,0.0,0.0,0.0,0.0,0.0,0.0,0.0,0.0,0.0,0.0,0.0,0.0,0.0,0.0,0.0,0.0,0.0,0.0,0.0,0.0,0.0,0.0,0.051777334540734854,0.0,0.0,0.0,0.029348536699451245,0.0,0.0,0.0,0.0,0.0,0.0,0.0,0.0,0.0,0.0,0.0,0.0,0.0,0.0,0.029348536699451245,0.0,0.0,0.0,0.0,0.0,0.030137961628188003,0.0,0.0,0.0,0.0,0.0,0.0,0.0,0.051777334540734854,0.0,0.0,0.0,0.0,0.0,0.0,0.06015325245834989,0.0,0.05191189210524908,0.0,0.0,0.0,0.0,0.0,0.0,0.0,0.0,0.0,0.0,0.0,0.0,0.0,0.0,0.0,0.0,0.0,0.0,0.027495966853368296,0.027495966853368296,0.0,0.0,0.0,0.0,0.0,0.0,0.0,0.0,0.0,0.0,0.027495966853368296,0.0,0.061096645035355265,0.0,0.0,0.0,0.0,0.0,0.0,0.0,0.0,0.0,0.0,0.0,0.0,0.0,0.0,0.0,0.0,0.0,0.0,0.0,0.0,0.0,0.0,0.0,0.0,0.0,0.0,0.0,0.0,0.0,0.0,0.0,0.0,0.0,0.0,0.0,0.0593288409177317,0.0,0.027495966853368296,0.0,0.0,0.0,0.0,0.0,0.0,0.0,0.0,0.0,0.0,0.0,0.4106780134718621
2023-02-02,0.0,0.0,0.0,0.0,0.0,0.0,0.0,0.0,0.0,0.0,0.0,0.0,0.0,0.0,0.0,0.0,0.0,0.0,0.0,0.0,0.0,0.0,0.0,0.0,0.0,0.0,0.0538172907617105,0.053659771224799355,0.0,0.0,0.0,0.0,0.0,0.0,0.0,0.0,0.0,0.0,0.0,0.0,0.0,0.0,0.03340212716878629,0.03340212716878628,0.0,0.0,0.0,0.0,0.0,0.0,0.0,0.0,0.07230480158984848,0.0,0.0,0.0,0.026926297325532606,0.0,0.0,0.0,0.0,0.0,0.0,0.0,0.0,0.0,0.0,0.0,0.0,0.0,0.0,0.026926297325532606,0.0,0.0,0.0,0.0,0.0,0.02765056820026248,0.0,0.0,0.0,0.0,0.0,0.0,0.0,0.07230480158984848,0.0,0.0,0.0,0.0,0.0,0.0,0.05518859006083391,0.0,0.039003773660133106,0.0,0.0,0.0,0.0,0.0,0.0,0.0,0.0,0.0,0.0,0.0,0.0,0.0,0.0,0.0,0.0,0.0,0.0,0.0,0.0,0.0,0.0,0.0,0.0,0.0,0.0,0.0,0.0,0.0,0.0,0.05406110190892793,0.0,0.05605412108486013,0.0,0.0,0.0,0.0,0.0,0.0,0.0,0.0,0.0,0.0,0.0,0.0,0.0,0.0,0.0,0.0,0.0,0.0,0.0,0.0,0.0,0.0,0.0,0.0,0.0,0.0,0.0,0.0,0.0,0.0,0.0,0.0,0.03230497700630789,0.0,0.0,0.05443222014404345,0.0,0.0,0.0,0.0,0.0,0.0,0.0,0.0,0.0,0.0,0.0,0.0,0.0,0.3085611337797865
2023-03-02,0.0,0.0,0.0,0.0,0.0,0.0,0.0,0.0,0.0,0.0,0.0,0.0,0.0,0.03964411842982687,0.0,0.0,0.0,0.0,0.0,0.0,0.0,0.0,0.0,0.0,0.0,0.0,0.04504391669048176,0.04491207622067503,0.0,0.0,0.0,0.0,0.0,0.0,0.0,0.0,0.0,0.0,0.0,0.0,0.0,0.0,0.027956863160160064,0.06087231944789082,0.0,0.0,0.0,0.0,0.0,0.0,0.0,0.0,0.08559630749145264,0.0,0.0,0.0,0.0,0.0,0.0,0.0,0.0,0.0,0.0,0.0,0.0,0.0,0.0,0.0,0.0,0.0,0.0,0.0,0.0,0.0,0.0,0.0,0.0,0.023142931812971133,0.0,0.0,0.0,0.0,0.0,0.0,0.0,0.08559630749145264,0.0,0.0,0.0,0.0,0.0,0.0,0.07204715820065866,0.0,0.06443235851814397,0.0,0.0,0.0,0.0,0.0,0.0,0.0,0.0,0.0,0.0,0.0,0.0,0.0,0.0,0.0,0.0,0.0,0.0,0.0,0.0,0.0,0.0,0.0,0.0,0.0,0.0,0.0,0.0,0.0,0.0,0.04524798138508148,0.0,0.046916095637073774,0.0,0.0,0.0,0.0,0.0,0.0,0.0,0.0,0.0,0.0,0.0,0.0,0.0,0.0,0.0,0.0,0.0,0.0,0.0,0.0,0.0,0.0,0.0,0.0,0.0,0.0,0.0,0.0,0.0,0.0,0.03964411842982687,0.0,0.060175042772115,0.0,0.0,0.04555859937844868,0.0,0.0,0.0,0.0,0.0,0.0,0.0,0.0,0.0,0.0,0.0,0.0,0.0,0.21321380493374062
2023-03-31,0.0,0.0,0.0,0.0,0.0,0.0,0.0,0.0,0.0,0.0,0.0,0.0,0.03141503945539147,0.03572525560960266,0.0,0.0,0.0,0.0,0.0,0.0,0.0,0.0,0.0,0.0,0.0,0.0,0.040591278130538457,0.04047247022989432,0.0,0.0,0.0,0.0,0.0,0.0,0.0,0.0,0.0,0.0,0.0,0.0,0.0,0.0,0.0,0.05485502662077441,0.0,0.0,0.0,0.0,0.0,0.0,0.0,0.0,0.09434697505761795,0.0,0.0,0.0,0.03141503945539147,0.0,0.0,0.0,0.0,0.0,0.0,0.0,0.03141503945539147,0.0,0.0,0.0,0.0,0.0,0.0,0.0,0.0,0.0,0.0,0.0,0.0,0.0,0.0,0.0,0.0,0.0,0.0,0.0,0.0,0.0,0.0,0.0,0.0,0.0,0.0,0.0,0.06492522080469558,0.0,0.0,0.0,0.0,0.0,0.0,0.0,0.0,0.0,0.0,0.0,0.0,0.0,0.0,0.0,0.0,0.0,0.0,0.0,0.0,0.0,0.0,0.0,0.03141503945539147,0.0,0.0,0.0,0.0,0.0,0.0,0.0,0.0,0.040775170815360674,0.0,0.04227839021835816,0.0,0.0,0.0,0.0,0.0,0.0,0.0,0.0,0.0,0.0,0.0,0.0,0.0,0.0,0.0,0.0,0.0,0.0,0.0,0.0,0.0,0.0,0.0,0.0,0.0,0.0,0.0,0.0,0.0,0.0,0.03572525560960266,0.0,0.07565680674160431,0.0,0.0,0.0,0.0,0.03141503945539147,0.0,0.0,0.0,0.0,0.0,0.0,0.0,0.0,0.0,0.0,0.0,0.31757295288499354
2023-05-02,0.0,0.0,0.0,0.0,0.0,0.0,0.0,0.0,0.0,0.0,0.0,0.0,0.0283906075013218,0.058400635196132984,0.0,0.0,0.0,0.0,0.0,0.0,0.0,0.0,0.0,0.0,0.0,0.0,0.03668341868605633,0.0365760488232862,0.0,0.0,0.0,0.0,0.0,0.0,0.0,0.03196331761263742,0.0,0.0,0.0,0.0,0.0,0.0,0.0,0.04957394793268956,0.0,0.0,0.0,0.0,0.0,0.0,0.0,0.0,0.10178173878496734,0.0,0.0,0.0,0.05521099942228102,0.0,0.0,0.0,0.0,0.0,0.03196331761263742,0.0,0.0283906075013218,0.0,0.0,0.0,0.0,0.03196331761263742,0.0,0.0,0.0,0.0,0.0,0.0,0.0,0.0,0.0,0.0,0.0,0.0,0.0,0.0,0.0,0.0,0.0,0.0,0.0,0.0,0.0,0.0,0.0,0.0,0.0,0.0,0.0,0.0,0.0,0.0,0.0,0.0,0.0,0.0,0.0,0.0,0.0,0.0,0.0,0.0,0.0,0.0,0.0,0.0,0.03196331761263742,0.0,0.0,0.0,0.0,0.0,0.0,0.03196331761263742,0.0,0.0,0.0,0.0,0.0,0.0,0.0,0.0,0.0,0.0,0.0,0.0,0.0,0.0,0.0,0.0,0.0,0.0,0.0,0.0,0.0,0.0,0.0,0.0,0.0,0.0,0.0,0.0,0.0,0.0,0.0,0.0,0.0,0.0,0.0,0.0,0.03228586458841946,0.0,0.06837307042234556,0.0,0.0,0.0,0.0,0.0,0.0,0.0,0.0,0.0,0.0,0.0,0.0,0.0,0.0,0.0,0.0,0.3445164730779909
2023-06-02,0.0,0.0,0.0,0.0,0.0,0.0,0.0,0.0,0.0,0.0,0.0,0.0,0.05783816265098265,0.053849666075959535,0.0,0.0,0.0,0.0,0.03712577216107254,0.0,0.0,0.0,0.0,0.0,0.0,0.0,0.03382480070866676,0.033725797825609485,0.0,0.0,0.0,0.0,0.0,0.0,0.0,0.06044463618027836,0.0,0.0,0.0,0.0,0.0,0.0,0.0,0.04571081347449286,0.03712577216107254,0.0,0.0,0.0,0.0,0.0,0.0,0.0,0.11138072138532296,0.0,0.0,0.0,0.050908588110813766,0.0,0.0,0.0,0.0,0.0,0.0,0.0,0.0,0.0,0.0,0.0,0.0,0.05902967934655326,0.0,0.0,0.0,0.0,0.0,0.0,0.0,0.0,0.0,0.0,0.0,0.0,0.0,0.0,0.0,0.0,0.0,0.0,0.0,0.0,0.0,0.0,0.0,0.0,0.0,0.0,0.0,0.0,0.0,0.0,0.0,0.0,0.0,0.0,0.0,0.03712577216107254,0.0,0.0,0.0,0.0,0.0,0.0,0.0,0.0,0.0,0.0,0.03712577216107254,0.0,0.0,0.0,0.0,0.0,0.0,0.0,0.0,0.0,0.0,0.0,0.0,0.0,0.0,0.0,0.0,0.0,0.0,0.0,0.0,0.0,0.0,0.0,0.0,0.0,0.0,0.0,0.0,0.0,0.0,0.0,0.0,0.0,0.0,0.0,0.0,0.0,0.0,0.0,0.0,0.0,0.029769933515640182,0.0,0.06367184262605241,0.0,0.0,0.0,0.0,0.0,0.0,0.0,0.0,0.0,0.0,0.0,0.0,0.0,0.0,0.0,0.0,0.2513422694553376
2023-06-30,0.0,0.0,0.0,0.0,0.0,0.0,0.0,0.0,0.0,0.0,0.0,0.0,0.04459859092752316,0.04152308992589754,0.0,0.0,0.0,0.0,0.07090326343168943,0.0,0.0,0.0,0.0,0.0,0.0,0.0,0.02608206037100307,0.02600571996045509,0.0,0.0,0.0,0.0,0.0,0.0,0.0,0.08301112240700317,0.0,0.0,0.0,0.0,0.0,0.0,0.0,0.0352472792646463,0.028627415699069948,0.0,0.0,0.0,0.0,0.0,0.0,0.0,0.10945867730973331,0.0,0.0,0.0,0.0780597180370564,0.0,0.0,0.0,0.0,0.0,0.0,0.0,0.0,0.0,0.0,0.0,0.0,0.08157640931595164,0.0,0.0,0.0,0.04113393799568734,0.0,0.0,0.0,0.0,0.0,0.0,0.0,0.0,0.0,0.0,0.0,0.0,0.0,0.0,0.0,0.0,0.0,0.0,0.0,0.0,0.0,0.0,0.0,0.0,0.0,0.0,0.0,0.0,0.0,0.0,0.0,0.04767816365967441,0.0,0.0,0.0,0.0,0.0,0.0,0.0,0.0,0.0,0.0,0.07090326343168943,0.0,0.0,0.0,0.0,0.0,0.0,0.0,0.0,0.0,0.0,0.0,0.0,0.0,0.0,0.0,0.0,0.0,0.0,0.0,0.0,0.0,0.0,0.0,0.0,0.0,0.0,0.0,0.0,0.0,0.0,0.0,0.0,0.0,0.0,0.0,0.0,0.0,0.0,0.0,0.0,0.0,0.0,0.0,0.08468678553096466,0.0,0.0,0.0,0.0,0.0,0.0,0.0,0.0,0.0,0.0,0.0,0.0,0.0,0.0,0.0,0.0,0.13050450273195502
2023-08-02,0.0,0.0,0.0,0.0,0.0,0.0,0.0,0.0,0.0,0.0,0.0,0.0,0.03630990412037415,0.0338059876474834,0.0,0.0,0.0,0.0,0.05772583042388177,0.0,0.0,0.0,0.0,0.0,0.0,0.0,0.0,0.0,0.0,0.0,0.0,0.0,0.0,0.0,0.0,0.0924062336116897,0.0,0.0,0.0,0.0,0.0,0.0,0.0,0.02869654184104591,0.0,0.0,0.0,0.0,0.0,0.0,0.0,0.0,0.08911568719106425,0.0,0.0,0.0,0.06355225173358112,0.0,0.0,0.0,0.0,0.0,0.0,0.0,0.0,0.0,0.0,0.0,0.0,0.06641536288803779,0.0,0.0,0.0,0.06699773400340736,0.0,0.0,0.0,0.0,0.0,0.0,0.0,0.0,0.0,0.0,0.0,0.0,0.0,0.0,0.0,0.0,0.0,0.0,0.0,0.0,0.0,0.0,0.0,0.0,0.0,0.0,0.0,0.0,0.0,0.04723514191358749,0.0,0.0731795532192053,0.0,0.0,0.0,0.0,0.0,0.0,0.0,0.0,0.0,0.0,0.08581765617552378,0.04723514191358749,0.0,0.0,0.0,0.0,0.0,0.0,0.0,0.0,0.0,0.0,0.0471739638784578,0.0,0.0,0.0,0.0,0.0,0.0,0.0,0.0,0.0,0.0,0.0,0.0,0.0,0.0,0.0,0.0,0.0,0.0,0.0,0.0,0.0,0.0,0.0,0.0,0.0,0.0,0.0,0.0,0.0,0.0,0.0,0.09331805759904019,0.0,0.0,0.0,0.0,0.0,0.0,0.0,0.0,0.0,0.0,0.0,0.0,0.0,0.0,0.0,0.0,0.07101495184003245
2023-09-01,0.0,0.0,0.0,0.0,0.0,0.0,0.0,0.0,0.0,0.0,0.0,0.0,0.06277122288317005,0.061882403692723124,0.0,0.0,0.0,0.0,0.04639175960809239,0.0,0.0,0.0,0.0,0.0,0.0,0.0,0.0,0.0,0.0,0.0,0.0,0.0,0.0,0.0,0.0,0.07426290353077719,0.0,0.0,0.0,0.0,0.0,0.0,0.0,0.0,0.0,0.0,0.0,0.0,0.0,0.0,0.0,0.0,0.07161843332733478,0.0,0.0,0.0,0.0,0.0,0.0,0.0,0.0,0.0,0.0,0.0,0.0,0.0,0.0,0.0,0.0,0.05337516198140956,0.0,0.0,0.0,0.0538431885232286,0.0,0.0,0.0,0.0,0.0,0.0,0.0,0.0,0.04315967802621377,0.0,0.0,0.0,0.0,0.0,0.0,0.0,0.0,0.0,0.043159678026213774,0.0,0.0,0.0,0.0,0.0,0.0,0.0,0.0,0.0,0.0,0.0693198545336607,0.0,0.05881124994207894,0.0,0.0,0.0,0.0,0.0,0.0,0.0,0.0,0.0,0.0,0.06896794807784605,0.0693198545336607,0.0,0.0,0.0,0.0,0.0,0.0,0.0,0.0,0.0,0.0,0.05374759087868965,0.0,0.0,0.0,0.0,0.0,0.0,0.0,0.0,0.0,0.0,0.0,0.0,0.0,0.0,0.0,0.0,0.0,0.0,0.0,0.0,0.0,0.0,0.0,0.0,0.0,0.0,0.0,0.0,0.0,0.0,0.0,0.09484189510495103,0.0,0.0,0.0,0.0,0.0,0.0,0.0,0.0,0.0,0.0,0.0,0.0,0.0,0.0,0.0,0.0,0.07452717732994966
2023-10-02,0.0,0.0,0.0,0.0,0.0,0.0,0.0,0.0,0.0,0.0,0.0,0.0,0.0,0.06534614813570926,0.0,0.0,0.0,0.0,0.0,0.0,0.0,0.0,0.0,0.0,0.0,0.0,0.0,0.0,0.0,0.0,0.0,0.0,0.0,0.0,0.0,0.0,0.0,0.0,0.0,0.0,0.0,0.0,0.0,0.0,0.0,0.0,0.0,0.0,0.0,0.0,0.0,0.0,0.0,0.0,0.0,0.0,0.0,0.0,0.0,0.0,0.0,0.0,0.0,0.0,0.0,0.0,0.0,0.0,0.0,0.0,0.0,0.0,0.0,0.0,0.0,0.0,0.0,0.0,0.0,0.0,0.0,0.0,0.03934206775284209,0.0,0.0,0.0,0.0,0.0,0.0,0.0,0.0,0.0,0.051533203778736866,0.0,0.0,0.0,0.0,0.0,0.0,0.0,0.0,0.0,0.0,0.06318829375937499,0.0,0.0,0.0,0.0,0.0,0.0,0.0,0.0,0.0,0.0,0.0,0.0,0.06286751454459694,0.07083322819304057,0.0,0.0,0.0,0.0,0.0,0.0,0.0,0.0,0.0,0.0,0.05934457984078803,0.0,0.0,0.0,0.0,0.0,0.0,0.0,0.0,0.0,0.0,0.0,0.0,0.0,0.0,0.0,0.0,0.0,0.0,0.0,0.0,0.0,0.0,0.0,0.0,0.0,0.0,0.0,0.0,0.0,0.0,0.0,0.0,0.0,0.0,0.0,0.0,0.0,0.0,0.0,0.0,0.0,0.0,0.0,0.0,0.0,0.0,0.0,0.0,0.5875449639949113
2023-11-02,0.0,0.0,0.0,0.0,0.0,0.0,0.0,0.0,0.0,0.0,0.0,0.0,0.0,0.06862372187896135,0.0,0.0,0.0,0.0,0.0,0.0,0.0,0.0,0.0,0.0,0.0,0.0,0.0,0.0,0.0,0.0,0.0,0.0,0.0,0.0,0.0,0.0,0.0,0.0,0.0,0.0,0.0,0.0,0.0,0.0,0.0,0.0,0.0,0.0,0.0,0.0,0.0,0.0,0.0,0.0,0.0,0.0,0.0,0.0,0.0,0.0,0.0,0.0,0.0,0.0,0.0,0.0,0.0,0.0,0.0,0.0,0.0,0.0,0.0,0.0,0.0,0.0,0.0,0.0,0.0,0.0,0.0,0.0,0.0,0.0,0.0,0.0,0.0,0.0,0.0,0.0,0.0,0.0,0.06167610456633568,0.0,0.0,0.0,0.0,0.0,0.0,0.0,0.0,0.0,0.0,0.047896025303677696,0.0,0.0,0.0,0.0,0.0,0.0,0.0,0.0,0.0,0.03575599879486099,0.0,0.0,0.0,0.07138360647828178,0.0,0.0,0.0,0.0,0.0,0.0,0.0,0.0,0.0,0.0,0.0,0.03575599879486099,0.03575599879486099,0.0,0.0,0.0,0.0,0.0,0.0,0.0,0.0,0.0,0.0,0.0,0.0,0.0,0.0,0.0,0.0,0.0,0.0,0.0,0.0,0.0,0.0,0.0,0.0,0.0,0.0,0.0,0.0,0.0,0.0,0.0,0.03467560170897309,0.0,0.0,0.0,0.0,0.0,0.0,0.0,0.0,0.0,0.03575599879486099,0.0,0.0,0.0,0.0,0.5727209448843266
2023-12-01,0.0,0.0,0.0,0.0,0.0,0.0,0.0,0.0,0.0,0.0,0.0,0.0,0.0,0.05973804320055236,0.029953245837193675,0.0,0.0,0.0,0.0,0.0,0.0,0.0,0.0,0.0,0.0,0.0,0.0,0.0,0.0,0.0,0.0,0.0,0.0,0.0,0.0,0.029953245837193675,0.0,0.0,0.0,0.0,0.0,0.0,0.0,0.0,0.0,0.0,0.0,0.0,0.0,0.0,0.0,0.0,0.0,0.0,0.0,0.0,0.0,0.0,0.0,0.0,0.0,0.0,0.0,0.0,0.0,0.0,0.0,0.0,0.0,0.0,0.0,0.0,0.0,0.0,0.029953245837193675,0.0,0.028977564634097727,0.0,0.0,0.0,0.0,0.0,0.0,0.0,0.0,0.0,0.0,0.0,0.0,0.0,0.0,0.0,0.07498122849677702,0.0,0.0,0.0,0.0,0.0,0.0,0.0,0.0,0.0,0.0,0.041694253100589086,0.0,0.0,0.0,0.0,0.0,0.0,0.0,0.0,0.0,0.031126166611216057,0.0,0.0,0.0,0.08206840157348858,0.0,0.0,0.0,0.0,0.0,0.0,0.0,0.0,0.0,0.0,0.0,0.056057691068157105,0.031126166611216057,0.0,0.0,0.0,0.0,0.0,0.0,0.0,0.0,0.0,0.0,0.0,0.0,0.0,0.0,0.0,0.0,0.0,0.0,0.0,0.0,0.0,0.0,0.0,0.0,0.0,0.0,0.0,0.0,0.0,0.029953245837193675,0.0,0.030185663735193692,0.0,0.0,0.0,0.0,0.0,0.0,0.0,0.0,0.0,0.0,0.0,0.0,0.0,0.0,0.4442318376199377
2024-01-02,0.0,0.0,0.0,0.0,0.0,0.0,0.0,0.0,0.0,0.0,0.0,0.0,0.0,0.051955023894499484,0.05527034330196327,0.0,0.0,0.0,0.0,0.0,0.0,0.0,0.0,0.0,0.0,0.0,0.0,0.0,0.0,0.0,0.0,0.0,0.0,0.0,0.0,0.05527034330196327,0.0,0.0,0.0,0.0,0.0,0.0,0.0,0.0,0.0,0.0,0.0,0.0,0.0,0.0,0.0,0.0,0.0,0.0,0.0,0.0,0.0,0.0,0.0,0.0,0.0,0.0,0.0,0.0,0.0,0.0,0.0,0.0,0.0,0.0,0.0,0.0,0.0,0.0,0.026050762961295413,0.0,0.0,0.0,0.0,0.0,0.0,0.0,0.0,0.03434644190172521,0.0,0.03140423881397611,0.0,0.0,0.0,0.0,0.0,0.0,0.06521223845766938,0.0,0.0,0.0,0.0,0.0,0.0,0.0,0.0,0.0,0.0,0.036262083591053845,0.0,0.0,0.0,0.0,0.0,0.0,0.0,0.0,0.0,0.02707086880299671,0.0,0.0,0.0,0.09167549238033942,0.0,0.0,0.0,0.0,0.0,0.0,0.0,0.0,0.0,0.0,0.0,0.07350565713370685,0.02707086880299671,0.0,0.0,0.0,0.0,0.0,0.0,0.0,0.0,0.0,0.0,0.0,0.0,0.0,0.0,0.0,0.0,0.0,0.0,0.0,0.0,0.0,0.0,0.0,0.0,0.0,0.0,0.0,0.0,0.0,0.05527034330196327,0.0,0.026252900105352195,0.0,0.03306333067584655,0.0,0.0,0.0,0.0,0.0,0.0,0.0,0.0,0.0,0.0,0.0,0.0,0.3103190625726523
2024-02-02,0.0,0.0,0.0,0.0,0.0,0.0,0.0,0.0,0.0,0.0,0.0,0.0,0.0,0.04498935442639794,0.06193964710748435,0.0,0.0,0.0,0.0,0.04471790227620746,0.0,0.0,0.0,0.0,0.0,0.0,0.0,0.0,0.0,0.0,0.0,0.0,0.0,0.0,0.0,0.07751201272428182,0.0,0.0,0.0,0.0,0.0,0.0,0.0,0.0,0.0,0.0,0.0,0.0,0.0,0.0,0.0,0.0,0.0,0.0,0.0,0.0,0.0,0.0,0.0,0.0,0.0,0.0,0.0,0.0,0.0,0.0,0.0,0.0,0.0,0.0,0.0,0.0,0.0,0.0,0.0,0.0,0.0,0.0,0.0,0.0,0.0,0.04471790227620746,0.0,0.029741575158162805,0.0,0.027193836603023762,0.0,0.0,0.0,0.0,0.0,0.0,0.056469159072439115,0.0,0.0,0.0,0.0,0.0,0.0,0.0,0.0,0.0,0.0,0.03140038457551954,0.0,0.0,0.0,0.0,0.0,0.0,0.0,0.0,0.0,0.0,0.0,0.0,0.0,0.10361570976549957,0.0,0.0,0.0,0.0,0.0,0.0,0.0,0.0,0.0,0.0,0.0,0.0919423232291233,0.0,0.040863428140704705,0.0,0.0,0.0,0.0,0.0,0.0,0.0,0.0,0.0,0.0,0.0,0.0,0.0,0.0,0.0,0.0,0.0,0.0,0.0,0.0,0.0,0.0,0.0,0.0,0.0,0.0,0.0,0.0,0.05531445484184546,0.0,0.06158433207432276,0.0,0.028630492121674074,0.0,0.0,0.0,0.0,0.0,0.0,0.0,0.0,0.0,0.0,0.0,0.0,0.19936748560710588
2024-03-01,0.0,0.0,0.0,0.0,0.0,0.0,0.0,0.0,0.0,0.0,0.0,0.0,0.0,0.040938997794666775,0.08324874430326451,0.0,0.0,0.0,0.0,0.030955397474630556,0.0,0.0,0.0,0.0,0.0,0.0,0.0,0.0,0.0,0.0,0.0,0.0,0.0,0.03698428378755101,0.0,0.09402851577623705,0.0,0.0,0.0,0.0,0.0,0.0,0.0,0.0,0.0,0.0,0.0,0.0,0.0,0.0,0.0,0.0,0.0,0.0,0.0,0.0,0.0,0.0,0.0,0.0,0.0,0.0,0.0,0.0,0.0,0.0,0.0,0.0,0.0,0.0,0.0,0.0,0.0,0.0,0.0,0.0,0.04007858735103627,0.0,0.0,0.0,0.0,0.07132721110687204,0.0,0.0,0.0403718136322415,0.0,0.0,0.0,0.0,0.0,0.0,0.0,0.051385284545821495,0.0,0.0,0.0,0.0,0.0,0.0,0.0,0.0,0.0,0.0,0.0,0.0,0.0,0.0,0.0,0.0,0.0,0.0,0.0,0.0,0.0,0.0,0.0,0.0403718136322415,0.09428726790295147,0.0,0.0,0.0,0.0,0.0,0.0,0.0,0.0,0.0,0.0,0.0,0.08366482728867607,0.0,0.03718452544749651,0.0,0.0,0.0,0.0,0.0,0.0,0.0,0.0,0.0,0.0,0.0,0.0,0.0,0.0,0.0,0.0,0.0,0.0,0.0,0.0,0.0,0.0,0.0,0.0,0.0,0.0,0.0,0.0,0.06792864567334457,0.0,0.049234485300297975,0.0,0.0,0.0,0.0,0.0,0.0,0.0,0.0,0.0,0.0,0.0,0.0,0.0,0.0,0.1380095989826707
2024-04-02,0.0,0.0,0.0,0.0,0.0,0.0,0.0,0.0,0.0,0.0,0.0,0.0,0.0,0.033540423113010635,0.09588964726946521,0.0,0.0,0.0,0.0,0.0,0.0,0.0,0.0,0.0,0.0,0.0,0.0,0.0,0.0,0.0,0.0,0.0,0.0,0.0,0.0,0.10192928716885323,0.0,0.0,0.0,0.0,0.0,0.0,0.0,0.0,0.0,0.0,0.0,0.0,0.0,0.0,0.0,0.0,0.0,0.0,0.0,0.0,0.0,0.0,0.0,0.0,0.0,0.0,0.0,0.0,0.046119190821731625,0.0,0.0,0.0,0.0,0.0,0.0,0.0,0.0,0.0,0.0,0.0,0.032835507705091686,0.0,0.0,0.0,0.0,0.08921030645641215,0.0,0.0,0.0,0.04924743050925214,0.0,0.0,0.0,0.0,0.0,0.0,0.04209883676424102,0.0,0.0,0.0,0.0,0.0,0.0,0.0,0.0,0.0,0.0,0.0,0.0,0.0,0.0,0.0,0.0,0.0,0.0,0.0,0.0,0.0,0.0,0.0,0.07186676126550107,0.07724749090088272,0.0,0.0,0.0,0.0,0.0,0.0,0.0,0.0,0.0,0.0,0.0,0.06854475825259988,0.0,0.030464466253446437,0.0,0.0,0.0,0.0,0.0,0.0,0.0,0.0,0.0,0.0,0.0,0.0,0.0,0.0,0.0,0.0,0.0,0.0,0.0,0.0,0.0,0.0,0.0,0.0,0.0,0.0,0.0,0.0,0.057602793472454,0.0,0.0768322974603801,0.0,0.04924743050925214,0.0,0.0,0.0,0.0,0.0,0.0,0.0,0.0,0.0,0.0,0.0,0.0,0.07732337207742584
2024-05-02,0.0,0.0,0.0,0.0,0.0,0.0,0.0,0.0,0.0,0.0,0.0,0.0,0.0,0.0,0.09256806015710511,0.0,0.0,0.0,0.0,0.0,0.0,0.0,0.0,0.0,0.0,0.0,0.0,0.0,0.0,0.0,0.0,0.0,0.0,0.0,0.0,0.09839848883688433,0.0,0.0,0.0,0.0,0.0,0.0,0.0,0.0,0.0,0.0,0.0,0.0,0.0,0.0,0.0,0.0,0.0,0.0,0.0,0.0,0.0,0.0,0.0,0.0,0.0,0.0,0.0,0.0,0.0669236576162316,0.0,0.0,0.0,0.0,0.03355517319901074,0.0,0.0,0.0,0.0,0.0,0.0,0.05731255288557283,0.0,0.0,0.0,0.0,0.08612008960137871,0.0,0.0,0.03355517319901074,0.0475415150621268,0.0,0.0,0.0,0.0,0.0,0.0,0.04064054634787839,0.0,0.0,0.0,0.0,0.0,0.0,0.0,0.0,0.0,0.0,0.0,0.0,0.0,0.0,0.0,0.0,0.0,0.0,0.0,0.0,0.0,0.0,0.0,0.06937731934112179,0.07457166220044457,0.0,0.0,0.0,0.0,0.0,0.0,0.0,0.0,0.0,0.0,0.0,0.06617038946394573,0.0,0.0,0.0,0.0,0.0,0.0,0.0,0.0,0.0,0.0,0.0,0.0,0.0,0.0,0.0,0.0,0.0,0.0,0.0,0.0,0.0,0.0,0.0,0.0,0.0,0.0,0.0,0.0,0.0,0.0,0.055607450889783236,0.0,0.07417085092965872,0.0,0.0475415150621268,0.0,0.0,0.0,0.0,0.0,0.0,0.0,0.0,0.0,0.0,0.0,0.0,0.055945555207719905
2024-05-31,0.0,0.0,0.0,0.0,0.0,0.0,0.0,0.0,0.0,0.0,0.0,0.0,0.0,0.0,0.08012760601791534,0.0,0.0,0.0,0.0,0.0,0.0,0.0,0.0,0.0,0.04644559291988537,0.0,0.0,0.0,0.0,0.0,0.0,0.0,0.0,0.0,0.0,0.08517446874114855,0.0,0.0,0.0,0.0,0.0,0.0,0.0,0.0,0.0,0.0,0.0,0.0,0.0,0.0,0.0,0.04889932226586059,0.0,0.0,0.0,0.0,0.0,0.0,0.0,0.0,0.0,0.0,0.0,0.0,0.0579296191542766,0.0,0.0,0.0,0.0,0.06821961832181518,0.0,0.0,0.0,0.0,0.0,0.0,0.04961017493185127,0.0,0.0,0.0,0.0,0.09772928244496548,0.0,0.0,0.0,0.041152291426736695,0.0,0.0,0.0,0.0,0.0,0.0,0.0,0.0,0.0,0.0,0.0,0.0,0.0,0.0,0.0,0.0,0.0,0.0,0.0,0.0,0.0,0.0,0.0,0.0,0.0,0.0,0.0,0.0,0.04399186348260841,0.0,0.088329980387881,0.06454978919032321,0.0,0.0,0.0,0.0,0.0,0.0,0.0,0.0,0.0,0.0,0.0,0.0572775846012162,0.0,0.0,0.0,0.0,0.0,0.0,0.0,0.0,0.0,0.0,0.0,0.0,0.0,0.0,0.0,0.0,0.0,0.0,0.0,0.0,0.0,0.0,0.0,0.0,0.0,0.0,0.0,0.0,0.0,0.0,0.04813422587656037,0.0,0.09102104349275951,0.0,0.0,0.0,0.0,0.0,0.0,0.0,0.0,0.0,0.0,0.0,0.0,0.0,0.0,0.03140753674419626
2024-07-02,0.0,0.0,0.0,0.0,0.0,0.0,0.0,0.0,0.0,0.0,0.0,0.0,0.0,0.0,0.08810649569476495,0.0,0.0,0.0,0.0,0.0,0.0,0.0,0.0,0.0,0.03776692028307638,0.0,0.0,0.0,0.0,0.0,0.0,0.0,0.0,0.0,0.0,0.06925904416052994,0.0,0.0,0.0,0.0,0.0,0.0,0.0,0.0,0.0,0.044972123869446455,0.0,0.0,0.0,0.0,0.0,0.03976215373322392,0.0,0.0,0.0,0.0,0.0,0.0,0.0,0.0,0.0,0.0,0.0,0.0,0.04710507867565271,0.0,0.0,0.0,0.0,0.08419171452640567,0.0,0.0,0.0,0.0,0.0,0.0,0.04034017877891105,0.0,0.0,0.0,0.0,0.0794679061539339,0.0,0.0,0.0,0.0,0.0,0.0,0.0,0.0,0.0,0.0,0.0,0.0,0.0,0.0,0.0,0.0,0.0,0.0,0.0,0.0,0.0,0.0,0.0,0.0,0.0,0.0,0.0,0.0,0.0,0.0,0.0,0.0,0.07026313136065968,0.0,0.09575320061496277,0.0820819226533533,0.0,0.0,0.0,0.0,0.0,0.0,0.044972123869446455,0.0,0.0,0.0,0.0,0.0,0.0,0.0,0.0,0.0,0.0,0.0,0.0,0.0,0.0,0.0,0.0,0.0,0.0,0.0,0.0,0.0,0.0,0.0,0.0,0.0,0.0,0.0,0.044972123869446455,0.0,0.0,0.0,0.0,0.0,0.0,0.0,0.0,0.0,0.05232817413482597,0.0,0.0,0.0,0.0,0.0,0.0,0.0,0.0,0.0,0.0,0.0,0.0,0.0,0.0,0.07865770762136047
2024-08-02,0.0,0.0,0.0,0.0,0.0,0.0,0.0,0.0,0.0,0.0,0.0,0.0,0.0,0.0,0.0,0.0,0.0,0.0,0.0,0.0,0.0,0.0,0.0,0.0,0.0,0.0,0.0,0.0,0.0,0.0,0.0,0.0,0.0,0.0,0.0,0.0,0.0,0.0,0.0,0.0,0.0,0.0,0.0,0.0,0.0,0.06273196043159886,0.0,0.0,0.0,0.0,0.0,0.029271070997070263,0.0,0.0,0.0,0.0,0.0,0.0,0.0,0.0,0.0,0.0,0.0,0.0,0.04185272195443148,0.0,0.0,0.0,0.0,0.0,0.0,0.0,0.0,0.0,0.0,0.0,0.03584212856645711,0.0,0.0,0.0,0.0,0.07060699767561453,0.0,0.0,0.02962554875421328,0.029625548754213273,0.0,0.0,0.0,0.0,0.0,0.0,0.0,0.0,0.0,0.0,0.0,0.0,0.0,0.0,0.0,0.0,0.0,0.0,0.0,0.0,0.0,0.0,0.0,0.0,0.0,0.0,0.0,0.0,0.06242858271682182,0.0,0.0,0.09005048955803048,0.0,0.0,0.0,0.0,0.0,0.0,0.03995759796875264,0.0,0.0,0.0,0.0,0.0,0.0,0.029625548754213273,0.0,0.0,0.0,0.0,0.0,0.0,0.0,0.0,0.0,0.0,0.0,0.0,0.0,0.0,0.0,0.0,0.0,0.0,0.0,0.0,0.03995759796875264,0.0,0.0,0.0,0.0,0.0,0.0,0.0,0.0,0.0,0.04649342669668299,0.0,0.0,0.0,0.0,0.028286305956867663,0.029625548754213273,0.0,0.0,0.0,0.0,0.0,0.0,0.0,0.0,0.3340189244920665
2024-08-30,0.0,0.0,0.0,0.0,0.0,0.0,0.0,0.0,0.0,0.0,0.0,0.0,0.0,0.0,0.0,0.0,0.0,0.0,0.0,0.0,0.0,0.0,0.0,0.0,0.0,0.0,0.0,0.0,0.0,0.0,0.0,0.0,0.0,0.0,0.0,0.0,0.0,0.0,0.0,0.0,0.0,0.0,0.0,0.0,0.0,0.0802926955530101,0.0,0.0,0.0,0.0,0.0,0.0,0.0,0.0,0.0,0.0,0.0,0.0,0.0,0.0,0.0,0.0,0.0,0.0,0.06211034014851963,0.0,0.0,0.0,0.0,0.0,0.0,0.0,0.0,0.0,0.0,0.0,0.030226109521867696,0.0,0.0,0.0,0.0,0.05954375284370393,0.0,0.0,0.024983591017200456,0.05893132742057255,0.0,0.0,0.0,0.0,0.0,0.0,0.0,0.0,0.0,0.0,0.0,0.0,0.0,0.0,0.0,0.0,0.0,0.0,0.0,0.0,0.0,0.0,0.0,0.0,0.0,0.0,0.0,0.0,0.052646794539416904,0.0,0.0,0.09791952757555283,0.0,0.0,0.0,0.0,0.0,0.0,0.03369673567781801,0.0,0.0,0.0,0.0,0.0,0.0,0.05893132742057255,0.0,0.0,0.0,0.0,0.0,0.0,0.0,0.0,0.0,0.0,0.0,0.0,0.0,0.0,0.0,0.0,0.0,0.0,0.0,0.0,0.03369673567781801,0.0,0.0,0.0,0.0,0.0,0.0,0.0,0.0,0.0,0.039208480734484984,0.0,0.03906281862850874,0.0,0.0,0.054298213369037715,0.05893132742057255,0.0,0.0,0.0,0.0,0.0,0.0,0.0,0.0,0.21552022245134328
2024-10-02,0.0,0.0,0.0,0.0,0.0,0.0,0.0,0.0,0.0,0.0,0.0,0.0,0.0,0.0,0.0,0.0,0.0,0.0,0.0,0.0,0.0,0.0,0.0,0.0,0.0,0.0,0.0,0.0,0.0,0.0,0.0,0.0,0.0,0.0,0.0,0.0,0.0,0.0,0.0,0.0,0.0,0.0,0.0,0.0,0.0,0.09426977887469627,0.0,0.0,0.0,0.04320170297707077,0.0,0.0,0.0,0.0,0.0,0.0,0.0,0.0,0.0,0.043201702977070766,0.0,0.0,0.0,0.0,0.08270536570611495,0.0,0.0,0.0,0.0,0.0,0.0,0.0,0.0,0.0,0.0,0.0,0.0,0.0,0.0,0.0,0.0,0.052154988210837035,0.0,0.0,0.0,0.08068343753254732,0.0,0.0,0.0,0.0,0.04320170297707077,0.0,0.0,0.0,0.0,0.0,0.0,0.0,0.0,0.0,0.0,0.0,0.0,0.0,0.0,0.0,0.0,0.0,0.0,0.0,0.0,0.0,0.0,0.0,0.04611387118559801,0.0,0.0,0.0857687257254175,0.0,0.0,0.0,0.0,0.0,0.0,0.0,0.0,0.0,0.0,0.0,0.0,0.0,0.051618558456278635,0.0,0.0,0.0,0.0,0.0,0.0,0.0,0.0,0.0,0.0,0.0,0.0,0.0,0.0,0.0,0.0,0.0,0.0,0.0,0.0,0.0,0.0,0.0,0.0,0.0,0.0,0.0,0.0,0.04320170297707077,0.0,0.03434311330425526,0.0,0.03421552636092137,0.0,0.0,0.047560365997843204,0.08068343753254732,0.0,0.0,0.0,0.0,0.0,0.0,0.0,0.0,0.13707601920465998
2024-11-01,0.0,0.0,0.0,0.0,0.0,0.0,0.0,0.0,0.0,0.0,0.0,0.0,0.0,0.0,0.0,0.0,0.0,0.0,0.0,0.0,0.0,0.0,0.0,0.0,0.0,0.0,0.0,0.0,0.0,0.0,0.0,0.0,0.0,0.0,0.0,0.0,0.0,0.0,0.0,0.0,0.0,0.0,0.0,0.0,0.0,0.09064306631208839,0.0,0.0,0.0,0.041539662811247775,0.0,0.0,0.0,0.0,0.0,0.0,0.0,0.0,0.0,0.041539662811247775,0.0,0.0,0.0,0.0,0.0968792161098859,0.0,0.0,0.0,0.0,0.0,0.0,0.0,0.0,0.0,0.0,0.0,0.0,0.0,0.0,0.0,0.0,0.050148500519820706,0.0,0.0,0.0,0.07757941374054687,0.0,0.0,0.0,0.0,0.041539662811247775,0.0,0.0,0.0,0.0,0.0,0.0,0.0,0.0,0.0,0.0,0.0,0.0,0.0,0.0,0.0,0.0,0.0,0.0,0.0,0.0,0.0,0.0,0.0,0.04433979514621758,0.0,0.0,0.08246906258012995,0.0,0.0,0.0,0.0,0.0,0.0,0.0,0.0,0.0,0.0,0.0,0.0,0.0,0.04963270809520025,0.0,0.0,0.0,0.0,0.0,0.0,0.0,0.0,0.0,0.0,0.0,0.0,0.0,0.0,0.0,0.0,0.0,0.0,0.0,0.0,0.0,0.0,0.0,0.0,0.0,0.0,0.0,0.0,0.041539662811247775,0.0,0.058167020966564544,0.0,0.06196037655328155,0.0,0.0,0.045730640937430386,0.07757941374054687,0.0,0.0,0.0,0.0,0.0,0.0,0.0,0.0,0.09871213405329606
2024-12-02,0.0,0.0,0.0,0.0,0.03773461798607142,0.0,0.0,0.0,0.0,0.0,0.0,0.0,0.0,0.0,0.0,0.0,0.0,0.0,0.0,0.0,0.0,0.0,0.0,0.0,0.0,0.0,0.0,0.0,0.0,0.0,0.0,0.0,0.0,0.0,0.0,0.0,0.0,0.0,0.0,0.0,0.0,0.0,0.0,0.0,0.0,0.0,0.0,0.0,0.0,0.06614995516149096,0.0,0.0,0.0,0.0,0.0,0.0,0.0,0.0,0.0,0.03880879243825317,0.0,0.0,0.0,0.0,0.09051025297613144,0.0,0.0,0.0,0.0,0.0,0.0,0.0,0.0,0.0,0.0,0.0,0.0,0.0,0.0,0.0,0.0,0.046851674184422515,0.0,0.0,0.0,0.0923633507179491,0.0,0.0,0.0,0.0,0.03880879243825317,0.0,0.0,0.0,0.0,0.0,0.0,0.0,0.0,0.0,0.0,0.0,0.0,0.0,0.0,0.0,0.0,0.0,0.0,0.0,0.0,0.0,0.0,0.0,0.04142484050492308,0.0,0.0,0.07704744130428914,0.0,0.0,0.0,0.0,0.0,0.0,0.0,0.0,0.0,0.0,0.0,0.0,0.0,0.0463697906111428,0.0,0.0,0.0,0.0,0.0,0.0,0.0,0.0,0.0,0.0,0.0,0.0,0.0,0.0,0.0,0.0,0.0,0.0,0.0,0.0,0.0,0.0,0.0,0.0,0.0,0.0,0.0,0.0,0.03880879243825317,0.0,0.07869381694082211,0.0,0.05788702243392338,0.0,0.0,0.042724250321272875,0.07247924421098141,0.0,0.0,0.0,0.0,0.0,0.0,0.0,0.0,0.13333736533182028
2025-01-02,0.0,0.0,0.0,0.0,0.050959937639448526,0.0,0.0,0.0,0.0,0.0,0.0,0.0,0.0,0.027373524995596782,0.0,0.0,0.0,0.027016700647423255,0.0,0.0,0.0,0.0,0.0,0.0,0.0,0.0,0.0,0.0,0.0,0.0,0.0,0.0,0.0,0.027373524995596796,0.0,0.0,0.0,0.0,0.0,0.0,0.0,0.0,0.0,0.0,0.0,0.0,0.0,0.0,0.0,0.05406242873666659,0.0,0.0,0.0,0.0,0.0,0.0,0.0,0.0,0.0,0.0,0.0,0.0,0.0,0.0,0.07397138954235208,0.0,0.0,0.0,0.0,0.0,0.0,0.0,0.0,0.0,0.0,0.0,0.0,0.0,0.0,0.0,0.0,0.03829050663156602,0.0,0.0,0.0,0.07548587227124463,0.0,0.0,0.0,0.0,0.03171729399403357,0.0,0.0,0.0,0.0,0.0,0.0,0.0,0.0,0.0,0.0,0.0,0.0,0.0,0.0,0.0,0.0,0.0,0.0,0.0,0.0,0.0,0.0,0.027373524995596782,0.0,0.0,0.0,0.0,0.0,0.0,0.0,0.0,0.0,0.0,0.0,0.0,0.0,0.0,0.027373524995596796,0.0,0.0,0.0,0.0,0.0,0.0,0.0,0.0,0.0,0.0,0.0,0.0,0.0,0.0,0.0,0.0,0.0,0.0,0.0,0.0,0.0,0.0,0.0,0.0,0.0,0.0,0.0,0.0,0.0,0.0,0.0,0.0,0.0,0.07656190791684658,0.0,0.04730937485099977,0.0,0.0,0.0,0.059235172049288506,0.0,0.0,0.0,0.0,0.0,0.0,0.0,0.027373524995596782,0.32852179074214644
2025-01-31,0.0,0.0,0.0,0.0,0.03643689629624989,0.0,0.0,0.0,0.0,0.0,0.0,0.0,0.0,0.0,0.0,0.0,0.0,0.0,0.0,0.0,0.0,0.0,0.0,0.0,0.0,0.0,0.0,0.0,0.0,0.0,0.0,0.0,0.0,0.05520781513829191,0.0,0.0,0.0,0.0,0.0,0.0,0.0,0.0,0.0,0.0,0.0,0.0,0.0,0.0,0.0,0.07429066458670186,0.0,0.0,0.0,0.0,0.0,0.0,0.0,0.0,0.0,0.0,0.0,0.0,0.0,0.0,0.06668654333192332,0.0,0.0,0.0,0.0,0.0,0.0,0.0,0.0,0.0,0.0,0.03396904809350006,0.0,0.0,0.0,0.0,0.0,0.03451958311835211,0.0,0.0,0.03563545422638875,0.068051876858177,0.0,0.0,0.0,0.0,0.02859371323683825,0.0,0.03486634370351705,0.0,0.0,0.0,0.0,0.0,0.0,0.0,0.0,0.0,0.0,0.0,0.0,0.0,0.0,0.0,0.0,0.0,0.0,0.0,0.0,0.0,0.0,0.0,0.0,0.0,0.0,0.0,0.0,0.0,0.0,0.0,0.0,0.0,0.0,0.0,0.05520781513829191,0.0,0.0,0.0,0.0,0.0,0.0,0.0,0.0,0.0,0.0,0.0,0.0,0.0,0.0,0.0,0.0,0.0,0.0,0.0,0.0,0.0,0.0,0.0,0.0,0.0,0.0,0.0,0.0,0.0,0.0,0.0,0.0,0.0,0.09037803100791249,0.0,0.04265025566676794,0.0,0.0,0.0,0.05340157717839197,0.0,0.0,0.0,0.0,0.0,0.0,0.0,0.0552078151382919,0.23489656728040365
2025-02-28,0.0,0.0,0.0,0.0,0.02968554843175457,0.0,0.0,0.0,0.0,0.0,0.0,0.0,0.0,0.040660016662922155,0.0,0.0,0.0,0.0,0.0,0.0,0.0,0.0,0.0,0.0,0.0,0.0,0.0,0.0,0.0,0.0,0.0,0.0,0.0,0.04497842672367766,0.0,0.0,0.0,0.0,0.0,0.0,0.0,0.0,0.0,0.0,0.0,0.0,0.0,0.0,0.0,0.08977388677359487,0.0,0.0,0.0,0.0,0.0,0.0,0.0,0.0,0.0,0.0,0.0,0.0,0.0,0.0,0.08526723369129006,0.0,0.0,0.0,0.0,0.0,0.0,0.0,0.0,0.0,0.0,0.05214865360432103,0.0,0.0,0.0,0.0,0.0,0.0,0.0,0.0,0.029032604580920683,0.05544262798676207,0.0,0.0,0.0,0.0,0.05926615133933347,0.0,0.06640869686235727,0.0,0.0,0.0,0.0,0.0,0.0,0.0,0.0,0.0,0.0,0.0,0.0,0.0,0.0,0.0,0.0,0.0,0.0,0.0,0.0,0.0,0.0,0.0,0.0,0.0,0.0,0.0,0.0,0.0,0.0,0.0,0.0,0.0,0.0,0.0,0.07846425882259501,0.0,0.0,0.0,0.0,0.0,0.0,0.0,0.0,0.0,0.0,0.0,0.0,0.0,0.0,0.0,0.0,0.0,0.0,0.0,0.0,0.0,0.0,0.0,0.0,0.0,0.0,0.0,0.0,0.0,0.0,0.0,0.0,0.0,0.05356337943171202,0.0,0.07102190457778257,0.0,0.0,0.0,0.04350686438198058,0.0,0.0,0.0,0.0,0.0,0.0,0.0,0.06156611400920122,0.13921363211979476
2025-04-02,0.0,0.0,0.0,0.0,0.0,0.0,0.0,0.0,0.0,0.0,0.0,0.0,0.0,0.0350947944108176,0.0,0.0,0.0,0.0,0.0,0.0,0.0,0.0,0.0,0.0,0.0,0.0,0.0,0.0,0.0,0.0,0.0,0.0,0.0,0.038822134576962264,0.0,0.0,0.0,0.0,0.0,0.0,0.0,0.0,0.0,0.0,0.0,0.0,0.0,0.0,0.0,0.07714087412849875,0.0,0.0,0.0,0.0,0.0,0.0,0.0,0.0,0.0,0.0,0.0,0.0,0.0,0.0,0.07417546127553089,0.0,0.0,0.0,0.0,0.0,0.0,0.0,0.0,0.0,0.0,0.0,0.0,0.0,0.0,0.0,0.0,0.0,0.0,0.0,0.0,0.0537116416981522,0.0,0.0,0.0,0.0,0.04988741240415933,0.0,0.06176639705883619,0.0,0.0,0.0,0.0,0.0,0.0,0.0,0.0,0.0,0.0,0.0,0.0,0.0,0.0,0.0,0.0,0.0,0.0,0.0,0.0,0.0,0.0,0.0,0.0,0.0,0.0,0.0,0.0,0.0,0.0,0.0,0.0,0.0,0.0,0.0,0.06772469019884193,0.0,0.0,0.0,0.0,0.0,0.0,0.0,0.0,0.0,0.0,0.0,0.0,0.0,0.0,0.0,0.0,0.0,0.0,0.0,0.0,0.0,0.0,0.0,0.0,0.0,0.0,0.0,0.0,0.0,0.0,0.0,0.0,0.0,0.0,0.0,0.06130098667900678,0.0,0.0,0.0,0.037551988077203086,0.0,0.0,0.0,0.0,0.0,0.0,0.0,0.0,0.44282361949199095
2025-05-02,0.0,0.0,0.0,0.0,0.0,0.0,0.0,0.0,0.0,0.0,0.0,0.0,0.0,0.024838622868926637,0.0,0.0,0.0,0.03637921886628359,0.0,0.0,0.0,0.0,0.0,0.0,0.0,0.0,0.032663871061070854,0.0,0.0,0.0,0.0,0.0,0.0,0.02747667783535015,0.0,0.0,0.0,0.0,0.0,0.0,0.0,0.0,0.0,0.0,0.0,0.0,0.0,0.0,0.0,0.05972742243710084,0.0,0.0,0.0,0.0,0.0,0.0,0.0,0.0,0.0,0.0,0.0,0.0,0.0,0.0,0.0692421431279776,0.0,0.0,0.0,0.0,0.0,0.0,0.0,0.0,0.0,0.0,0.0,0.0,0.0,0.0,0.0,0.0,0.0,0.0,0.0,0.0,0.03801484619610957,0.0,0.0,0.0,0.0,0.039224790238120436,0.0,0.0,0.0,0.0,0.0,0.0,0.0,0.0,0.0,0.0,0.0,0.0,0.0,0.0,0.0,0.0,0.0,0.0,0.0,0.03736625193629904,0.0,0.0,0.0,0.0,0.0,0.0,0.0,0.0,0.0,0.0,0.038353285006314485,0.0,0.0,0.0,0.0,0.0,0.0,0.06668992935967276,0.0,0.0,0.0,0.0,0.0,0.0,0.0,0.03934031807632993,0.0,0.0,0.0,0.0,0.0,0.0,0.0,0.0,0.0,0.0,0.0,0.0,0.0,0.0,0.0,0.0,0.0,0.0,0.0,0.0,0.0,0.0,0.0,0.0,0.0,0.0,0.0,0.04338626611653863,0.0,0.0,0.0,0.026577721439524086,0.0,0.0,0.0,0.0,0.0,0.0,0.0,0.0,0.4207186354343813
2025-06-02,0.0,0.0,0.0,0.0,0.0,0.0,0.0,0.0,0.0,0.0,0.0,0.0,0.0,0.0,0.0,0.0,0.0,0.0315210591765949,0.0,0.0,0.0,0.0,0.0,0.0,0.0,0.0,0.05793003449631357,0.0,0.0,0.0,0.0,0.0,0.0,0.05462896427050392,0.0,0.0,0.0,0.0,0.0,0.0,0.0,0.0,0.034690232155054235,0.0,0.0,0.0,0.0,0.037143121896888454,0.0,0.0517512930672133,0.0,0.0,0.0,0.0,0.0,0.0,0.0,0.0,0.0,0.0,0.0,0.0,0.037143121896888454,0.0,0.081208026963011,0.0,0.0,0.0,0.0,0.0,0.0,0.0,0.0,0.0,0.0,0.0,0.0,0.0,0.0,0.0,0.0,0.0,0.0,0.0,0.0,0.032938261289806946,0.0,0.0,0.0,0.0,0.03398662678354601,0.0,0.0,0.0,0.0,0.0,0.0,0.0,0.0,0.0,0.0,0.0,0.0,0.0,0.0,0.0,0.0,0.0,0.0,0.0,0.032376281712393984,0.0,0.0,0.0,0.0,0.0,0.0,0.0,0.0,0.0,0.0,0.03323150424819307,0.0,0.0,0.0,0.0,0.0,0.0,0.07958382741735365,0.0,0.0,0.0,0.0,0.0,0.0,0.0,0.034086726783992154,0.0,0.0,0.0,0.0,0.0,0.0,0.0,0.0,0.0,0.0,0.0,0.0,0.0,0.0,0.0,0.0,0.0,0.0,0.0,0.0,0.0,0.0,0.0,0.0,0.0,0.0,0.0,0.0375923701588433,0.0,0.0,0.0,0.0,0.0,0.0,0.0,0.0,0.0,0.0,0.0,0.0,0.330188547683403
2025-07-02,0.0,0.0,0.0,0.0,0.0,0.0,0.0,0.0,0.0,0.0,0.0,0.0,0.0,0.0,0.0,0.0,0.0,0.0,0.0,0.0,0.0,0.0,0.0,0.0,0.0,0.0,0.04387721559193485,0.04215255325526956,0.0,0.0,0.0,0.0,0.0,0.06472022331699714,0.0,0.04215255325526956,0.0,0.0,0.0,0.0,0.0,0.0,0.0,0.0,0.0,0.0,0.0,0.057496679420299186,0.0,0.03919732937870112,0.0,0.0,0.04215255325526956,0.0,0.0,0.0,0.0,0.0,0.0,0.0,0.0,0.0,0.057496679420299186,0.0,0.061508371915063136,0.0,0.0,0.0,0.0,0.0,0.0,0.0,0.0,0.0,0.0,0.0,0.0,0.0,0.0,0.0,0.0,0.0,0.0,0.0,0.0,0.0,0.0,0.0,0.0,0.0,0.025742062189159785,0.0,0.0,0.0,0.0,0.0,0.0,0.0,0.0,0.0,0.0,0.0,0.0,0.0,0.0,0.0,0.0,0.0,0.0,0.0,0.0,0.0,0.0,0.0,0.0,0.0,0.0,0.0,0.0,0.0,0.0,0.025170119248505783,0.0,0.0,0.0,0.0,0.0,0.0,0.07502928052600864,0.0,0.0,0.0,0.0,0.0,0.0,0.0,0.025817879670342325,0.0,0.0,0.0,0.0,0.0,0.0,0.0,0.0,0.0,0.0,0.0,0.0,0.0,0.0,0.0,0.0,0.0,0.0,0.0,0.0,0.0,0.04215255325526956,0.0,0.0,0.0,0.0,0.0,0.02847311492929198,0.0,0.0,0.0,0.0,0.0,0.0,0.0,0.0,0.0,0.0,0.0,0.0,0.3268608313723186
2025-08-01,0.0,0.0,0.0,0.0,0.0,0.04116453750531234,0.0,0.0,0.0,0.0,0.0,0.0,0.0,0.0,0.0,0.0,0.0,0.0,0.0,0.0,0.0,0.0,0.0,0.0,0.0,0.0,0.037314265250056426,0.035847569904216385,0.0,0.0,0.0,0.0,0.0,0.05503967257979837,0.0,0.06819715746182645,0.0,0.0,0.0,0.0,0.0,0.0,0.04116453750531234,0.0,0.0,0.0,0.0,0.07803741384373843,0.0,0.06555891704754951,0.0,0.0,0.035847569904216385,0.0,0.0,0.0,0.0,0.0,0.0,0.0,0.0,0.0,0.07803741384373843,0.0,0.052308235009325896,0.0,0.0,0.0,0.0,0.0,0.0,0.0,0.0,0.0,0.0,0.0,0.0,0.0,0.0,0.0,0.0,0.0,0.0,0.0,0.0,0.0,0.0,0.0,0.0,0.0,0.0,0.0,0.0,0.0,0.0,0.0,0.0,0.0,0.0,0.0,0.0,0.0,0.0,0.0,0.0,0.0,0.0,0.0,0.0,0.0,0.0,0.0,0.0,0.0,0.0,0.0,0.0,0.0,0.0,0.0,0.0,0.0,0.0,0.0,0.0,0.0,0.0,0.0,0.08749784767875833,0.0,0.0,0.0,0.0,0.0,0.0,0.0,0.021956161010141046,0.0,0.0,0.0,0.0,0.0,0.0,0.0,0.0,0.0,0.0,0.0,0.0,0.0,0.0,0.0,0.0,0.0,0.0,0.0,0.0,0.0,0.06819715746182645,0.0,0.0,0.0,0.0,0.0,0.024214238497901264,0.0,0.0,0.0,0.0,0.0,0.0,0.0,0.0,0.0,0.0,0.0,0.0,0.20961730549628196
2025-09-02,0.0,0.0,0.0,0.0,0.0,0.0,0.0,0.03498786439031007,0.0,0.0,0.0,0.0,0.0,0.0,0.0,0.0,0.0,0.0,0.0,0.0,0.0,0.0,0.0,0.0,0.0,0.0,0.03528756558974283,0.0,0.0,0.0,0.0,0.0,0.0,0.05205022913307044,0.0,0.06449307391801268,0.0,0.0,0.0,0.0,0.0,0.0,0.06531898632727262,0.0,0.0,0.0,0.0,0.07379886327684453,0.0,0.06199812778852492,0.0,0.0,0.06140130371944766,0.0,0.03498786439031007,0.0,0.0,0.0,0.0,0.0,0.0,0.0,0.07379886327684453,0.0,0.04946714778934254,0.0,0.0,0.0,0.0,0.0,0.0,0.0,0.0,0.0,0.0,0.0,0.0,0.0,0.0,0.0,0.0,0.0,0.0,0.0,0.0,0.0,0.0,0.0,0.0,0.0,0.0,0.0,0.0,0.0,0.0,0.0,0.0,0.0,0.0,0.0,0.0,0.0,0.0,0.0,0.0,0.0,0.0,0.0,0.0,0.0,0.0,0.0,0.0,0.0,0.03498786439031007,0.03498786439031007,0.0,0.0,0.0,0.0,0.0,0.0,0.0,0.0,0.0,0.0,0.0,0.0,0.08274545989943734,0.0,0.0,0.0,0.0,0.0,0.0,0.0,0.0,0.0,0.0,0.0,0.0,0.0,0.0,0.0,0.0,0.0,0.0,0.0,0.0,0.0,0.0,0.0,0.0,0.0,0.0,0.0,0.0,0.0,0.0852373369724313,0.0,0.0,0.0,0.0,0.0,0.0,0.0,0.0,0.0,0.0,0.0,0.0,0.0,0.0,0.0,0.0,0.0,0.0,0.1544515847477883
2025-10-02,0.0,0.0,0.0,0.0,0.0,0.0,0.0,0.06089633158272234,0.0,0.0,0.0,0.0,0.0,0.0,0.0,0.0,0.0,0.0,0.0,0.0,0.0,0.0,0.0,0.0,0.0,0.0,0.0,0.0,0.0,0.0,0.0,0.0,0.0,0.046083076529991156,0.0,0.057099446256421015,0.0,0.0,0.0,0.0,0.0,0.0,0.057830674252856734,0.0,0.0,0.0,0.0,0.06533839948175005,0.0,0.05489052623169936,0.0,0.0,0.05436212338490471,0.03992942372869639,0.061909562180928926,0.0,0.0,0.0,0.0,0.0,0.0,0.0,0.06533839948175005,0.0,0.0437961253055906,0.0,0.0,0.0,0.0,0.0,0.0,0.0,0.0,0.0,0.0,0.0,0.0,0.0,0.0,0.0,0.0,0.0,0.0,0.0,0.0,0.0,0.0,0.0,0.0,0.0,0.0,0.0,0.0,0.0,0.0,0.0,0.0,0.0,0.0,0.0,0.0,0.0,0.0,0.0,0.0,0.0,0.0,0.0,0.0,0.0,0.0,0.0,0.0,0.0,0.062467739807884205,0.062467739807884205,0.0,0.0,0.0,0.0,0.0,0.0,0.0,0.0,0.0,0.0,0.0,0.0,0.07325933861513717,0.0,0.0,0.0,0.0,0.0,0.0,0.0,0.0,0.0,0.0,0.0,0.0,0.0,0.0,0.0,0.0,0.0,0.0,0.0,0.0,0.0,0.0,0.0,0.0,0.0,0.0,0.0,0.0,0.0,0.0948372060672192,0.0,0.0,0.0,0.0,0.0,0.0,0.0,0.0,0.0,0.0,0.0,0.0,0.0,0.0,0.0,0.0,0.0,0.0,0.09949388728456389
2025-10-31,0.0,0.0,0.0,0.0,0.0,0.0,0.0,0.05421220921753706,0.0,0.0,0.0,0.0,0.0,0.0,0.0,0.0,0.0,0.0,0.0,0.0,0.0,0.0,0.0,0.0,0.0,0.0,0.0,0.0,0.0,0.0,0.0,0.0,0.0,0.04102489134075306,0.0,0.050832078816663386,0.0,0.0,0.0,0.0,0.0,0.0,0.051483045534989336,0.0,0.0,0.0,0.0,0.05816670545797924,0.0,0.04886561496879848,0.0,0.0,0.04839521084203,0.049883367159896407,0.055114225279062366,0.0,0.0,0.0,0.0,0.0,0.0,0.0,0.05816670545797924,0.0,0.03898896117837392,0.0,0.0,0.0,0.0,0.0,0.0,0.0,0.0,0.0,0.0,0.0,0.0,0.0,0.0,0.0,0.0,0.0,0.0,0.0,0.0,0.0,0.0,0.0,0.0,0.0,0.0,0.0,0.0,0.0,0.0,0.0,0.0,0.0,0.0,0.0,0.0,0.0,0.0,0.0,0.0,0.0,0.0,0.0,0.0,0.0,0.0,0.0,0.0,0.0,0.055611136037174984,0.055611136037174984,0.0,0.0,0.0,0.0,0.0,0.0,0.0,0.0,0.0,0.0,0.0,0.0,0.06521822397047357,0.0,0.0,0.0,0.0,0.0,0.0,0.0,0.0,0.0,0.0,0.0,0.0,0.0,0.0,0.0,0.0,0.0,0.0,0.0,0.0,0.0,0.0,0.0,0.0,0.0,0.0,0.0,0.0,0.0,0.08385244135250287,0.0,0.0,0.0,0.0,0.0,0.0,0.0,0.0,0.0,0.0,0.0,0.0,0.0,0.0,0.0,0.0,0.0,0.0,0.18457404734861113
2025-12-02,0.0,0.0,0.0,0.0,0.0,0.0,0.0,0.04331391932417177,0.0,0.0,0.0,0.0,0.0,0.0,0.0,0.0,0.0,0.0,0.0,0.0,0.0,0.0,0.0,0.0,0.0,0.0,0.0,0.0,0.0,0.0,0.0,0.0,0.0,0.0622699638493013,0.0,0.040613297128512166,0.0,0.0,0.0,0.0,0.0,0.0,0.04113339989368725,0.0,0.0,0.0,0.0,0.07259473908355599,0.0,0.0390421518516514,0.0,0.0,0.03866631314869709,0.07123510748879291,0.0,0.0,0.0,0.0,0.0,0.0,0.0,0.0,0.07568191454541676,0.0,0.06538658124816216,0.0,0.0,0.0,0.0,0.0,0.0,0.0,0.0,0.0,0.0,0.0,0.0,0.0,0.0,0.0,0.0,0.0,0.0,0.0,0.0,0.0,0.0,0.0,0.0,0.0,0.0,0.0,0.0,0.0,0.0,0.0,0.0,0.0,0.0,0.0,0.0,0.0,0.0,0.0,0.0,0.0,0.0,0.0,0.0,0.0,0.0,0.0,0.0,0.0,0.07430998891287864,0.044431619640775286,0.0,0.0,0.0,0.0,0.0,0.0,0.0,0.0350565012435734,0.0,0.0,0.0,0.0,0.0,0.0,0.0,0.0,0.0,0.0,0.0,0.0,0.0,0.0,0.0,0.0,0.0,0.0,0.0,0.0,0.0,0.0,0.0,0.0,0.0,0.0,0.0,0.0,0.0,0.0,0.0,0.0,0.0,0.0,0.06699557041298823,0.04445584276334692,0.0,0.0,0.0,0.0,0.0,0.0,0.0,0.0,0.0,0.0,0.0,0.0,0.0,0.0,0.0,0.0,0.0,0.18481308946448866
2026-01-02,0.0,0.0,0.0,0.0,0.0,0.0,0.0,0.07138191702661476,0.0,0.0,0.0,0.0,0.0,0.0,0.0,0.0,0.0,0.0,0.0,0.0,0.0,0.0,0.0,0.0,0.0,0.0,0.0,0.0,0.0,0.0,0.0,0.0,0.0,0.08072028686895566,0.0,0.03324124362816332,0.0,0.0,0.0,0.0,0.0,0.0,0.033666938263941334,0.0,0.0,0.0,0.0,0.08890723559180973,0.0,0.0319552898490819,0.0,0.0,0.0,0.08815019164308895,0.04848642737887177,0.0,0.0,0.0,0.0,0.0,0.0,0.0,0.06194426794971714,0.0,0.08489372760058066,0.0,0.0,0.0,0.0,0.0,0.0,0.0,0.0,0.0,0.0,0.0,0.0,0.0,0.0,0.0,0.0,0.0,0.0,0.0,0.0,0.0,0.0,0.0,0.0,0.0,0.0,0.0,0.0,0.0,0.0,0.0,0.0,0.0,0.0,0.0,0.0,0.0,0.0,0.0,0.0,0.0,0.0,0.0,0.0,0.0,0.0,0.0,0.0,0.0,0.06082137181925486,0.03636647102547138,0.0,0.0,0.0,0.0,0.0,0.0,0.0,0.0,0.0,0.0,0.0,0.0,0.0,0.0,0.0,0.0,0.0,0.0,0.0,0.0,0.0,0.0,0.0,0.0,0.0,0.0,0.0,0.0,0.0,0.0,0.0,0.0,0.0,0.0,0.0,0.0,0.0,0.0,0.0,0.0,0.0,0.0,0.0548346535633143,0.07323947583619188,0.0,0.0,0.0,0.0,0.0,0.0,0.0,0.0,0.0,0.0,0.0,0.04848642737887177,0.0,0.0,0.0,0.0,0.0,0.10290407457607068
2026-02-02,0.0,0.0,0.0,0.0,0.0,0.0,0.0,0.0952756033697622,0.0,0.0,0.0,0.0,0.0,0.0,0.0,0.0,0.0,0.0,0.0,0.0,0.0,0.0,0.0,0.0,0.0,0.0,0.0,0.0,0.0,0.0,0.0,0.0,0.0,0.10053150757835211,0.0,0.027755770586895632,0.0,0.0,0.0,0.0,0.0,0.0,0.028111217055231615,0.0,0.0,0.0,0.0,0.10513935873165065,0.0,0.0,0.0,0.0,0.05429129473431843,0.1047132725363783,0.0,0.0,0.0,0.0,0.0,0.0,0.0,0.0,0.05172221922915278,0.0,0.06649278138370654,0.0,0.0,0.0,0.0,0.0,0.0,0.0,0.0,0.0,0.0,0.0,0.0,0.0,0.0,0.0,0.0,0.0,0.0,0.0,0.0,0.0,0.0,0.0,0.0,0.0,0.0,0.0,0.0,0.0,0.055099799192857256,0.0,0.0,0.0,0.0,0.0,0.0,0.0,0.0,0.0,0.0,0.0,0.0,0.0,0.0,0.0,0.0,0.0,0.0,0.0,0.050784623520079536,0.030365272675381614,0.029692969542361683,0.0,0.0,0.0,0.0,0.0,0.0,0.0,0.0,0.0,0.0,0.0,0.0,0.0,0.0,0.0,0.0,0.0,0.0,0.0,0.0,0.0,0.0,0.0,0.0,0.0,0.0,0.0,0.0,0.0,0.0,0.0,0.0,0.0,0.0,0.0,0.0,0.0,0.0,0.0,0.0,0.0,0.04578583405422804,0.09632109110796386,0.0,0.0,0.0,0.0,0.0,0.0,0.0,0.0,0.0,0.0,0.0,0.0,0.0,0.0,0.0,0.0,0.0,0.057917384701679814
2026-03-02,0.0,0.0,0.0,0.0,0.0,0.0,0.0,0.10300135487006268,0.0,0.0,0.0,0.0,0.0,0.0,0.0,0.0,0.0,0.0,0.0,0.0,0.0,0.0,0.0,0.0,0.0,0.0,0.0,0.0,0.0,0.0,0.0,0.0,0.0,0.1053115550629899,0.0,0.0,0.0,0.0,0.0,0.0,0.0,0.0,0.0,0.0,0.0,0.0,0.0,0.07948088993902161,0.0,0.0,0.0,0.0,0.030290320450006708,0.10714962399069594,0.0,0.0,0.0,0.0,0.0,0.0,0.0,0.0,0.0390998010977663,0.0,0.09035004345603377,0.0,0.0,0.0,0.0,0.0,0.0,0.0,0.0,0.0,0.0,0.0,0.0,0.0,0.0,0.0,0.0,0.0,0.0,0.0,0.0,0.0,0.0,0.0,0.0,0.0,0.0,0.0,0.0,0.0,0.08534232858704877,0.0,0.0,0.0,0.0,0.0,0.0,0.0,0.0,0.0,0.0,0.0,0.0,0.0,0.0,0.0,0.0,0.0,0.0,0.0,0.03839101856133909,0.022954856531323415,0.0,0.0,0.0,0.0,0.0,0.0,0.0,0.0,0.0,0.0,0.0,0.0,0.0,0.0,0.0,0.0,0.0,0.0,0.0,0.0,0.0,0.0,0.0,0.0,0.0,0.0,0.0,0.0,0.0,0.0,0.0,0.06112355258318748,0.0,0.0,0.0,0.0,0.0,0.0,0.0,0.0,0.0,0.0,0.07810921986992628,0.07281465412679863,0.0,0.0,0.0,0.0611235525831875,0.0,0.0,0.0,0.0,0.0,0.0,0.0,0.0,0.0,0.0,0.0,0.0,0.0,0.02545722829061199
2026-04-02,0.0,0.0,0.0,0.0,0.0,0.0,0.0,0.08798248093359147,0.0,0.0,0.0,0.0,0.0,0.0,0.0,0.0,0.0,0.0,0.0,0.0,0.0,0.0,0.0,0.0,0.0,0.0,0.0,0.0,0.0,0.0,0.0,0.0,0.0,0.08995582531030778,0.0,0.0,0.0,0.0,0.0,0.0,0.0,0.0,0.0,0.0,0.0,0.0,0.0,0.06789159125592573,0.0,0.0,0.0,0.0,0.025873616369678235,0.09152588101093942,0.0,0.0,0.0,0.0,0.0,0.0,0.0,0.0,0.033398565571600126,0.0,0.07717588749922444,0.0,0.0,0.0,0.0,0.0,0.0,0.0,0.0,0.0,0.0,0.0,0.0,0.0,0.0,0.0,0.0,0.0,0.0,0.0,0.0,0.0,0.0,0.0,0.0,0.0,0.0,0.0,0.0,0.0,0.06072742248918357,0.0,0.0,0.0,0.0,0.0,0.0,0.0,0.0,0.0,0.0,0.0,0.0,0.0,0.0,0.0,0.0,0.0,0.0,0.0,0.03279313231224215,0.0,0.0,0.0,0.0,0.0,0.0,0.0,0.0,0.0,0.0,0.0,0.0,0.0,0.0,0.0,0.0,0.0,0.0,0.0,0.0,0.0,0.0,0.0,0.0,0.0,0.0,0.0,0.0,0.0,0.0,0.0,0.0,0.05221098117134306,0.0,0.0,0.0,0.0,0.0,0.0,0.0,0.0,0.0,0.0,0.06671992768068828,0.05243485477266752,0.0,0.0,0.0,0.05221098117134309,0.0,0.0,0.0,0.0,0.0,0.0,0.0,0.0,0.0,0.0,0.0,0.0,0.0,0.20909885245126517
2026-05-01,0.0,0.0,0.0,0.0,0.0,0.0,0.0,0.07718359433779574,0.0,0.0,0.0,0.0,0.0,0.0,0.0,0.0,0.0,0.0,0.0,0.0,0.0,0.030875956525813226,0.0,0.0,0.0,0.0,0.0,0.0,0.0,0.0,0.0,0.0,0.0,0.09492217235861523,0.0,0.0,0.0,0.0,0.0,0.0,0.0,0.0,0.0,0.0,0.0,0.0,0.0,0.059558641480001145,0.0,0.0,0.031246210265436565,0.0,0.0,0.08029208083697695,0.0,0.0,0.0,0.0,0.0,0.0,0.0,0.0,0.0,0.0,0.0,0.0,0.0,0.0,0.0,0.0,0.0,0.0,0.0,0.0,0.0,0.0,0.0,0.0,0.0,0.0,0.0,0.0,0.0,0.0,0.0,0.0,0.0,0.0,0.031246210265436565,0.0,0.0,0.0,0.02930734645503795,0.0,0.06487294649257702,0.0,0.0,0.0,0.0,0.0,0.0,0.0,0.0,0.0,0.0,0.0,0.0,0.0,0.0,0.0,0.0,0.0,0.0,0.0,0.02876813423077043,0.0,0.0,0.0,0.0,0.0,0.0,0.0,0.0,0.0,0.0,0.0,0.0,0.029364546258236684,0.0,0.0,0.0,0.0,0.0,0.0,0.0,0.0,0.0,0.0,0.0,0.0,0.0,0.0,0.0,0.0,0.0,0.0,0.0,0.045802654664272545,0.0,0.0,0.0,0.0,0.0,0.0,0.0,0.0,0.0,0.0,0.0,0.04599905023125606,0.0,0.0,0.0,0.04580265466427257,0.0,0.0,0.0,0.0,0.0,0.0,0.0,0.0,0.031246210265436565,0.0,0.0,0.0,0.0,0.27351159066806474
2026-06-02,0.0,0.0,0.0,0.0,0.0,0.0,0.0,0.06946758828272129,0.0,0.0,0.0,0.0,0.0,0.0,0.0,0.0,0.0,0.0,0.0,0.03645542245214961,0.0,0.027789302301513545,0.0,0.0,0.0,0.0,0.0,0.0,0.0,0.0,0.0,0.0,0.0,0.09912968102225345,0.0,0.0,0.0,0.0,0.0,0.0,0.0,0.0,0.0,0.0,0.0,0.0,0.0,0.05360459331426731,0.0,0.0,0.05751670652700126,0.0,0.0,0.07226532091178824,0.0,0.0,0.0,0.0,0.0,0.0,0.0,0.0,0.0,0.0,0.0,0.0,0.0,0.0,0.0,0.0,0.0,0.0,0.0,0.0,0.0,0.0,0.0,0.0,0.0,0.0,0.0,0.0,0.0,0.0,0.0,0.0,0.0,0.0,0.0,0.0,0.0,0.0,0.0,0.0,0.08018256706412118,0.0,0.0,0.0,0.0,0.0,0.0,0.0,0.0,0.0,0.0,0.0,0.0,0.0,0.0,0.0,0.0,0.0,0.0,0.0,0.0,0.0,0.03645542245214962,0.0,0.0,0.0,0.0,0.0,0.0,0.03645542245214962,0.0,0.034219631476847465,0.0,0.0,0.0,0.0,0.0,0.0,0.0,0.0,0.0,0.0,0.0,0.0,0.0,0.0,0.0,0.0,0.0,0.0,0.0,0.0,0.0,0.04122378575099949,0.0,0.0,0.0,0.0,0.0,0.0,0.0,0.0,0.0,0.0,0.0,0.04140054774951504,0.0,0.0,0.0,0.04122378575099951,0.0,0.0,0.0,0.0,0.0,0.0,0.0,0.0,0.028122541956455305,0.0,0.0,0.0,0.0,0.24448768053506806
2026-07-02,0.0,0.0,0.0,0.0,0.0,0.0,0.0,0.059038742488089005,0.0,0.0,0.031111675863441917,0.0,0.0,0.0,0.0,0.0,0.0,0.0,0.0,0.05662133242591235,0.0,0.04849943718498555,0.0,0.0,0.0,0.0,0.0,0.0,0.0,0.0,0.0,0.0,0.0,0.0,0.0,0.0,0.0,0.0,0.0,0.0,0.0,0.0,0.0,0.0,0.0,0.0,0.0,0.04555718514337621,0.0,0.0,0.07135895134170724,0.0,0.0,0.06141646453546706,0.0,0.0,0.0,0.0,0.0,0.0,0.0,0.0,0.0,0.0,0.0,0.0,0.0,0.0,0.0,0.0,0.0,0.0,0.0,0.0,0.0,0.0,0.0,0.0,0.0,0.0,0.030588814789974165,0.0,0.0,0.0,0.0,0.0,0.0,0.0,0.0,0.0,0.0,0.0,0.0,0.0,0.0,0.0,0.0,0.0,0.0,0.0,0.0,0.0,0.0,0.0,0.0,0.0,0.0,0.0,0.0,0.0,0.0,0.0,0.0,0.0,0.0,0.0,0.030982539507310027,0.0,0.0,0.031111675863441917,0.0,0.0,0.0,0.0,0.0,0.036896366753072354,0.0,0.0,0.0,0.0,0.0,0.0,0.0,0.0,0.0,0.0,0.0,0.0,0.0,0.0,0.0,0.0,0.0,0.0,0.0,0.0,0.0,0.03503505061140538,0.0,0.0,0.0,0.031111675863441917,0.0,0.0,0.0,0.0,0.0,0.0,0.0,0.060081680421049576,0.0,0.0,0.0,0.0,0.0,0.0,0.0,0.0,0.0,0.0,0.0,0.0,0.0,0.0,0.0,0.0,0.0,0.37058840720732544
2026-07-31,0.0,0.0,0.0,0.0,0.0,0.0,0.0,0.05109994991492349,0.0,0.0,0.05514333105233058,0.0,0.0,0.0,0.0,0.0,0.0,0.0,0.0,0.03982777961202785,0.0,0.04197783873114738,0.0,0.0,0.0,0.0,0.0,0.0,0.0,0.0,0.0,0.0,0.0,0.0,0.0,0.0,0.0,0.0,0.0,0.0,0.0,0.0,0.0,0.0,0.0,0.0,0.0,0.03943122398924885,0.0,0.0,0.061763490986928904,0.0,0.0,0.0,0.0,0.0,0.0,0.0,0.0,0.0,0.0,0.0,0.0,0.0,0.0,0.0,0.0,0.0,0.0,0.0,0.0,0.0,0.0,0.0,0.0,0.0,0.0,0.0,0.0,0.0,0.041950524776543874,0.0,0.0,0.0,0.0,0.03179448590731564,0.0,0.0,0.0,0.0,0.0,0.0,0.0,0.0,0.0,0.0,0.0,0.0,0.0,0.0,0.0,0.0,0.0,0.0,0.0,0.0,0.0,0.0,0.0,0.0,0.0,0.0,0.0,0.0,0.0,0.0,0.026816394630696794,0.0,0.0,0.052860381997014316,0.0,0.0,0.0,0.0,0.0,0.05921231678623869,0.0,0.0,0.0,0.0,0.0,0.0,0.0,0.0,0.0,0.0,0.0,0.0,0.0,0.0,0.0,0.0,0.0,0.0,0.0,0.0,0.0,0.03032397466580209,0.0,0.0,0.0,0.05514333105233058,0.0,0.0,0.0,0.0,0.0,0.0,0.0,0.07552100334376904,0.0,0.0,0.0,0.0,0.0,0.0,0.0,0.0,0.0,0.0,0.0,0.0,0.03325919451648775,0.0,0.0,0.0,0.0,0.3038747780371942
2026-09-02,0.0,0.0,0.0,0.0,0.0,0.0,0.0,0.045975306727516554,0.0,0.0,0.07662806389365681,0.0,0.0,0.0,0.0,0.0,0.0,0.0,0.0,0.06715679340414092,0.0,0.037768021585850804,0.0,0.0,0.0,0.0,0.0,0.0,0.0,0.0,0.0,0.0,0.0,0.0,0.0,0.0,0.0,0.0,0.0,0.0,0.0,0.0,0.0,0.0,0.0,0.0,0.0,0.0,0.0,0.039474097248335956,0.08240342876438672,0.0,0.0,0.0,0.0,0.0,0.0,0.0,0.0,0.0,0.0,0.0,0.0,0.0,0.0,0.0,0.0,0.0,0.0,0.0,0.0,0.0,0.0,0.0,0.0,0.0,0.0,0.0,0.0,0.0,0.03774344685646401,0.0,0.0,0.0,0.0,0.06157317235059039,0.0,0.0,0.0,0.0,0.0,0.0,0.0,0.0,0.0,0.0,0.0,0.0,0.0,0.0,0.0,0.0,0.0,0.0,0.0,0.0,0.0,0.0,0.028256411974147078,0.0,0.0,0.0,0.0,0.0,0.0,0.0,0.0,0.0,0.0,0.04755919095992456,0.0,0.0,0.0,0.0,0.0,0.05327411143898529,0.0,0.0,0.0,0.0,0.0,0.0,0.0,0.0,0.0,0.0,0.0,0.0,0.0,0.0,0.0,0.0,0.0,0.0,0.0,0.0,0.0,0.0,0.0,0.0,0.0,0.04961319068470328,0.0,0.0,0.0,0.0,0.0,0.0,0.0,0.09196572518522772,0.0,0.0,0.0,0.0,0.0,0.0,0.0,0.0,0.0,0.03947409724833595,0.0,0.0,0.029923741059462255,0.0,0.0,0.0,0.0,0.21121120061827162
