Date,StartWindow,Ticker,AllocationBucket,PlainEnglishExplanation,Score,RankInScoreTable,EligibleAfterFiltersAndCorrelation,AboveSMA50,AboveSMA126,PositiveMom63,PositiveMom126,Mom21,Mom63,Mom126,RS63VsSPY,RS126VsSPY,Vol63Ann,OptimizerUsed,OptimizerFallbackReason,OptimizerRawWeight,OptimizerWeightAfterCap,ScoreRankPct,CenteredScoreRank,ScoreTiltMultiplier,ScoreTiltPreCapWeight,RiskWeightAfterScoreTilt,CashWeight,SignalBreadth,BreadthCashWeight,VolCashWeight,ActiveSleeveVol,RiskWeightBeforeCashScaling,CashScaledTargetWeight,PreviousFinalWeight,WeightBeforeTurnoverCap,WeightAfterTurnoverCapBeforePrune,WeightAfterPruningFinal,FinalWeight,FinalWeightPct,WeightChangeFromPrevious,TurnoverContributionOneWay,TurnoverBeforePrune,TurnoverAfterPrune,PrunedOrReducedByCleanup,TradeableDisplayCandidate,InFinalPortfolio
2026-07-17,2020-01-01,EIS,Carryover due to turnover cap,"EIS was not in the latest eligible basket but remains as a carryover position, likely because the 20% turnover cap moves the portfolio gradually.",-0.1991153250664306,141.0,False,False,False,False,True,-0.002075033142714733,-0.06826528623722006,0.013647994060697055,-0.12007098060941346,-0.06830220035138934,0.2669114536307403,,,0.0,0.0,,,,0.0,0.0,0.0,0.7266949152542372,0.0,0.0,0.08190308377867482,0.0,0.0,0.14163454925346158,0.0,0.10580153919220629,0.1198266400813385,0.1198266400813385,11.98266400813385,-0.02180790917212308,0.01090395458606154,0.2,0.20697046012099324,False,True,True
2026-07-17,2020-01-01,XBI,Selected and allocated,"XBI passed the latest signal filters, survived the correlation filter, was sized by Classic CVaR, adjusted by the score tilt, then scaled by the cash sleeve and turnover/pruning rules.",21.343698430440462,4.0,True,True,True,True,True,0.10801684924914312,0.11376979644706275,0.24203026515249015,0.061964102074869354,0.16008007074040376,0.3026802931349823,Classic_CVaR_Sharpe,,0.11999999942532953,0.12000000000000002,0.8666666666666667,0.33333333333333337,1.1166666666666667,0.1340655752769977,0.12000000000000001,0.0,0.7266949152542372,0.0,0.0,0.08190308377867482,0.12000000000000001,0.11999999999999998,0.08462423666486131,0.11999999999999998,0.0935741721869079,0.10597840765983652,0.10597840765983652,10.597840765983651,0.021354170994975205,0.010677085497487603,0.2,0.20697046012099324,False,True,True
2026-07-17,2020-01-01,SGOV,Cash / risk control,SGOV is the SGOV/cash sleeve. It receives the cash allocation created by breadth and volatility risk controls.,,,False,,,,,,,,,,,,,0.0,0.0,,,,0.0,0.0,0.0,0.7266949152542372,0.0,0.0,0.08190308377867482,0.0,0.0,0.10869311069773008,0.0,0.0811941611141015,0.09195729660275434,0.09195729660275434,9.195729660275434,-0.016735814094975737,0.008367907047487869,0.2,0.20697046012099324,False,True,True
2026-07-17,2020-01-01,THD,Selected and allocated,"THD passed the latest signal filters, survived the correlation filter, was sized by Classic CVaR, adjusted by the score tilt, then scaled by the cash sleeve and turnover/pruning rules.",18.198979120841287,12.0,True,True,True,True,True,0.01988006481153559,0.03983926473894872,0.24070351452981065,-0.01196642963324468,0.15875332011772425,0.225414108259232,Classic_CVaR_Sharpe,,0.11999999882896258,0.12,0.8,0.2666666666666667,1.0933333333333333,0.13126420504732902,0.12000000000000001,0.0,0.7266949152542372,0.0,0.0,0.08190308377867482,0.12000000000000001,0.11999999999999998,0.059375713849085486,0.11999999999999998,0.07471343100250841,0.08461747791509422,0.08461747791509422,8.461747791509422,0.025241764066008733,0.012620882033004367,0.2,0.20697046012099324,False,True,True
2026-07-17,2020-01-01,LIT,Carryover due to turnover cap,"LIT was not in the latest eligible basket but remains as a carryover position, likely because the 20% turnover cap moves the portfolio gradually.",-13.61539366205837,170.0,False,False,False,False,False,-0.17396530218427342,-0.17555327634362528,-0.03162994668689867,-0.22735897071581868,-0.11358014109898507,0.3427266703349943,,,0.0,0.0,,,,0.0,0.0,0.0,0.7266949152542372,0.0,0.0,0.08190308377867482,0.0,0.0,0.08373113944357766,0.0,0.06254747502033838,0.070838797190303,0.070838797190303,7.083879719030301,-0.012892342253274652,0.006446171126637326,0.2,0.20697046012099324,False,True,True
2026-07-17,2020-01-01,AVDV,Carryover due to turnover cap,"AVDV was not in the latest eligible basket but remains as a carryover position, likely because the 20% turnover cap moves the portfolio gradually.",2.1973760128122746,132.0,False,False,False,False,True,-0.04161216080086516,-0.037220912140973894,0.056694908768056385,-0.0890266065131673,-0.025255285644030012,0.18420922957392755,,,0.0,0.0,,,,0.0,0.0,0.0,0.7266949152542372,0.0,0.0,0.08190308377867482,0.0,0.0,0.07783971013623772,0.0,0.05814655524444968,0.06585448945679977,0.06585448945679977,6.5854489456799765,-0.011985220679437955,0.0059926103397189776,0.2,0.20697046012099324,False,True,True
2026-07-17,2020-01-01,XOP,Selected and allocated,"XOP passed the latest signal filters, survived the correlation filter, was sized by Classic CVaR, adjusted by the score tilt, then scaled by the cash sleeve and turnover/pruning rules.",21.421436818107356,3.0,True,True,True,True,True,0.09258418970829929,0.06562701643877578,0.31143617348129893,0.013821322066582375,0.22948597906921253,0.3185675833843798,Classic_CVaR_Sharpe,,0.11999999984360439,0.12000000000000002,0.9333333333333333,0.4,1.14,0.13686694550666628,0.12000000000000001,0.0,0.7266949152542372,0.0,0.0,0.08190308377867482,0.12000000000000001,0.11999999999999998,0.03273725164263065,0.11999999999999998,0.05481439988325305,0.06208062204230167,0.06208062204230167,6.208062204230167,0.02934337039967102,0.01467168519983551,0.2,0.20697046012099324,False,True,True
2026-07-17,2020-01-01,MLPA,Selected and allocated,"MLPA passed the latest signal filters, survived the correlation filter, was sized by Classic CVaR, adjusted by the score tilt, then scaled by the cash sleeve and turnover/pruning rules.",18.319920633803996,10.0,True,True,True,True,True,0.06560691096702698,0.07214715269910066,0.13768073237205347,0.020341458326907258,0.055730537959967075,0.15543849883809469,Classic_CVaR_Sharpe,,0.11999999976103241,0.12000000000000002,0.5333333333333333,0.0,1.0,0.12005872412865465,0.12000000000000001,0.0,0.7266949152542372,0.0,0.0,0.08190308377867482,0.12000000000000001,0.11999999999999998,0.03273725164263065,0.11999999999999998,0.05481439988325305,0.06208062204230167,0.06208062204230167,6.208062204230167,0.02934337039967102,0.01467168519983551,0.2,0.20697046012099324,False,True,True
2026-07-17,2020-01-01,EWY,Carryover due to turnover cap,"EWY was not in the latest eligible basket but remains as a carryover position, likely because the 20% turnover cap moves the portfolio gradually.",11.012933535717876,82.0,False,False,True,True,True,-0.19065733252590011,0.0896080465594904,0.49464197358175443,0.037802352187296995,0.41269177916966804,0.7770853186813995,,,0.0,0.0,,,,0.0,0.0,0.0,0.7266949152542372,0.0,0.0,0.08190308377867482,0.0,0.0,0.0664946958734116,0.0,0.04967178706471333,0.05625630209393716,0.05625630209393716,5.625630209393716,-0.010238393779474442,0.005119196889737221,0.2,0.20697046012099324,False,True,True
2026-07-17,2020-01-01,OIH,Carryover due to turnover cap,"OIH was not in the latest eligible basket but remains as a carryover position, likely because the 20% turnover cap moves the portfolio gradually.",2.6486092651258786,128.0,False,False,False,False,True,-0.04794522758619446,-0.05642770154328225,0.15578378642620683,-0.10823339591547565,0.07383359201412043,0.2983637421213249,,,0.0,0.0,,,,0.0,0.0,0.0,0.7266949152542372,0.0,0.0,0.08190308377867482,0.0,0.0,0.06430760576278688,0.0,0.04803802255403556,0.054405965005333914,0.054405965005333914,5.440596500533392,-0.009901640757452965,0.004950820378726482,0.2,0.20697046012099324,False,True,True
2026-07-17,2020-01-01,EWT,Carryover due to turnover cap,"EWT was not in the latest eligible basket but remains as a carryover position, likely because the 20% turnover cap moves the portfolio gradually.",20.129838337799416,6.0,False,False,True,True,True,-0.07701456734561085,0.16576541656566923,0.44174465848850986,0.11395972219347583,0.35979446407642346,0.41559562463946675,,,0.0,0.0,,,,0.0,0.0,0.0,0.7266949152542372,0.0,0.0,0.08190308377867482,0.0,0.0,0.059568161856219555,0.0,0.04449764019060109,0.0503962679210326,0.0503962679210326,5.03962679210326,-0.009171893935186956,0.004585946967593478,0.2,0.20697046012099324,False,True,True
2026-07-17,2020-01-01,TUR,Carryover due to turnover cap,"TUR was not in the latest eligible basket but remains as a carryover position, likely because the 20% turnover cap moves the portfolio gradually.",-1.5432297250420428,146.0,False,False,False,False,True,-0.02553192586443931,-0.0913448422498232,0.038702544210373446,-0.1431505366220166,-0.04324765020171295,0.3208614878529618,,,0.0,0.0,,,,0.0,0.0,0.0,0.7266949152542372,0.0,0.0,0.08190308377867482,0.0,0.0,0.05194266880756216,0.0,0.038801368300021365,0.04394489559838663,0.04394489559838663,4.394489559838663,-0.00799777320917553,0.003998886604587765,0.2,0.20697046012099324,False,True,True
2026-07-17,2020-01-01,KIE,Selected and allocated,"KIE passed the latest signal filters, survived the correlation filter, was sized by Classic CVaR, adjusted by the score tilt, then scaled by the cash sleeve and turnover/pruning rules.",18.02499636127939,14.0,True,True,True,True,True,0.10004784567680391,0.09872841424495227,0.09367599660463632,0.04692271987275887,0.011725802192549928,0.1949244412092186,Classic_CVaR_Sharpe,,0.11999997510149903,0.11999997671613132,0.4,-0.1333333333333333,0.9533333333333334,0.11445596146116663,0.12000000000000004,0.0,0.7266949152542372,0.0,0.0,0.08190308377867482,0.12000000000000004,0.12000000000000001,0.0,0.12000000000000001,0.030359550194604408,0.034384026186909875,0.034384026186909875,3.4384026186909873,0.034384026186909875,0.017192013093454937,0.2,0.20697046012099324,False,True,True
2026-07-17,2020-01-01,SPYD,Selected and allocated,"SPYD passed the latest signal filters, survived the correlation filter, was sized by Classic CVaR, adjusted by the score tilt, then scaled by the cash sleeve and turnover/pruning rules.",17.76492854395397,16.0,True,True,True,True,True,0.04752382778313535,0.07326041292255381,0.11543126523304803,0.021454718550360408,0.033481070820961634,0.12094950454580863,Classic_CVaR_Sharpe,,0.11999992278403065,0.11999992439866225,0.3333333333333333,-0.2,0.93,0.11165454309599762,0.12000000000000004,0.0,0.7266949152542372,0.0,0.0,0.08190308377867482,0.12000000000000004,0.12000000000000001,0.0,0.12000000000000001,0.030359550194604408,0.034384026186909875,0.034384026186909875,3.4384026186909873,0.034384026186909875,0.017192013093454937,0.2,0.20697046012099324,False,True,True
2026-07-17,2020-01-01,DIV,Selected and allocated,"DIV passed the latest signal filters, survived the correlation filter, was sized by Classic CVaR, adjusted by the score tilt, then scaled by the cash sleeve and turnover/pruning rules.",17.01418012539437,23.0,True,True,True,True,True,0.05828788487037695,0.03403974880551952,0.1171199588816505,-0.01776594556667388,0.0351697644695641,0.12088270787339915,Classic_CVaR_Sharpe,,0.11999999966285871,0.12000000000000002,0.13333333333333333,-0.4,0.86,0.10325050275064299,0.11488962359869365,0.0,0.7266949152542372,0.0,0.0,0.08190308377867482,0.11488962359869365,0.11488962359869362,0.0,0.11488962359869362,0.02906664412069788,0.0329197318868475,0.0329197318868475,3.29197318868475,0.0329197318868475,0.01645986594342375,0.2,0.20697046012099324,False,True,True
2026-07-17,2020-01-01,GLDM,Carryover due to turnover cap,"GLDM was not in the latest eligible basket but remains as a carryover position, likely because the 20% turnover cap moves the portfolio gradually.",-11.757533871439765,166.0,False,False,False,False,False,-0.05305561899724709,-0.1739379599313794,-0.12943046773221378,-0.2257436543035728,-0.21138066214430018,0.24168673710658056,,,0.0,0.0,,,,0.0,0.0,0.0,0.7266949152542372,0.0,0.0,0.08190308377867482,0.0,0.0,0.0355478434168112,0.0,0.026554372279122725,0.030074432129912742,0.030074432129912742,3.0074432129912743,-0.005473411286898457,0.0027367056434492287,0.2,0.20697046012099324,False,True,True
2026-07-17,2020-01-01,CIBR,Selected but not final,"CIBR passed the latest signal/correlation process but did not survive final sizing, cash scaling, turnover, or pruning into the final portfolio.",29.85170461857053,1.0,True,True,True,True,True,0.10019727653045729,0.3939472880183972,0.2873493914557719,0.3421415936462038,0.20539919704368548,0.3245756163486447,Classic_CVaR_Sharpe,,0.01793728053229984,0.017937280773650827,1.0,0.4666666666666667,1.1633333333333333,0.020877248287879607,0.023230678143657004,0.0,0.7266949152542372,0.0,0.0,0.08190308377867482,0.023230678143657004,0.023230678143657,0.0,0.023230678143657,0.005877274492975452,0.0,0.0,0.0,0.0,0.0,0.2,0.20697046012099324,True,False,False
2026-07-17,2020-01-01,ARKG,Not selected,ARKG was not selected for final allocation in this rebalance.,24.89084129324584,2.0,False,True,True,True,True,0.1388412596077795,0.29603759638645744,0.24469735090346822,0.24423190201426404,0.16274715649138183,0.4528668395291035,,,0.0,0.0,,,,0.0,0.0,0.0,0.7266949152542372,0.0,0.0,0.08190308377867482,0.0,0.0,0.0,0.0,0.0,0.0,0.0,0.0,0.0,0.0,0.2,0.20697046012099324,False,False,False
2026-07-17,2020-01-01,WCLD,Selected but not final,"WCLD passed the latest signal/correlation process but did not survive final sizing, cash scaling, turnover, or pruning into the final portfolio.",20.69529195767115,5.0,True,True,True,True,True,0.1796082929352576,0.28787319231607844,0.06719599375247398,0.23606749794388504,-0.014754200659612415,0.4388611921045487,Classic_CVaR_Sharpe,,3.3854672755338364e-10,0.0,0.7333333333333333,0.19999999999999996,1.07,0.0,0.0,0.0,0.7266949152542372,0.0,0.0,0.08190308377867482,0.0,0.0,0.0,0.0,0.0,0.0,0.0,0.0,0.0,0.0,0.2,0.20697046012099324,False,False,False
2026-07-17,2020-01-01,XLE,Not selected,XLE was not selected for final allocation in this rebalance.,18.800205375067577,7.0,False,True,True,True,True,0.05999509304967976,0.053252081318217126,0.22513245806939675,0.0014463869460237255,0.14318226365731035,0.24747062897365749,,,0.0,0.0,,,,0.0,0.0,0.0,0.7266949152542372,0.0,0.0,0.08190308377867482,0.0,0.0,0.0,0.0,0.0,0.0,0.0,0.0,0.0,0.0,0.2,0.20697046012099324,False,False,False
2026-07-17,2020-01-01,EWS,Selected but not final,"EWS passed the latest signal/correlation process but did not survive final sizing, cash scaling, turnover, or pruning into the final portfolio.",18.76922684309891,8.0,True,True,True,True,True,0.06370396144512935,0.08950009388391811,0.1423243490876407,0.03769439951172471,0.06037415467555429,0.16289186907395486,Classic_CVaR_Sharpe,,1.505846823533846e-09,0.0,0.6666666666666666,0.1333333333333333,1.0466666666666666,0.0,0.0,0.0,0.7266949152542372,0.0,0.0,0.08190308377867482,0.0,0.0,0.0,0.0,0.0,0.0,0.0,0.0,0.0,0.0,0.2,0.20697046012099324,False,False,False
2026-07-17,2020-01-01,AVUV,Selected but not final,"AVUV passed the latest signal/correlation process but did not survive final sizing, cash scaling, turnover, or pruning into the final portfolio.",18.405935702376382,9.0,True,True,True,True,True,0.036098697254655976,0.06875585450947752,0.1563240311463432,0.01695016013728412,0.07437383673425679,0.13040116711438143,Classic_CVaR_Sharpe,,0.045989479799281044,0.04598948041808199,0.6,0.06666666666666665,1.0233333333333334,0.04708559919713177,0.052393418187435724,0.0,0.7266949152542372,0.0,0.0,0.08190308377867482,0.052393418187435724,0.05239341818743571,0.0,0.05239341818743571,0.013255338411069616,0.0,0.0,0.0,0.0,0.0,0.2,0.20697046012099324,True,False,False
2026-07-17,2020-01-01,SMH,Removed,SMH was previously held but was removed or reduced to zero by the latest rebalance.,18.27483484053262,11.0,False,False,True,True,True,-0.10067783585526302,0.20895816095037345,0.4155798774754782,0.15715246657818005,0.3336296830633918,0.5218637578485924,,,0.0,0.0,,,,0.0,0.0,0.0,0.7266949152542372,0.0,0.0,0.08190308377867482,0.0,0.0,0.03273725164263065,0.0,0.02445484968864865,0.0,0.0,0.0,-0.03273725164263065,0.016368625821315326,0.2,0.20697046012099324,True,False,False
2026-07-17,2020-01-01,IXC,Not selected,IXC was not selected for final allocation in this rebalance.,18.132557448487162,13.0,False,True,True,True,True,0.053151523301084413,0.026451694945324178,0.22777621169777507,-0.025353999426869223,0.14582601728568867,0.23665738261345595,,,0.0,0.0,,,,0.0,0.0,0.0,0.7266949152542372,0.0,0.0,0.08190308377867482,0.0,0.0,0.0,0.0,0.0,0.0,0.0,0.0,0.0,0.0,0.2,0.20697046012099324,False,False,False
2026-07-17,2020-01-01,KBE,Selected but not final,"KBE passed the latest signal/correlation process but did not survive final sizing, cash scaling, turnover, or pruning into the final portfolio.",17.86694977856183,15.0,True,True,True,True,True,0.0776658661053935,0.09101990814331384,0.1146591162480346,0.03921421377112044,0.0327089218359482,0.1941138770348711,Classic_CVaR_Sharpe,,1.4295425586219343e-09,0.0,0.4666666666666667,-0.06666666666666665,0.9766666666666667,0.0,0.0,0.0,0.7266949152542372,0.0,0.0,0.08190308377867482,0.0,0.0,0.0,0.0,0.0,0.0,0.0,0.0,0.0,0.0,0.2,0.20697046012099324,False,False,False
2026-07-17,2020-01-01,QTEC,Not selected,QTEC was not selected for final allocation in this rebalance.,17.72629399937911,17.0,False,False,True,True,True,-0.0653569327829342,0.21904252746367314,0.2789583363378081,0.16723683309147974,0.1970081419257217,0.3748353224314683,,,0.0,0.0,,,,0.0,0.0,0.0,0.7266949152542372,0.0,0.0,0.08190308377867482,0.0,0.0,0.0,0.0,0.0,0.0,0.0,0.0,0.0,0.0,0.2,0.20697046012099324,False,False,False
2026-07-17,2020-01-01,JQUA,Selected but not final,"JQUA passed the latest signal/correlation process but did not survive final sizing, cash scaling, turnover, or pruning into the final portfolio.",17.65571674475754,18.0,True,True,True,True,True,0.020472312180801033,0.09681729626657432,0.11955336427052021,0.045011601894380915,0.037603169858433816,0.13251130931190433,Classic_CVaR_Sharpe,,2.0347987307591226e-09,0.0,0.26666666666666666,-0.26666666666666666,0.9066666666666667,0.0,0.0,0.0,0.7266949152542372,0.0,0.0,0.08190308377867482,0.0,0.0,0.0,0.0,0.0,0.0,0.0,0.0,0.0,0.0,0.2,0.20697046012099324,False,False,False
2026-07-17,2020-01-01,RYLD,Selected but not final,"RYLD passed the latest signal/correlation process but did not survive final sizing, cash scaling, turnover, or pruning into the final portfolio.",17.56959947903408,19.0,True,True,True,True,True,0.028045805021782444,0.07841989358895396,0.09363022225402462,0.02661419921676056,0.011680027841938223,0.06910730765221519,Classic_CVaR_Sharpe,,2.5515862080762324e-09,0.0,0.2,-0.3333333333333333,0.8833333333333333,0.0,0.0,0.0,0.7266949152542372,0.0,0.0,0.08190308377867482,0.0,0.0,0.0,0.0,0.0,0.0,0.0,0.0,0.0,0.0,0.2,0.20697046012099324,False,False,False
2026-07-17,2020-01-01,VTV,Selected but not final,"VTV passed the latest signal/correlation process but did not survive final sizing, cash scaling, turnover, or pruning into the final portfolio.",17.218047155559862,20.0,True,True,True,True,True,0.015860215797712574,0.07480035307925892,0.112497800755607,0.02299465870706552,0.030547606343520606,0.10075606592488486,Classic_CVaR_Sharpe,,0.09607333640078074,0.0960733376934736,0.06666666666666667,-0.4666666666666667,0.8366666666666667,0.08042069524753377,0.08948628007021367,0.0,0.7266949152542372,0.0,0.0,0.08190308377867482,0.08948628007021367,0.08948628007021366,0.0,0.08948628007021366,0.022639693429333998,0.0,0.0,0.0,0.0,0.0,0.2,0.20697046012099324,True,False,False
2026-07-17,2020-01-01,IBB,Not selected,IBB was not selected for final allocation in this rebalance.,17.213447402462048,21.0,False,True,True,True,True,0.09259684808883284,0.07283282374285638,0.11201396120554197,0.021027129370662978,0.03006376679345557,0.22359005764715761,,,0.0,0.0,,,,0.0,0.0,0.0,0.7266949152542372,0.0,0.0,0.08190308377867482,0.0,0.0,0.0,0.0,0.0,0.0,0.0,0.0,0.0,0.0,0.2,0.20697046012099324,False,False,False
2026-07-17,2020-01-01,VOE,Not selected,VOE was not selected for final allocation in this rebalance.,17.059598802745725,22.0,False,True,True,True,True,0.039453490401874625,0.05726990379323693,0.10272178017901767,0.005464209421043531,0.020771585766931278,0.10054015392746,,,0.0,0.0,,,,0.0,0.0,0.0,0.7266949152542372,0.0,0.0,0.08190308377867482,0.0,0.0,0.0,0.0,0.0,0.0,0.0,0.0,0.0,0.0,0.2,0.20697046012099324,False,False,False
2026-07-17,2020-01-01,FNDA,Not selected,FNDA was not selected for final allocation in this rebalance.,16.546860310804863,24.0,False,True,True,True,True,0.034146731610895875,0.06392732622427344,0.11105908785566165,0.01212163185208004,0.029108893443575257,0.15208665962236276,,,0.0,0.0,,,,0.0,0.0,0.0,0.7266949152542372,0.0,0.0,0.08190308377867482,0.0,0.0,0.0,0.0,0.0,0.0,0.0,0.0,0.0,0.0,0.2,0.20697046012099324,False,False,False
2026-07-17,2020-01-01,AVUS,Not selected,AVUS was not selected for final allocation in this rebalance.,16.1772212533792,25.0,False,True,True,True,True,0.00799853720592636,0.059540496038263724,0.11078423943449422,0.007734801666070323,0.028834045022407828,0.12425015189724053,,,0.0,0.0,,,,0.0,0.0,0.0,0.7266949152542372,0.0,0.0,0.08190308377867482,0.0,0.0,0.0,0.0,0.0,0.0,0.0,0.0,0.0,0.0,0.2,0.20697046012099324,False,False,False
2026-07-17,2020-01-01,VNQ,Not selected,VNQ was not selected for final allocation in this rebalance.,16.16324014569607,26.0,False,True,True,True,True,0.051441423426765276,0.03980463527497058,0.11041488151859458,-0.012001059097222821,0.02846468710650818,0.16151696050277953,,,0.0,0.0,,,,0.0,0.0,0.0,0.7266949152542372,0.0,0.0,0.08190308377867482,0.0,0.0,0.0,0.0,0.0,0.0,0.0,0.0,0.0,0.0,0.2,0.20697046012099324,False,False,False
2026-07-17,2020-01-01,VBR,Not selected,VBR was not selected for final allocation in this rebalance.,16.01473426315368,27.0,False,True,True,True,True,0.033536952222190664,0.0544087758070011,0.09125115239905068,0.002603081434807697,0.009300957986964287,0.13091287764768827,,,0.0,0.0,,,,0.0,0.0,0.0,0.7266949152542372,0.0,0.0,0.08190308377867482,0.0,0.0,0.0,0.0,0.0,0.0,0.0,0.0,0.0,0.0,0.2,0.20697046012099324,False,False,False
2026-07-17,2020-01-01,RSP,Not selected,RSP was not selected for final allocation in this rebalance.,15.782312313350333,28.0,False,True,True,True,True,0.025584361232027453,0.055015147860627556,0.07864544135448415,0.0032094534884341552,-0.00330475305760225,0.10987116169657578,,,0.0,0.0,,,,0.0,0.0,0.0,0.7266949152542372,0.0,0.0,0.08190308377867482,0.0,0.0,0.0,0.0,0.0,0.0,0.0,0.0,0.0,0.0,0.2,0.20697046012099324,False,False,False
2026-07-17,2020-01-01,XLF,Not selected,XLF was not selected for final allocation in this rebalance.,15.637585822634913,29.0,False,True,True,True,True,0.0461124367475918,0.07843558724764543,0.04530118473096989,0.026629892875452033,-0.03664900968111651,0.13131689218942091,,,0.0,0.0,,,,0.0,0.0,0.0,0.7266949152542372,0.0,0.0,0.08190308377867482,0.0,0.0,0.0,0.0,0.0,0.0,0.0,0.0,0.0,0.0,0.2,0.20697046012099324,False,False,False
2026-07-17,2020-01-01,XYLD,Not selected,XYLD was not selected for final allocation in this rebalance.,15.634033874085418,30.0,False,True,True,True,True,0.016890722497759025,0.049987916251109876,0.06000728114303722,-0.0018177781210835242,-0.02194291326904918,0.060880941296023325,,,0.0,0.0,,,,0.0,0.0,0.0,0.7266949152542372,0.0,0.0,0.08190308377867482,0.0,0.0,0.0,0.0,0.0,0.0,0.0,0.0,0.0,0.0,0.2,0.20697046012099324,False,False,False
2026-07-17,2020-01-01,IXN,Not selected,IXN was not selected for final allocation in this rebalance.,15.551176741753942,31.0,False,False,True,True,True,-0.04998573545495144,0.15022152897926766,0.2500031495031778,0.09841583460707426,0.16805295509109142,0.36346037566943146,,,0.0,0.0,,,,0.0,0.0,0.0,0.7266949152542372,0.0,0.0,0.08190308377867482,0.0,0.0,0.0,0.0,0.0,0.0,0.0,0.0,0.0,0.0,0.2,0.20697046012099324,False,False,False
2026-07-17,2020-01-01,QQQJ,Not selected,QQQJ was not selected for final allocation in this rebalance.,15.53769797839522,32.0,False,True,True,True,True,-0.0007076698260133352,0.07295272284862331,0.1233975132465317,0.021147028476429908,0.0414473188344453,0.19828139475997844,,,0.0,0.0,,,,0.0,0.0,0.0,0.7266949152542372,0.0,0.0,0.08190308377867482,0.0,0.0,0.0,0.0,0.0,0.0,0.0,0.0,0.0,0.0,0.2,0.20697046012099324,False,False,False
2026-07-17,2020-01-01,XLV,Not selected,XLV was not selected for final allocation in this rebalance.,15.4786338448787,33.0,False,True,True,True,True,0.07345476644170268,0.08723363976575027,0.034947916232615395,0.03542794539355687,-0.047002278179471,0.18264631052245545,,,0.0,0.0,,,,0.0,0.0,0.0,0.7266949152542372,0.0,0.0,0.08190308377867482,0.0,0.0,0.0,0.0,0.0,0.0,0.0,0.0,0.0,0.0,0.2,0.20697046012099324,False,False,False
2026-07-17,2020-01-01,ESGU,Not selected,ESGU was not selected for final allocation in this rebalance.,15.457357866483626,34.0,False,True,True,True,True,0.010236356463750651,0.060043135244409074,0.0874700190291342,0.008237440872215673,0.005519824617047808,0.1308372230405436,,,0.0,0.0,,,,0.0,0.0,0.0,0.7266949152542372,0.0,0.0,0.08190308377867482,0.0,0.0,0.0,0.0,0.0,0.0,0.0,0.0,0.0,0.0,0.2,0.20697046012099324,False,False,False
2026-07-17,2020-01-01,VIG,Not selected,VIG was not selected for final allocation in this rebalance.,15.364333351367927,35.0,False,True,True,True,True,0.017664301972941443,0.049653669839885284,0.06460985286880616,-0.0021520245323081166,-0.017340341543280235,0.08754041176793495,,,0.0,0.0,,,,0.0,0.0,0.0,0.7266949152542372,0.0,0.0,0.08190308377867482,0.0,0.0,0.0,0.0,0.0,0.0,0.0,0.0,0.0,0.0,0.2,0.20697046012099324,False,False,False
2026-07-17,2020-01-01,XLK,Not selected,XLK was not selected for final allocation in this rebalance.,15.149871687440138,36.0,False,False,True,True,True,-0.04698124589965558,0.14720359956786866,0.21883016165616187,0.09539790519567526,0.13687996724407547,0.32985644881421605,,,0.0,0.0,,,,0.0,0.0,0.0,0.7266949152542372,0.0,0.0,0.08190308377867482,0.0,0.0,0.0,0.0,0.0,0.0,0.0,0.0,0.0,0.0,0.2,0.20697046012099324,False,False,False
2026-07-17,2020-01-01,VTI,Not selected,VTI was not selected for final allocation in this rebalance.,15.064617418138962,37.0,False,True,True,True,True,0.008799041607678859,0.05262991083469015,0.08210593415940082,0.0008242164624967518,0.00015573974731442064,0.13039406728407696,,,0.0,0.0,,,,0.0,0.0,0.0,0.7266949152542372,0.0,0.0,0.08190308377867482,0.0,0.0,0.0,0.0,0.0,0.0,0.0,0.0,0.0,0.0,0.2,0.20697046012099324,False,False,False
2026-07-17,2020-01-01,VYMI,Not selected,VYMI was not selected for final allocation in this rebalance.,15.047322003911948,38.0,False,True,True,True,True,0.015484188589172554,0.020051530012002772,0.11050761341944271,-0.03175416436019063,0.02855741900735631,0.13884466894164316,,,0.0,0.0,,,,0.0,0.0,0.0,0.7266949152542372,0.0,0.0,0.08190308377867482,0.0,0.0,0.0,0.0,0.0,0.0,0.0,0.0,0.0,0.0,0.2,0.20697046012099324,False,False,False
2026-07-17,2020-01-01,VO,Not selected,VO was not selected for final allocation in this rebalance.,15.024544742553907,39.0,False,True,True,True,True,0.01307656194325757,0.04963020032967158,0.0738979611882904,-0.0021754940425218194,-0.008052233223796001,0.11922695168220068,,,0.0,0.0,,,,0.0,0.0,0.0,0.7266949152542372,0.0,0.0,0.08190308377867482,0.0,0.0,0.0,0.0,0.0,0.0,0.0,0.0,0.0,0.0,0.2,0.20697046012099324,False,False,False
2026-07-17,2020-01-01,DIA,Not selected,DIA was not selected for final allocation in this rebalance.,15.01895014096601,40.0,False,True,True,True,True,0.013837892404242602,0.059716587464622606,0.06360157011252232,0.007910893092429205,-0.018348624299564076,0.1191518886046026,,,0.0,0.0,,,,0.0,0.0,0.0,0.7266949152542372,0.0,0.0,0.08190308377867482,0.0,0.0,0.0,0.0,0.0,0.0,0.0,0.0,0.0,0.0,0.2,0.20697046012099324,False,False,False
2026-07-17,2020-01-01,SPY,Not selected,SPY was not selected for final allocation in this rebalance.,15.0151360667266,41.0,False,True,True,True,True,0.008056194995100352,0.0518056943721934,0.0819501944120864,0.0,0.0,0.13058599299518733,,,0.0,0.0,,,,0.0,0.0,0.0,0.7266949152542372,0.0,0.0,0.08190308377867482,0.0,0.0,0.0,0.0,0.0,0.0,0.0,0.0,0.0,0.0,0.2,0.20697046012099324,False,False,False
2026-07-17,2020-01-01,SCHA,Not selected,SCHA was not selected for final allocation in this rebalance.,14.98752663865414,42.0,False,True,True,True,True,-0.0055695066068722765,0.06198019952364131,0.12145231497942555,0.01017450515144791,0.03950212056733915,0.20244428598889108,,,0.0,0.0,,,,0.0,0.0,0.0,0.7266949152542372,0.0,0.0,0.08190308377867482,0.0,0.0,0.0,0.0,0.0,0.0,0.0,0.0,0.0,0.0,0.2,0.20697046012099324,False,False,False
2026-07-17,2020-01-01,SPYX,Not selected,SPYX was not selected for final allocation in this rebalance.,14.986750959995273,43.0,False,True,True,True,True,0.009806356692753537,0.05266982011718868,0.07889432435511723,0.000864125744995281,-0.0030558700569691677,0.13104256552478255,,,0.0,0.0,,,,0.0,0.0,0.0,0.7266949152542372,0.0,0.0,0.08190308377867482,0.0,0.0,0.0,0.0,0.0,0.0,0.0,0.0,0.0,0.0,0.2,0.20697046012099324,False,False,False
2026-07-17,2020-01-01,BBCA,Not selected,BBCA was not selected for final allocation in this rebalance.,14.802661601695048,44.0,False,True,True,True,True,0.02237114746728741,0.026552878228510712,0.08500560724282002,-0.025252816143682688,0.003055412830733628,0.12913504353397587,,,0.0,0.0,,,,0.0,0.0,0.0,0.7266949152542372,0.0,0.0,0.08190308377867482,0.0,0.0,0.0,0.0,0.0,0.0,0.0,0.0,0.0,0.0,0.2,0.20697046012099324,False,False,False
2026-07-17,2020-01-01,PKW,Not selected,PKW was not selected for final allocation in this rebalance.,14.79959963014748,45.0,False,True,True,True,True,0.047565790070826175,0.03468008458061389,0.049703827641609744,-0.01712560979157951,-0.03224636677047665,0.11857435514368328,,,0.0,0.0,,,,0.0,0.0,0.0,0.7266949152542372,0.0,0.0,0.08190308377867482,0.0,0.0,0.0,0.0,0.0,0.0,0.0,0.0,0.0,0.0,0.2,0.20697046012099324,False,False,False
2026-07-17,2020-01-01,EFV,Not selected,EFV was not selected for final allocation in this rebalance.,14.65565389188994,46.0,False,True,True,True,True,0.02057829976783898,0.023313179523538174,0.09699498113251881,-0.028492514848655226,0.015044786720432413,0.15254195233749998,,,0.0,0.0,,,,0.0,0.0,0.0,0.7266949152542372,0.0,0.0,0.08190308377867482,0.0,0.0,0.0,0.0,0.0,0.0,0.0,0.0,0.0,0.0,0.2,0.20697046012099324,False,False,False
2026-07-17,2020-01-01,EWI,Not selected,EWI was not selected for final allocation in this rebalance.,14.647857655334082,47.0,False,True,True,True,True,0.000831104341545208,0.04560771544337383,0.12040310885316208,-0.00619797892881957,0.03845291444107568,0.20393592298958763,,,0.0,0.0,,,,0.0,0.0,0.0,0.7266949152542372,0.0,0.0,0.08190308377867482,0.0,0.0,0.0,0.0,0.0,0.0,0.0,0.0,0.0,0.0,0.2,0.20697046012099324,False,False,False
2026-07-17,2020-01-01,GSLC,Not selected,GSLC was not selected for final allocation in this rebalance.,14.608099271319904,48.0,False,True,True,True,True,0.01281550021529565,0.044391640623518525,0.0648031456427085,-0.007414053748674876,-0.017147048769377893,0.11902521597375589,,,0.0,0.0,,,,0.0,0.0,0.0,0.7266949152542372,0.0,0.0,0.08190308377867482,0.0,0.0,0.0,0.0,0.0,0.0,0.0,0.0,0.0,0.0,0.2,0.20697046012099324,False,False,False
2026-07-17,2020-01-01,TMFC,Not selected,TMFC was not selected for final allocation in this rebalance.,14.588083416099897,49.0,False,True,True,True,True,0.018606790352913016,0.047602871611897246,0.07438196466031077,-0.004202822760296154,-0.007568229751775624,0.15365788939588912,,,0.0,0.0,,,,0.0,0.0,0.0,0.7266949152542372,0.0,0.0,0.08190308377867482,0.0,0.0,0.0,0.0,0.0,0.0,0.0,0.0,0.0,0.0,0.2,0.20697046012099324,False,False,False
2026-07-17,2020-01-01,JMOM,Not selected,JMOM was not selected for final allocation in this rebalance.,14.521193548552544,50.0,False,False,True,True,True,-0.017051868000531822,0.08651287854315504,0.15812178430794877,0.034707184170961636,0.07617158989586237,0.19784586356571332,,,0.0,0.0,,,,0.0,0.0,0.0,0.7266949152542372,0.0,0.0,0.08190308377867482,0.0,0.0,0.0,0.0,0.0,0.0,0.0,0.0,0.0,0.0,0.2,0.20697046012099324,False,False,False
2026-07-17,2020-01-01,HEFA,Not selected,HEFA was not selected for final allocation in this rebalance.,14.068406064556498,51.0,False,True,True,True,True,0.0017106783483189503,0.03350745047399628,0.0777664106340541,-0.01829824389819712,-0.004183783778032302,0.14053776010351787,,,0.0,0.0,,,,0.0,0.0,0.0,0.7266949152542372,0.0,0.0,0.08190308377867482,0.0,0.0,0.0,0.0,0.0,0.0,0.0,0.0,0.0,0.0,0.2,0.20697046012099324,False,False,False
2026-07-17,2020-01-01,EWP,Not selected,EWP was not selected for final allocation in this rebalance.,14.029732233876123,52.0,False,True,True,True,True,0.005012778101809001,0.029129915836334286,0.10725804481934631,-0.022675778535859115,0.025307850407259913,0.1965261283095519,,,0.0,0.0,,,,0.0,0.0,0.0,0.7266949152542372,0.0,0.0,0.08190308377867482,0.0,0.0,0.0,0.0,0.0,0.0,0.0,0.0,0.0,0.0,0.2,0.20697046012099324,False,False,False
2026-07-17,2020-01-01,XLI,Not selected,XLI was not selected for final allocation in this rebalance.,13.80595205462351,53.0,False,True,True,True,True,0.003995272105199232,0.03923437062928059,0.09074815926865831,-0.01257132374291281,0.008797964856571916,0.19575958349084632,,,0.0,0.0,,,,0.0,0.0,0.0,0.7266949152542372,0.0,0.0,0.08190308377867482,0.0,0.0,0.0,0.0,0.0,0.0,0.0,0.0,0.0,0.0,0.2,0.20697046012099324,False,False,False
2026-07-17,2020-01-01,USMV,Not selected,USMV was not selected for final allocation in this rebalance.,13.685309344740837,54.0,False,True,True,True,True,0.021555377522017416,0.022379485350741968,0.02962627904569559,-0.029426209021451433,-0.052323915366390805,0.0872445231616106,,,0.0,0.0,,,,0.0,0.0,0.0,0.7266949152542372,0.0,0.0,0.08190308377867482,0.0,0.0,0.0,0.0,0.0,0.0,0.0,0.0,0.0,0.0,0.2,0.20697046012099324,False,False,False
2026-07-17,2020-01-01,DIVO,Not selected,DIVO was not selected for final allocation in this rebalance.,13.485639309186148,55.0,False,True,True,True,True,0.008368448954460206,0.014047117251668517,0.04463857109556768,-0.03775857712052488,-0.037311623316518716,0.09191736404582905,,,0.0,0.0,,,,0.0,0.0,0.0,0.7266949152542372,0.0,0.0,0.08190308377867482,0.0,0.0,0.0,0.0,0.0,0.0,0.0,0.0,0.0,0.0,0.2,0.20697046012099324,False,False,False
2026-07-17,2020-01-01,EWL,Not selected,EWL was not selected for final allocation in this rebalance.,13.48115519299508,56.0,False,True,True,True,True,0.026553865614590055,0.02881487657464299,0.061454050264539095,-0.02299081779755041,-0.0204961441475473,0.18010772393255678,,,0.0,0.0,,,,0.0,0.0,0.0,0.7266949152542372,0.0,0.0,0.08190308377867482,0.0,0.0,0.0,0.0,0.0,0.0,0.0,0.0,0.0,0.0,0.2,0.20697046012099324,False,False,False
2026-07-17,2020-01-01,FTCS,Not selected,FTCS was not selected for final allocation in this rebalance.,13.395109698900415,57.0,False,True,True,True,True,0.04145584854105966,0.025736169676678022,0.013396199935390651,-0.026069524695515378,-0.06855399447669575,0.11396459115252727,,,0.0,0.0,,,,0.0,0.0,0.0,0.7266949152542372,0.0,0.0,0.08190308377867482,0.0,0.0,0.0,0.0,0.0,0.0,0.0,0.0,0.0,0.0,0.2,0.20697046012099324,False,False,False
2026-07-17,2020-01-01,SHYG,Not selected,SHYG was not selected for final allocation in this rebalance.,13.30956564341305,58.0,False,True,True,True,True,0.003932343061501031,0.006132036807125152,0.01624631677151056,-0.04567365756506825,-0.06570387764057584,0.02821454692659614,,,0.0,0.0,,,,0.0,0.0,0.0,0.7266949152542372,0.0,0.0,0.08190308377867482,0.0,0.0,0.0,0.0,0.0,0.0,0.0,0.0,0.0,0.0,0.2,0.20697046012099324,False,False,False
2026-07-17,2020-01-01,XLP,Not selected,XLP was not selected for final allocation in this rebalance.,13.213932824102452,59.0,False,True,True,True,True,0.020957305954560024,0.03606242756472122,0.04303248398610737,-0.015743266807472178,-0.038917710425979024,0.165898482324747,,,0.0,0.0,,,,0.0,0.0,0.0,0.7266949152542372,0.0,0.0,0.08190308377867482,0.0,0.0,0.0,0.0,0.0,0.0,0.0,0.0,0.0,0.0,0.2,0.20697046012099324,False,False,False
2026-07-17,2020-01-01,USHY,Not selected,USHY was not selected for final allocation in this rebalance.,13.205874686440854,60.0,False,True,True,True,True,0.004506441602192934,0.005891917575564287,0.01511723430212042,-0.04591377679662911,-0.06683296010996598,0.03324410566457383,,,0.0,0.0,,,,0.0,0.0,0.0,0.7266949152542372,0.0,0.0,0.08190308377867482,0.0,0.0,0.0,0.0,0.0,0.0,0.0,0.0,0.0,0.0,0.2,0.20697046012099324,False,False,False
2026-07-17,2020-01-01,XT,Not selected,XT was not selected for final allocation in this rebalance.,13.121043633041992,61.0,False,False,True,True,True,-0.008288978767385213,0.07469005084936642,0.12004808217121998,0.022884356477173018,0.038097887759133586,0.20914432497362345,,,0.0,0.0,,,,0.0,0.0,0.0,0.7266949152542372,0.0,0.0,0.08190308377867482,0.0,0.0,0.0,0.0,0.0,0.0,0.0,0.0,0.0,0.0,0.2,0.20697046012099324,False,False,False
2026-07-17,2020-01-01,BKLN,Not selected,BKLN was not selected for final allocation in this rebalance.,13.104345093023326,62.0,False,True,True,True,True,0.00569743265317002,0.0059813517603957145,0.00395354311085705,-0.045824342611797686,-0.07799665130122935,0.020761869149392216,,,0.0,0.0,,,,0.0,0.0,0.0,0.7266949152542372,0.0,0.0,0.08190308377867482,0.0,0.0,0.0,0.0,0.0,0.0,0.0,0.0,0.0,0.0,0.2,0.20697046012099324,False,False,False
2026-07-17,2020-01-01,ANGL,Not selected,ANGL was not selected for final allocation in this rebalance.,13.077317852753392,63.0,False,True,True,True,True,0.004672364642300364,0.004700526364768587,0.015309840972301592,-0.047105168007424814,-0.0666403534397848,0.04001303254502083,,,0.0,0.0,,,,0.0,0.0,0.0,0.7266949152542372,0.0,0.0,0.08190308377867482,0.0,0.0,0.0,0.0,0.0,0.0,0.0,0.0,0.0,0.0,0.2,0.20697046012099324,False,False,False
2026-07-17,2020-01-01,SUSB,Not selected,SUSB was not selected for final allocation in this rebalance.,13.045545639587926,64.0,False,True,True,True,True,0.004138553568759473,0.0011361253433455065,0.008630689675760417,-0.050669569028847894,-0.07331950473632598,0.022252212238000148,,,0.0,0.0,,,,0.0,0.0,0.0,0.7266949152542372,0.0,0.0,0.08190308377867482,0.0,0.0,0.0,0.0,0.0,0.0,0.0,0.0,0.0,0.0,0.2,0.20697046012099324,False,False,False
2026-07-17,2020-01-01,HYD,Not selected,HYD was not selected for final allocation in this rebalance.,13.016443149895816,65.0,False,True,True,True,True,-0.0010388632137278142,0.007097882997784133,0.01268420193818609,-0.04470781137440927,-0.0692659924739003,0.03372427809082654,,,0.0,0.0,,,,0.0,0.0,0.0,0.7266949152542372,0.0,0.0,0.08190308377867482,0.0,0.0,0.0,0.0,0.0,0.0,0.0,0.0,0.0,0.0,0.2,0.20697046012099324,False,False,False
2026-07-17,2020-01-01,VIGI,Not selected,VIGI was not selected for final allocation in this rebalance.,12.96667929646059,66.0,False,True,True,True,True,0.017927474348352623,0.019110373737788233,0.029984685476864392,-0.03269532063440517,-0.051965508935222005,0.12216602228286545,,,0.0,0.0,,,,0.0,0.0,0.0,0.7266949152542372,0.0,0.0,0.08190308377867482,0.0,0.0,0.0,0.0,0.0,0.0,0.0,0.0,0.0,0.0,0.2,0.20697046012099324,False,False,False
2026-07-17,2020-01-01,MGC,Not selected,MGC was not selected for final allocation in this rebalance.,12.882506189539791,67.0,False,False,True,True,True,0.0056616000272851075,0.05381978990267977,0.08249867828151425,0.0020140955304863706,0.0005484838694278515,0.13970315162294888,,,0.0,0.0,,,,0.0,0.0,0.0,0.7266949152542372,0.0,0.0,0.08190308377867482,0.0,0.0,0.0,0.0,0.0,0.0,0.0,0.0,0.0,0.0,0.2,0.20697046012099324,False,False,False
2026-07-17,2020-01-01,GSIE,Not selected,GSIE was not selected for final allocation in this rebalance.,12.738140240501552,68.0,False,True,True,True,True,0.007120778238094871,0.00581510697004517,0.061507979870902396,-0.04599058740214823,-0.020442214541184,0.15509779163949816,,,0.0,0.0,,,,0.0,0.0,0.0,0.7266949152542372,0.0,0.0,0.08190308377867482,0.0,0.0,0.0,0.0,0.0,0.0,0.0,0.0,0.0,0.0,0.2,0.20697046012099324,False,False,False
2026-07-17,2020-01-01,JEPI,Not selected,JEPI was not selected for final allocation in this rebalance.,12.641895479699238,69.0,False,True,True,True,True,0.017509515414621646,0.0004907306544363887,0.008740929508008755,-0.05131496371775701,-0.07320926490407764,0.06928004452770116,,,0.0,0.0,,,,0.0,0.0,0.0,0.7266949152542372,0.0,0.0,0.08190308377867482,0.0,0.0,0.0,0.0,0.0,0.0,0.0,0.0,0.0,0.0,0.2,0.20697046012099324,False,False,False
2026-07-17,2020-01-01,QQQM,Not selected,QQQM was not selected for final allocation in this rebalance.,12.392206186115523,70.0,False,False,True,True,True,-0.03161249603804295,0.07873720805590678,0.12717976524131647,0.02693151368371338,0.04522957082923007,0.23784534157648304,,,0.0,0.0,,,,0.0,0.0,0.0,0.7266949152542372,0.0,0.0,0.08190308377867482,0.0,0.0,0.0,0.0,0.0,0.0,0.0,0.0,0.0,0.0,0.2,0.20697046012099324,False,False,False
2026-07-17,2020-01-01,FDN,Not selected,FDN was not selected for final allocation in this rebalance.,12.346063571313719,71.0,False,True,True,True,True,0.03088365783519853,0.03060919164001974,0.026274901471720735,-0.02119650273217366,-0.05567529294036566,0.196578462653362,,,0.0,0.0,,,,0.0,0.0,0.0,0.7266949152542372,0.0,0.0,0.08190308377867482,0.0,0.0,0.0,0.0,0.0,0.0,0.0,0.0,0.0,0.0,0.2,0.20697046012099324,False,False,False
2026-07-17,2020-01-01,ESGD,Not selected,ESGD was not selected for final allocation in this rebalance.,12.134613116471865,72.0,False,True,True,True,True,-0.001757239643462749,0.009141674851699033,0.05696155739025599,-0.04266401952049437,-0.024988637021830407,0.17631701620575546,,,0.0,0.0,,,,0.0,0.0,0.0,0.7266949152542372,0.0,0.0,0.08190308377867482,0.0,0.0,0.0,0.0,0.0,0.0,0.0,0.0,0.0,0.0,0.2,0.20697046012099324,False,False,False
2026-07-17,2020-01-01,DSI,Not selected,DSI was not selected for final allocation in this rebalance.,11.992347218469076,73.0,False,False,True,True,True,-0.003350036740969675,0.05101940498506896,0.07065906036362812,-0.0007862893871244392,-0.011291134048458273,0.15446179942159435,,,0.0,0.0,,,,0.0,0.0,0.0,0.7266949152542372,0.0,0.0,0.08190308377867482,0.0,0.0,0.0,0.0,0.0,0.0,0.0,0.0,0.0,0.0,0.2,0.20697046012099324,False,False,False
2026-07-17,2020-01-01,VGK,Not selected,VGK was not selected for final allocation in this rebalance.,11.926048565436325,74.0,False,True,True,True,True,0.0054413094918976945,0.007247448255551792,0.04918246723560915,-0.04455824611664161,-0.032767727176477246,0.18352736747142348,,,0.0,0.0,,,,0.0,0.0,0.0,0.7266949152542372,0.0,0.0,0.08190308377867482,0.0,0.0,0.0,0.0,0.0,0.0,0.0,0.0,0.0,0.0,0.2,0.20697046012099324,False,False,False
2026-07-17,2020-01-01,FNDF,Not selected,FNDF was not selected for final allocation in this rebalance.,11.793176914572946,75.0,False,False,True,True,True,-0.015817522375683235,0.019582017129284424,0.1242432013830419,-0.03222367724290898,0.042293006970955505,0.19250638071390505,,,0.0,0.0,,,,0.0,0.0,0.0,0.7266949152542372,0.0,0.0,0.08190308377867482,0.0,0.0,0.0,0.0,0.0,0.0,0.0,0.0,0.0,0.0,0.2,0.20697046012099324,False,False,False
2026-07-17,2020-01-01,JETS,Not selected,JETS was not selected for final allocation in this rebalance.,11.738965518848296,76.0,False,True,True,True,True,0.011900846623192685,0.09634672373592368,0.05370056503481435,0.04454102936373028,-0.028249629377272045,0.3717681411786822,,,0.0,0.0,,,,0.0,0.0,0.0,0.7266949152542372,0.0,0.0,0.08190308377867482,0.0,0.0,0.0,0.0,0.0,0.0,0.0,0.0,0.0,0.0,0.2,0.20697046012099324,False,False,False
2026-07-17,2020-01-01,SMIN,Not selected,SMIN was not selected for final allocation in this rebalance.,11.709728030750895,77.0,False,True,True,True,True,0.02033649481608557,0.020187203643895035,0.025889885553475933,-0.031618490728298365,-0.056060308858610464,0.20077448672093715,,,0.0,0.0,,,,0.0,0.0,0.0,0.7266949152542372,0.0,0.0,0.08190308377867482,0.0,0.0,0.0,0.0,0.0,0.0,0.0,0.0,0.0,0.0,0.2,0.20697046012099324,False,False,False
2026-07-17,2020-01-01,VT,Not selected,VT was not selected for final allocation in this rebalance.,11.502675486736203,78.0,False,False,True,True,True,-0.005884023725646781,0.030825289316088966,0.07538048757186999,-0.020980405056104434,-0.006569706840216405,0.1549548865463955,,,0.0,0.0,,,,0.0,0.0,0.0,0.7266949152542372,0.0,0.0,0.08190308377867482,0.0,0.0,0.0,0.0,0.0,0.0,0.0,0.0,0.0,0.0,0.2,0.20697046012099324,False,False,False
2026-07-17,2020-01-01,EFAV,Not selected,EFAV was not selected for final allocation in this rebalance.,11.229987916733728,79.0,False,True,True,False,True,0.037324467758080404,-0.007756391578197741,0.06176096456961999,-0.05956208595039114,-0.020189229842466405,0.11811610363010415,,,0.0,0.0,,,,0.0,0.0,0.0,0.7266949152542372,0.0,0.0,0.08190308377867482,0.0,0.0,0.0,0.0,0.0,0.0,0.0,0.0,0.0,0.0,0.2,0.20697046012099324,False,False,False
2026-07-17,2020-01-01,QYLD,Not selected,QYLD was not selected for final allocation in this rebalance.,11.11639607097621,80.0,False,False,True,True,True,-0.003871409241555268,0.02658008117005939,0.05858920708861559,-0.025225613202134012,-0.023360987323470805,0.1437800035829483,,,0.0,0.0,,,,0.0,0.0,0.0,0.7266949152542372,0.0,0.0,0.08190308377867482,0.0,0.0,0.0,0.0,0.0,0.0,0.0,0.0,0.0,0.0,0.2,0.20697046012099324,False,False,False
2026-07-17,2020-01-01,FEZ,Not selected,FEZ was not selected for final allocation in this rebalance.,11.05359540816458,81.0,False,True,True,True,True,-0.006787641639661834,0.017157538083110824,0.037127399599540034,-0.03464815628908258,-0.04482279481254636,0.21382574732794699,,,0.0,0.0,,,,0.0,0.0,0.0,0.7266949152542372,0.0,0.0,0.08190308377867482,0.0,0.0,0.0,0.0,0.0,0.0,0.0,0.0,0.0,0.0,0.2,0.20697046012099324,False,False,False
2026-07-17,2020-01-01,VUG,Not selected,VUG was not selected for final allocation in this rebalance.,10.879324325053982,83.0,False,False,True,True,True,0.00023196383077217497,0.040207201870124054,0.059221483956748866,-0.011598492502069346,-0.02272871045533753,0.19095733622198222,,,0.0,0.0,,,,0.0,0.0,0.0,0.7266949152542372,0.0,0.0,0.08190308377867482,0.0,0.0,0.0,0.0,0.0,0.0,0.0,0.0,0.0,0.0,0.2,0.20697046012099324,False,False,False
2026-07-17,2020-01-01,PAVE,Not selected,PAVE was not selected for final allocation in this rebalance.,10.435268275504521,84.0,False,False,True,True,True,-0.025458620769427398,0.026224318594551654,0.09908407876145153,-0.025581375777641746,0.017133884349365136,0.2276254131102908,,,0.0,0.0,,,,0.0,0.0,0.0,0.7266949152542372,0.0,0.0,0.08190308377867482,0.0,0.0,0.0,0.0,0.0,0.0,0.0,0.0,0.0,0.0,0.2,0.20697046012099324,False,False,False
2026-07-17,2020-01-01,EPOL,Not selected,EPOL was not selected for final allocation in this rebalance.,10.309971770697366,85.0,False,True,True,False,True,0.002237140283668282,-0.0005028858727075258,0.12363933562519502,-0.052308580244900926,0.04168914121310863,0.2487714384369398,,,0.0,0.0,,,,0.0,0.0,0.0,0.7266949152542372,0.0,0.0,0.08190308377867482,0.0,0.0,0.0,0.0,0.0,0.0,0.0,0.0,0.0,0.0,0.2,0.20697046012099324,False,False,False
2026-07-17,2020-01-01,VBK,Not selected,VBK was not selected for final allocation in this rebalance.,10.23288447158883,86.0,False,False,True,True,True,-0.012643338859927855,0.02924982697186773,0.06636948345175764,-0.02255586740032567,-0.015580710960328759,0.20525017741079812,,,0.0,0.0,,,,0.0,0.0,0.0,0.7266949152542372,0.0,0.0,0.08190308377867482,0.0,0.0,0.0,0.0,0.0,0.0,0.0,0.0,0.0,0.0,0.2,0.20697046012099324,False,False,False
2026-07-17,2020-01-01,EWN,Not selected,EWN was not selected for final allocation in this rebalance.,10.00150853881465,87.0,False,False,True,True,True,-0.04144008369836771,0.05460887552603522,0.09775208879333586,0.002803181153841816,0.01580189438124946,0.27646983948736187,,,0.0,0.0,,,,0.0,0.0,0.0,0.7266949152542372,0.0,0.0,0.08190308377867482,0.0,0.0,0.0,0.0,0.0,0.0,0.0,0.0,0.0,0.0,0.2,0.20697046012099324,False,False,False
2026-07-17,2020-01-01,ICVT,Not selected,ICVT was not selected for final allocation in this rebalance.,9.817665955056396,88.0,False,False,True,True,True,-0.07154156955421276,0.021055845885372904,0.11357004068570609,-0.030749848486820497,0.03161984627361969,0.20922509265173156,,,0.0,0.0,,,,0.0,0.0,0.0,0.7266949152542372,0.0,0.0,0.08190308377867482,0.0,0.0,0.0,0.0,0.0,0.0,0.0,0.0,0.0,0.0,0.2,0.20697046012099324,False,False,False
2026-07-17,2020-01-01,VMBS,Not selected,VMBS was not selected for final allocation in this rebalance.,9.797921440257495,89.0,False,True,True,False,True,0.0014919350500268713,-0.005424735908312717,0.005322833157736184,-0.05723043028050612,-0.07662736125435021,0.047918668670047807,,,0.0,0.0,,,,0.0,0.0,0.0,0.7266949152542372,0.0,0.0,0.08190308377867482,0.0,0.0,0.0,0.0,0.0,0.0,0.0,0.0,0.0,0.0,0.2,0.20697046012099324,False,False,False
2026-07-17,2020-01-01,VEA,Not selected,VEA was not selected for final allocation in this rebalance.,9.650418578087546,90.0,False,False,True,True,True,-0.025941411006021653,0.007212662175302809,0.08145878654115668,-0.04459303219689059,-0.0004914078709297165,0.21023652959268088,,,0.0,0.0,,,,0.0,0.0,0.0,0.7266949152542372,0.0,0.0,0.08190308377867482,0.0,0.0,0.0,0.0,0.0,0.0,0.0,0.0,0.0,0.0,0.2,0.20697046012099324,False,False,False
2026-07-17,2020-01-01,VOT,Not selected,VOT was not selected for final allocation in this rebalance.,9.522885585032002,91.0,False,False,True,True,True,-0.02058682364155695,0.03986256819915157,0.03174333283139541,-0.01194312617304183,-0.05020686158069099,0.19079491919878794,,,0.0,0.0,,,,0.0,0.0,0.0,0.7266949152542372,0.0,0.0,0.08190308377867482,0.0,0.0,0.0,0.0,0.0,0.0,0.0,0.0,0.0,0.0,0.2,0.20697046012099324,False,False,False
2026-07-17,2020-01-01,TDIV,Not selected,TDIV was not selected for final allocation in this rebalance.,9.506250115234899,92.0,False,False,True,True,True,-0.06169394668997341,0.03921084205646008,0.1014595393688753,-0.012594852315733318,0.01950934495678891,0.2545476551973467,,,0.0,0.0,,,,0.0,0.0,0.0,0.7266949152542372,0.0,0.0,0.08190308377867482,0.0,0.0,0.0,0.0,0.0,0.0,0.0,0.0,0.0,0.0,0.2,0.20697046012099324,False,False,False
2026-07-17,2020-01-01,EWU,Not selected,EWU was not selected for final allocation in this rebalance.,9.47398401477864,93.0,False,True,True,False,True,0.01959933714648021,-0.015737430156397836,0.053241750641114916,-0.06754312452859124,-0.02870844377097148,0.1710410886317842,,,0.0,0.0,,,,0.0,0.0,0.0,0.7266949152542372,0.0,0.0,0.08190308377867482,0.0,0.0,0.0,0.0,0.0,0.0,0.0,0.0,0.0,0.0,0.2,0.20697046012099324,False,False,False
2026-07-17,2020-01-01,EWA,Not selected,EWA was not selected for final allocation in this rebalance.,9.473377938141303,94.0,False,True,True,False,True,0.002966875844784056,-0.035455954558520686,0.09339125110842028,-0.08726164893071409,0.011441056696333884,0.18473548873715884,,,0.0,0.0,,,,0.0,0.0,0.0,0.7266949152542372,0.0,0.0,0.08190308377867482,0.0,0.0,0.0,0.0,0.0,0.0,0.0,0.0,0.0,0.0,0.2,0.20697046012099324,False,False,False
2026-07-17,2020-01-01,MOAT,Not selected,MOAT was not selected for final allocation in this rebalance.,9.462348054284373,95.0,False,True,True,True,False,0.05044422957954531,0.040175957846961596,-0.011702373254052989,-0.011629736525231804,-0.09365256766613939,0.13452706595778624,,,0.0,0.0,,,,0.0,0.0,0.0,0.7266949152542372,0.0,0.0,0.08190308377867482,0.0,0.0,0.0,0.0,0.0,0.0,0.0,0.0,0.0,0.0,0.2,0.20697046012099324,False,False,False
2026-07-17,2020-01-01,SDIV,Not selected,SDIV was not selected for final allocation in this rebalance.,9.458493708316748,96.0,False,True,True,False,True,0.03124304834478342,-0.028500749097623457,0.029403277345861678,-0.08030644346981686,-0.05254691706622472,0.12371967958985969,,,0.0,0.0,,,,0.0,0.0,0.0,0.7266949152542372,0.0,0.0,0.08190308377867482,0.0,0.0,0.0,0.0,0.0,0.0,0.0,0.0,0.0,0.0,0.2,0.20697046012099324,False,False,False
2026-07-17,2020-01-01,XLU,Not selected,XLU was not selected for final allocation in this rebalance.,9.397117646331452,97.0,False,True,True,False,True,0.022683242822796545,-0.014980552303437533,0.04990560866102611,-0.06678624667563093,-0.032044585751060284,0.1760884060175241,,,0.0,0.0,,,,0.0,0.0,0.0,0.7266949152542372,0.0,0.0,0.08190308377867482,0.0,0.0,0.0,0.0,0.0,0.0,0.0,0.0,0.0,0.0,0.2,0.20697046012099324,False,False,False
2026-07-17,2020-01-01,VSGX,Not selected,VSGX was not selected for final allocation in this rebalance.,9.38875079502471,98.0,False,False,True,True,True,-0.030246123585424334,0.014710257132063642,0.0784568568376165,-0.03709543724012976,-0.0034933375744699013,0.22740633196274648,,,0.0,0.0,,,,0.0,0.0,0.0,0.7266949152542372,0.0,0.0,0.08190308377867482,0.0,0.0,0.0,0.0,0.0,0.0,0.0,0.0,0.0,0.0,0.2,0.20697046012099324,False,False,False
2026-07-17,2020-01-01,EMXC,Not selected,EMXC was not selected for final allocation in this rebalance.,9.288889813998368,99.0,False,False,True,True,True,-0.09433960566617483,0.03397810187113537,0.20008392920619156,-0.01782759250105803,0.11813373479410516,0.39173481643257574,,,0.0,0.0,,,,0.0,0.0,0.0,0.7266949152542372,0.0,0.0,0.08190308377867482,0.0,0.0,0.0,0.0,0.0,0.0,0.0,0.0,0.0,0.0,0.2,0.20697046012099324,False,False,False
2026-07-17,2020-01-01,VXUS,Not selected,VXUS was not selected for final allocation in this rebalance.,9.101804065348654,100.0,False,False,True,True,True,-0.027155944009473854,0.0007225412368268014,0.06739841162879556,-0.0510831531353666,-0.014551782783290834,0.20532379020250272,,,0.0,0.0,,,,0.0,0.0,0.0,0.7266949152542372,0.0,0.0,0.08190308377867482,0.0,0.0,0.0,0.0,0.0,0.0,0.0,0.0,0.0,0.0,0.2,0.20697046012099324,False,False,False
2026-07-17,2020-01-01,EEMV,Not selected,EEMV was not selected for final allocation in this rebalance.,8.54832787894696,101.0,False,False,True,True,True,-0.05545940080095402,0.011340498306654512,0.07938356576274641,-0.04046519606553889,-0.002566628649339986,0.2353199853364155,,,0.0,0.0,,,,0.0,0.0,0.0,0.7266949152542372,0.0,0.0,0.08190308377867482,0.0,0.0,0.0,0.0,0.0,0.0,0.0,0.0,0.0,0.0,0.2,0.20697046012099324,False,False,False
2026-07-17,2020-01-01,SCHP,Not selected,SCHP was not selected for final allocation in this rebalance.,8.241058314100066,102.0,False,False,True,False,True,0.0032531503510329074,-0.002476852670151186,0.009059122742071324,-0.05428254704234459,-0.07289107167001507,0.034723080196866686,,,0.0,0.0,,,,0.0,0.0,0.0,0.7266949152542372,0.0,0.0,0.08190308377867482,0.0,0.0,0.0,0.0,0.0,0.0,0.0,0.0,0.0,0.0,0.2,0.20697046012099324,False,False,False
2026-07-17,2020-01-01,XRT,Not selected,XRT was not selected for final allocation in this rebalance.,8.23753755501275,103.0,False,True,True,True,False,0.06082918154164685,0.03154823898196413,-0.01039248910380497,-0.020257455390229273,-0.09234268351589137,0.21738571635967396,,,0.0,0.0,,,,0.0,0.0,0.0,0.7266949152542372,0.0,0.0,0.08190308377867482,0.0,0.0,0.0,0.0,0.0,0.0,0.0,0.0,0.0,0.0,0.2,0.20697046012099324,False,False,False
2026-07-17,2020-01-01,VPL,Not selected,VPL was not selected for final allocation in this rebalance.,8.22482822673214,104.0,False,False,True,True,True,-0.07494030500385618,0.009406673009219046,0.13001765316619607,-0.042399021362974354,0.04806745875410967,0.3161452497776951,,,0.0,0.0,,,,0.0,0.0,0.0,0.7266949152542372,0.0,0.0,0.08190308377867482,0.0,0.0,0.0,0.0,0.0,0.0,0.0,0.0,0.0,0.0,0.2,0.20697046012099324,False,False,False
2026-07-17,2020-01-01,KCE,Not selected,KCE was not selected for final allocation in this rebalance.,8.162392502202872,105.0,False,True,True,True,False,0.024652727660468887,0.043623932583875646,-0.003576246911164538,-0.008181761788317754,-0.08552644132325093,0.19653290417911035,,,0.0,0.0,,,,0.0,0.0,0.0,0.7266949152542372,0.0,0.0,0.08190308377867482,0.0,0.0,0.0,0.0,0.0,0.0,0.0,0.0,0.0,0.0,0.2,0.20697046012099324,False,False,False
2026-07-17,2020-01-01,VWOB,Not selected,VWOB was not selected for final allocation in this rebalance.,7.852842568674615,106.0,False,False,True,False,True,-0.005037874851395174,-0.001326008800625611,0.013665424729053743,-0.05313170317281901,-0.06828476968303265,0.05660147515737144,,,0.0,0.0,,,,0.0,0.0,0.0,0.7266949152542372,0.0,0.0,0.08190308377867482,0.0,0.0,0.0,0.0,0.0,0.0,0.0,0.0,0.0,0.0,0.2,0.20697046012099324,False,False,False
2026-07-17,2020-01-01,EWQ,Not selected,EWQ was not selected for final allocation in this rebalance.,7.383045102209328,107.0,False,True,True,False,True,-0.005592001500643873,-0.012553909953744724,0.017025863644947403,-0.06435960432593812,-0.064924330767139,0.20036458321605694,,,0.0,0.0,,,,0.0,0.0,0.0,0.7266949152542372,0.0,0.0,0.08190308377867482,0.0,0.0,0.0,0.0,0.0,0.0,0.0,0.0,0.0,0.0,0.2,0.20697046012099324,False,False,False
2026-07-17,2020-01-01,AVDE,Not selected,AVDE was not selected for final allocation in this rebalance.,7.215108861990512,108.0,False,False,True,False,True,-0.00960263627421265,-0.0075308604358785836,0.060786264991822714,-0.059336554808071984,-0.021163929420263683,0.16804410854740912,,,0.0,0.0,,,,0.0,0.0,0.0,0.7266949152542372,0.0,0.0,0.08190308377867482,0.0,0.0,0.0,0.0,0.0,0.0,0.0,0.0,0.0,0.0,0.2,0.20697046012099324,False,False,False
2026-07-17,2020-01-01,XSOE,Not selected,XSOE was not selected for final allocation in this rebalance.,7.096705721835483,109.0,False,False,True,True,True,-0.07629722899734948,0.008271479611343224,0.10464828809200788,-0.043534214760850176,0.022698093679921483,0.3361502675040582,,,0.0,0.0,,,,0.0,0.0,0.0,0.7266949152542372,0.0,0.0,0.08190308377867482,0.0,0.0,0.0,0.0,0.0,0.0,0.0,0.0,0.0,0.0,0.2,0.20697046012099324,False,False,False
2026-07-17,2020-01-01,AVEM,Not selected,AVEM was not selected for final allocation in this rebalance.,7.072317710497404,110.0,False,False,True,True,True,-0.07335751531661139,0.0018130903157937972,0.10421707010740788,-0.0499926040563996,0.022266875695321486,0.33037560991344095,,,0.0,0.0,,,,0.0,0.0,0.0,0.7266949152542372,0.0,0.0,0.08190308377867482,0.0,0.0,0.0,0.0,0.0,0.0,0.0,0.0,0.0,0.0,0.2,0.20697046012099324,False,False,False
2026-07-17,2020-01-01,ESGE,Not selected,ESGE was not selected for final allocation in this rebalance.,7.028899276393358,111.0,False,False,True,True,True,-0.07115529369519058,0.008289563763602903,0.09563018460629724,-0.0435161306085905,0.013679990194210845,0.3319753253611904,,,0.0,0.0,,,,0.0,0.0,0.0,0.7266949152542372,0.0,0.0,0.08190308377867482,0.0,0.0,0.0,0.0,0.0,0.0,0.0,0.0,0.0,0.0,0.2,0.20697046012099324,False,False,False
2026-07-17,2020-01-01,FNDE,Not selected,FNDE was not selected for final allocation in this rebalance.,6.746002274990411,112.0,False,False,True,False,True,-0.009911921996647144,-0.012826083114650055,0.058298219610286806,-0.06463177748684346,-0.02365197480179959,0.1835269088159205,,,0.0,0.0,,,,0.0,0.0,0.0,0.7266949152542372,0.0,0.0,0.08190308377867482,0.0,0.0,0.0,0.0,0.0,0.0,0.0,0.0,0.0,0.0,0.2,0.20697046012099324,False,False,False
2026-07-17,2020-01-01,SCZ,Not selected,SCZ was not selected for final allocation in this rebalance.,6.165497964893335,113.0,False,False,True,False,True,-0.01511710546170053,-0.019080098401649925,0.038585228788647896,-0.07088579277384333,-0.0433649656234385,0.16378271675495334,,,0.0,0.0,,,,0.0,0.0,0.0,0.7266949152542372,0.0,0.0,0.08190308377867482,0.0,0.0,0.0,0.0,0.0,0.0,0.0,0.0,0.0,0.0,0.2,0.20697046012099324,False,False,False
2026-07-17,2020-01-01,FNDC,Not selected,FNDC was not selected for final allocation in this rebalance.,6.129686023409722,114.0,False,False,True,False,True,-0.020336006539049545,-0.028547113318430073,0.05344096007213506,-0.08035280769062347,-0.02850923433995134,0.16884874790327772,,,0.0,0.0,,,,0.0,0.0,0.0,0.7266949152542372,0.0,0.0,0.08190308377867482,0.0,0.0,0.0,0.0,0.0,0.0,0.0,0.0,0.0,0.0,0.2,0.20697046012099324,False,False,False
2026-07-17,2020-01-01,IGV,Not selected,IGV was not selected for final allocation in this rebalance.,6.103101558121944,115.0,False,True,True,True,False,0.04676982949382125,0.097173186710527,-0.06446678442008369,0.04536749233833359,-0.14641697883217009,0.34418970366555524,,,0.0,0.0,,,,0.0,0.0,0.0,0.7266949152542372,0.0,0.0,0.08190308377867482,0.0,0.0,0.0,0.0,0.0,0.0,0.0,0.0,0.0,0.0,0.2,0.20697046012099324,False,False,False
2026-07-17,2020-01-01,EWM,Not selected,EWM was not selected for final allocation in this rebalance.,5.968826706067312,116.0,False,True,False,False,True,0.019920290652015726,-0.014263713792062704,0.016409800415651876,-0.0660694081642561,-0.06554039399643452,0.13686299025096357,,,0.0,0.0,,,,0.0,0.0,0.0,0.7266949152542372,0.0,0.0,0.08190308377867482,0.0,0.0,0.0,0.0,0.0,0.0,0.0,0.0,0.0,0.0,0.2,0.20697046012099324,False,False,False
2026-07-17,2020-01-01,KOMP,Not selected,KOMP was not selected for final allocation in this rebalance.,5.3762497852352045,117.0,False,False,True,True,True,-0.05538185323378075,0.005089703518077027,0.006054151381629014,-0.046715990854116374,-0.07589604303045738,0.28884534761564995,,,0.0,0.0,,,,0.0,0.0,0.0,0.7266949152542372,0.0,0.0,0.08190308377867482,0.0,0.0,0.0,0.0,0.0,0.0,0.0,0.0,0.0,0.0,0.2,0.20697046012099324,False,False,False
2026-07-17,2020-01-01,BBJP,Not selected,BBJP was not selected for final allocation in this rebalance.,5.183341650336177,118.0,False,False,True,False,True,-0.04744814132972719,-0.0056547338735348784,0.04773864860586885,-0.05746042824572828,-0.03421154580621755,0.21415450558891158,,,0.0,0.0,,,,0.0,0.0,0.0,0.7266949152542372,0.0,0.0,0.08190308377867482,0.0,0.0,0.0,0.0,0.0,0.0,0.0,0.0,0.0,0.0,0.2,0.20697046012099324,False,False,False
2026-07-17,2020-01-01,VWO,Not selected,VWO was not selected for final allocation in this rebalance.,4.62045293761045,119.0,False,False,True,False,True,-0.032374191909552597,-0.02207332226500658,0.027222222636488214,-0.07387901663719998,-0.05472797177559818,0.2073900303316692,,,0.0,0.0,,,,0.0,0.0,0.0,0.7266949152542372,0.0,0.0,0.08190308377867482,0.0,0.0,0.0,0.0,0.0,0.0,0.0,0.0,0.0,0.0,0.2,0.20697046012099324,False,False,False
2026-07-17,2020-01-01,REM,Not selected,REM was not selected for final allocation in this rebalance.,4.60618584267894,120.0,False,True,True,False,False,0.04313174306538414,-0.00795884274473746,-0.026695559684294712,-0.05976453711693086,-0.10864575409638111,0.16008387677881056,,,0.0,0.0,,,,0.0,0.0,0.0,0.7266949152542372,0.0,0.0,0.08190308377867482,0.0,0.0,0.0,0.0,0.0,0.0,0.0,0.0,0.0,0.0,0.2,0.20697046012099324,False,False,False
2026-07-17,2020-01-01,EFG,Not selected,EFG was not selected for final allocation in this rebalance.,4.525511763385725,121.0,False,False,True,False,True,-0.027784531307957883,-0.01127266222753387,0.017242724985804925,-0.06307835659972727,-0.06470746942628147,0.22122502407606845,,,0.0,0.0,,,,0.0,0.0,0.0,0.7266949152542372,0.0,0.0,0.08190308377867482,0.0,0.0,0.0,0.0,0.0,0.0,0.0,0.0,0.0,0.0,0.2,0.20697046012099324,False,False,False
2026-07-17,2020-01-01,PHO,Not selected,PHO was not selected for final allocation in this rebalance.,3.4246331995439774,122.0,False,True,True,False,False,0.0373892317922655,-0.0033599952490247498,-0.066884873264204,-0.05516568962121815,-0.1488350676762904,0.15833860829589194,,,0.0,0.0,,,,0.0,0.0,0.0,0.7266949152542372,0.0,0.0,0.08190308377867482,0.0,0.0,0.0,0.0,0.0,0.0,0.0,0.0,0.0,0.0,0.2,0.20697046012099324,False,False,False
2026-07-17,2020-01-01,XHB,Not selected,XHB was not selected for final allocation in this rebalance.,3.412164450627947,123.0,False,True,True,True,False,0.011426649810748257,0.012181119105098448,-0.05686357497448091,-0.03962457526709495,-0.1388137693865673,0.32258319837538096,,,0.0,0.0,,,,0.0,0.0,0.0,0.7266949152542372,0.0,0.0,0.08190308377867482,0.0,0.0,0.0,0.0,0.0,0.0,0.0,0.0,0.0,0.0,0.2,0.20697046012099324,False,False,False
2026-07-17,2020-01-01,VGIT,Not selected,VGIT was not selected for final allocation in this rebalance.,3.2288582696946135,124.0,False,True,False,False,False,0.003361903096713803,-0.008398348714902415,-0.0018964135972181495,-0.060204043087095815,-0.08384660800930455,0.03654101070764218,,,0.0,0.0,,,,0.0,0.0,0.0,0.7266949152542372,0.0,0.0,0.08190308377867482,0.0,0.0,0.0,0.0,0.0,0.0,0.0,0.0,0.0,0.0,0.2,0.20697046012099324,False,False,False
2026-07-17,2020-01-01,BND,Not selected,BND was not selected for final allocation in this rebalance.,3.1858097749264314,125.0,False,True,False,False,False,-0.0004375837673061822,-0.006252334649581859,-3.203897614856288e-05,-0.05805802902177526,-0.08198223338823496,0.040320300193960386,,,0.0,0.0,,,,0.0,0.0,0.0,0.7266949152542372,0.0,0.0,0.08190308377867482,0.0,0.0,0.0,0.0,0.0,0.0,0.0,0.0,0.0,0.0,0.2,0.20697046012099324,False,False,False
2026-07-17,2020-01-01,EAGG,Not selected,EAGG was not selected for final allocation in this rebalance.,3.150460800803325,126.0,False,True,False,False,False,-0.0005616233955657579,-0.00687234683806448,-0.0008868477121634077,-0.05867804121025788,-0.0828370421242498,0.039669015069063125,,,0.0,0.0,,,,0.0,0.0,0.0,0.7266949152542372,0.0,0.0,0.08190308377867482,0.0,0.0,0.0,0.0,0.0,0.0,0.0,0.0,0.0,0.0,0.2,0.20697046012099324,False,False,False
2026-07-17,2020-01-01,GOVT,Not selected,GOVT was not selected for final allocation in this rebalance.,3.146482479079652,127.0,False,True,False,False,False,-0.0003199106812077357,-0.006840832936402141,-0.002055282125539848,-0.05864652730859554,-0.08400547653762624,0.03816962795977599,,,0.0,0.0,,,,0.0,0.0,0.0,0.7266949152542372,0.0,0.0,0.08190308377867482,0.0,0.0,0.0,0.0,0.0,0.0,0.0,0.0,0.0,0.0,0.2,0.20697046012099324,False,False,False
2026-07-17,2020-01-01,XLB,Not selected,XLB was not selected for final allocation in this rebalance.,2.455987290367224,129.0,False,False,False,False,True,-0.02501087153976711,-0.022379861379522747,0.04053283909447414,-0.07418555575171615,-0.04141735531761226,0.1907077099430542,,,0.0,0.0,,,,0.0,0.0,0.0,0.7266949152542372,0.0,0.0,0.08190308377867482,0.0,0.0,0.0,0.0,0.0,0.0,0.0,0.0,0.0,0.0,0.2,0.20697046012099324,False,False,False
2026-07-17,2020-01-01,GNR,Not selected,GNR was not selected for final allocation in this rebalance.,2.390881506021507,130.0,False,False,False,False,True,-0.01641669405589652,-0.056570628750685525,0.05054116194795033,-0.10837632312287893,-0.031409032464136066,0.16775452290079015,,,0.0,0.0,,,,0.0,0.0,0.0,0.7266949152542372,0.0,0.0,0.08190308377867482,0.0,0.0,0.0,0.0,0.0,0.0,0.0,0.0,0.0,0.0,0.2,0.20697046012099324,False,False,False
2026-07-17,2020-01-01,EBND,Not selected,EBND was not selected for final allocation in this rebalance.,2.2216464211306755,131.0,False,True,False,False,False,-0.004283691772414722,-0.015543420120880391,-0.0007954854233197528,-0.06734911449307379,-0.08274567983540615,0.07786473601851764,,,0.0,0.0,,,,0.0,0.0,0.0,0.7266949152542372,0.0,0.0,0.08190308377867482,0.0,0.0,0.0,0.0,0.0,0.0,0.0,0.0,0.0,0.0,0.2,0.20697046012099324,False,False,False
2026-07-17,2020-01-01,DVYE,Not selected,DVYE was not selected for final allocation in this rebalance.,2.0662760052031803,133.0,False,False,False,False,True,-0.0022609874097728744,-0.05916182917210577,0.030750272430163816,-0.11096752354429917,-0.05119992198192258,0.16995912884720368,,,0.0,0.0,,,,0.0,0.0,0.0,0.7266949152542372,0.0,0.0,0.08190308377867482,0.0,0.0,0.0,0.0,0.0,0.0,0.0,0.0,0.0,0.0,0.2,0.20697046012099324,False,False,False
2026-07-17,2020-01-01,EWW,Removed,EWW was previously held but was removed or reduced to zero by the latest rebalance.,1.4556017778888553,134.0,False,False,False,False,True,-0.030526460805575195,-0.042877593095594135,0.038265393207435494,-0.09468328746778754,-0.0436848012046509,0.20521421634545212,,,0.0,0.0,,,,0.0,0.0,0.0,0.7266949152542372,0.0,0.0,0.08190308377867482,0.0,0.0,0.03529155766773218,0.0,0.02636292586390476,0.0,0.0,0.0,-0.03529155766773218,0.01764577883386609,0.2,0.20697046012099324,True,False,False
2026-07-17,2020-01-01,ARKW,Not selected,ARKW was not selected for final allocation in this rebalance.,1.4243492979539434,135.0,False,False,True,True,False,-0.011318586807848585,0.023506608138261775,-0.04634961840252849,-0.028299086233931625,-0.1282998128146149,0.32402463226162265,,,0.0,0.0,,,,0.0,0.0,0.0,0.7266949152542372,0.0,0.0,0.08190308377867482,0.0,0.0,0.0,0.0,0.0,0.0,0.0,0.0,0.0,0.0,0.2,0.20697046012099324,False,False,False
2026-07-17,2020-01-01,BNDX,Not selected,BNDX was not selected for final allocation in this rebalance.,1.1326574217121368,136.0,False,False,False,False,False,-0.005690474138378088,-0.0014035551803128765,-9.29609240187812e-05,-0.05320924955250628,-0.08204315533610518,0.0434655253288701,,,0.0,0.0,,,,0.0,0.0,0.0,0.7266949152542372,0.0,0.0,0.08190308377867482,0.0,0.0,0.0,0.0,0.0,0.0,0.0,0.0,0.0,0.0,0.2,0.20697046012099324,False,False,False
2026-07-17,2020-01-01,SUSC,Not selected,SUSC was not selected for final allocation in this rebalance.,0.9372421992703552,137.0,False,False,False,False,False,-0.003838709498134474,-0.006893384671224911,-0.002454569000478024,-0.05869907904341831,-0.08440476341256442,0.044897293556116366,,,0.0,0.0,,,,0.0,0.0,0.0,0.7266949152542372,0.0,0.0,0.08190308377867482,0.0,0.0,0.0,0.0,0.0,0.0,0.0,0.0,0.0,0.0,0.2,0.20697046012099324,False,False,False
2026-07-17,2020-01-01,EWD,Not selected,EWD was not selected for final allocation in this rebalance.,0.5124453405257059,138.0,False,False,False,False,True,0.003404729980098553,-0.056730286226971405,0.004614594854300158,-0.1085359805991648,-0.07733559955778624,0.23367035717154092,,,0.0,0.0,,,,0.0,0.0,0.0,0.7266949152542372,0.0,0.0,0.08190308377867482,0.0,0.0,0.0,0.0,0.0,0.0,0.0,0.0,0.0,0.0,0.2,0.20697046012099324,False,False,False
2026-07-17,2020-01-01,LQD,Not selected,LQD was not selected for final allocation in this rebalance.,0.41837881347094275,139.0,False,False,False,False,False,-0.007602713354266433,-0.011478029919792188,-0.007974615426182274,-0.06328372429198559,-0.08992480983826867,0.05337051520514299,,,0.0,0.0,,,,0.0,0.0,0.0,0.7266949152542372,0.0,0.0,0.08190308377867482,0.0,0.0,0.0,0.0,0.0,0.0,0.0,0.0,0.0,0.0,0.2,0.20697046012099324,False,False,False
2026-07-17,2020-01-01,PFFD,Not selected,PFFD was not selected for final allocation in this rebalance.,-0.026425457411474174,140.0,False,False,False,False,False,-0.008762169283734633,-0.004615686998795776,-0.017754382164062554,-0.056421381370989176,-0.09970457657614895,0.07353086520474751,,,0.0,0.0,,,,0.0,0.0,0.0,0.7266949152542372,0.0,0.0,0.08190308377867482,0.0,0.0,0.0,0.0,0.0,0.0,0.0,0.0,0.0,0.0,0.2,0.20697046012099324,False,False,False
2026-07-17,2020-01-01,VNQI,Not selected,VNQI was not selected for final allocation in this rebalance.,-0.33774433808138726,142.0,False,True,False,False,False,0.017598594926903077,-0.052282166345965275,-0.034453625466082105,-0.10408786071815868,-0.1164038198781685,0.1495117037614341,,,0.0,0.0,,,,0.0,0.0,0.0,0.7266949152542372,0.0,0.0,0.08190308377867482,0.0,0.0,0.0,0.0,0.0,0.0,0.0,0.0,0.0,0.0,0.2,0.20697046012099324,False,False,False
2026-07-17,2020-01-01,BLV,Not selected,BLV was not selected for final allocation in this rebalance.,-0.4993303200175965,143.0,False,False,False,False,False,-0.01435716546404564,-0.015475719040329627,-0.015999037638495195,-0.06728141341252303,-0.09794923205058159,0.0787302565426555,,,0.0,0.0,,,,0.0,0.0,0.0,0.7266949152542372,0.0,0.0,0.08190308377867482,0.0,0.0,0.0,0.0,0.0,0.0,0.0,0.0,0.0,0.0,0.2,0.20697046012099324,False,False,False
2026-07-17,2020-01-01,VCLT,Not selected,VCLT was not selected for final allocation in this rebalance.,-0.5579861615508279,144.0,False,False,False,False,False,-0.017484879285613264,-0.01608513418998514,-0.01626804056566955,-0.06789082856217854,-0.09821823497775595,0.07572937579035557,,,0.0,0.0,,,,0.0,0.0,0.0,0.7266949152542372,0.0,0.0,0.08190308377867482,0.0,0.0,0.0,0.0,0.0,0.0,0.0,0.0,0.0,0.0,0.2,0.20697046012099324,False,False,False
2026-07-17,2020-01-01,VGLT,Not selected,VGLT was not selected for final allocation in this rebalance.,-0.6288024032566359,145.0,False,False,False,False,False,-0.01307671848770997,-0.016299165958560846,-0.0184537058351687,-0.06810486033075425,-0.1004039002472551,0.08304392038249132,,,0.0,0.0,,,,0.0,0.0,0.0,0.7266949152542372,0.0,0.0,0.08190308377867482,0.0,0.0,0.0,0.0,0.0,0.0,0.0,0.0,0.0,0.0,0.2,0.20697046012099324,False,False,False
2026-07-17,2020-01-01,EWH,Not selected,EWH was not selected for final allocation in this rebalance.,-1.6256478132136716,147.0,False,False,False,False,False,0.03256793298288496,-0.045964015853299345,-0.0183592958709643,-0.09776971022549275,-0.1003094902830507,0.17025180958002023,,,0.0,0.0,,,,0.0,0.0,0.0,0.7266949152542372,0.0,0.0,0.08190308377867482,0.0,0.0,0.0,0.0,0.0,0.0,0.0,0.0,0.0,0.0,0.2,0.20697046012099324,False,False,False
2026-07-17,2020-01-01,INDA,Not selected,INDA was not selected for final allocation in this rebalance.,-2.2561377966381158,148.0,False,True,False,False,False,-0.0025479004586425047,-0.04572927967682838,-0.08051483932971426,-0.09753497404902178,-0.16246503374180066,0.1634549258423235,,,0.0,0.0,,,,0.0,0.0,0.0,0.7266949152542372,0.0,0.0,0.08190308377867482,0.0,0.0,0.0,0.0,0.0,0.0,0.0,0.0,0.0,0.0,0.2,0.20697046012099324,False,False,False
2026-07-17,2020-01-01,ICLN,Not selected,ICLN was not selected for final allocation in this rebalance.,-2.4155423360253763,149.0,False,False,False,False,True,-0.09716795974600245,-0.044349051060927236,0.05880221837544242,-0.09615474543312064,-0.02314797603664398,0.37905676670317934,,,0.0,0.0,,,,0.0,0.0,0.0,0.7266949152542372,0.0,0.0,0.08190308377867482,0.0,0.0,0.0,0.0,0.0,0.0,0.0,0.0,0.0,0.0,0.2,0.20697046012099324,False,False,False
2026-07-17,2020-01-01,TAN,Removed,TAN was previously held but was removed or reduced to zero by the latest rebalance.,-2.473128618039193,150.0,False,False,False,False,True,-0.07057313851423419,-0.014601855424984156,0.04531459470695709,-0.06640754979717756,-0.03663559970512931,0.4536562895812467,,,0.0,0.0,,,,0.0,0.0,0.0,0.7266949152542372,0.0,0.0,0.08190308377867482,0.0,0.0,0.03273725164263065,0.0,0.02445484968864865,0.0,0.0,0.0,-0.03273725164263065,0.016368625821315326,0.2,0.20697046012099324,True,False,False
2026-07-17,2020-01-01,UAE,Not selected,UAE was not selected for final allocation in this rebalance.,-2.6132241077445455,151.0,False,True,False,False,False,-0.03773583621040433,-0.042649094213082495,-0.010139023363595068,-0.0944547885852759,-0.09208921777568146,0.26661807782634783,,,0.0,0.0,,,,0.0,0.0,0.0,0.7266949152542372,0.0,0.0,0.08190308377867482,0.0,0.0,0.0,0.0,0.0,0.0,0.0,0.0,0.0,0.0,0.2,0.20697046012099324,False,False,False
2026-07-17,2020-01-01,EWG,Not selected,EWG was not selected for final allocation in this rebalance.,-2.975979508512984,152.0,False,False,False,False,False,-0.005440093943374968,-0.028476058842676677,-0.02959951527189497,-0.08028175321487008,-0.11154970968398137,0.20340177379445587,,,0.0,0.0,,,,0.0,0.0,0.0,0.7266949152542372,0.0,0.0,0.08190308377867482,0.0,0.0,0.0,0.0,0.0,0.0,0.0,0.0,0.0,0.0,0.2,0.20697046012099324,False,False,False
2026-07-17,2020-01-01,ARKF,Not selected,ARKF was not selected for final allocation in this rebalance.,-3.1090906789294035,153.0,False,True,True,False,False,0.03292129983020575,-0.06024787740156479,-0.14804414222137185,-0.11205357177375819,-0.22999433663345825,0.31550262749933883,,,0.0,0.0,,,,0.0,0.0,0.0,0.7266949152542372,0.0,0.0,0.08190308377867482,0.0,0.0,0.0,0.0,0.0,0.0,0.0,0.0,0.0,0.0,0.2,0.20697046012099324,False,False,False
2026-07-17,2020-01-01,XLC,Not selected,XLC was not selected for final allocation in this rebalance.,-3.1253059155326213,154.0,False,False,False,False,False,0.015914487630677154,-0.06853181876189063,-0.04232097578801264,-0.12033751313408403,-0.12427117020009903,0.15362890428041365,,,0.0,0.0,,,,0.0,0.0,0.0,0.7266949152542372,0.0,0.0,0.08190308377867482,0.0,0.0,0.0,0.0,0.0,0.0,0.0,0.0,0.0,0.0,0.2,0.20697046012099324,False,False,False
2026-07-17,2020-01-01,XLY,Not selected,XLY was not selected for final allocation in this rebalance.,-3.492391194239554,155.0,False,False,False,False,False,0.003424215720493562,-0.037576107106389145,-0.053640965908335,-0.08938180147858255,-0.1355911603204214,0.18962447235635518,,,0.0,0.0,,,,0.0,0.0,0.0,0.7266949152542372,0.0,0.0,0.08190308377867482,0.0,0.0,0.0,0.0,0.0,0.0,0.0,0.0,0.0,0.0,0.2,0.20697046012099324,False,False,False
2026-07-17,2020-01-01,KSA,Not selected,KSA was not selected for final allocation in this rebalance.,-3.883327280584277,156.0,False,False,False,False,False,-0.04281615620679646,-0.08013694780737401,-0.01718247952086749,-0.13194264217956742,-0.09913267393295389,0.13209735277104406,,,0.0,0.0,,,,0.0,0.0,0.0,0.7266949152542372,0.0,0.0,0.08190308377867482,0.0,0.0,0.0,0.0,0.0,0.0,0.0,0.0,0.0,0.0,0.2,0.20697046012099324,False,False,False
2026-07-17,2020-01-01,QCLN,Not selected,QCLN was not selected for final allocation in this rebalance.,-4.670626122784335,157.0,False,False,False,False,True,-0.1378010816914027,-0.020658861340189794,0.06663193711998305,-0.0724645557123832,-0.015318257292103343,0.5127773173159054,,,0.0,0.0,,,,0.0,0.0,0.0,0.7266949152542372,0.0,0.0,0.08190308377867482,0.0,0.0,0.0,0.0,0.0,0.0,0.0,0.0,0.0,0.0,0.2,0.20697046012099324,False,False,False
2026-07-17,2020-01-01,ARKK,Not selected,ARKK was not selected for final allocation in this rebalance.,-4.844838491941722,158.0,False,False,True,False,False,-0.0328703563750643,-0.04190331382251089,-0.07347731747397612,-0.09370900819470429,-0.15542751188606252,0.3630978815010141,,,0.0,0.0,,,,0.0,0.0,0.0,0.7266949152542372,0.0,0.0,0.08190308377867482,0.0,0.0,0.0,0.0,0.0,0.0,0.0,0.0,0.0,0.0,0.2,0.20697046012099324,False,False,False
2026-07-17,2020-01-01,IHI,Not selected,IHI was not selected for final allocation in this rebalance.,-6.772383898331044,159.0,False,True,False,False,False,0.04194212221690652,-0.06849386689079329,-0.19023758887838038,-0.12029956126298669,-0.2721877832904668,0.27856880574949594,,,0.0,0.0,,,,0.0,0.0,0.0,0.7266949152542372,0.0,0.0,0.08190308377867482,0.0,0.0,0.0,0.0,0.0,0.0,0.0,0.0,0.0,0.0,0.2,0.20697046012099324,False,False,False
2026-07-17,2020-01-01,MCHI,Not selected,MCHI was not selected for final allocation in this rebalance.,-8.959872268072397,160.0,False,False,False,False,False,-0.002264130790278762,-0.10220155378957241,-0.1629113288998355,-0.1540072481617658,-0.2448615233119219,0.20971687384481516,,,0.0,0.0,,,,0.0,0.0,0.0,0.7266949152542372,0.0,0.0,0.08190308377867482,0.0,0.0,0.0,0.0,0.0,0.0,0.0,0.0,0.0,0.0,0.2,0.20697046012099324,False,False,False
2026-07-17,2020-01-01,XAR,Not selected,XAR was not selected for final allocation in this rebalance.,-9.5935179585844,161.0,False,False,False,False,False,-0.08567542366685832,-0.055206807264276625,-0.09760274333859809,-0.10701250163647003,-0.17955293775068448,0.3186410502955425,,,0.0,0.0,,,,0.0,0.0,0.0,0.7266949152542372,0.0,0.0,0.08190308377867482,0.0,0.0,0.0,0.0,0.0,0.0,0.0,0.0,0.0,0.0,0.2,0.20697046012099324,False,False,False
2026-07-17,2020-01-01,ECH,Not selected,ECH was not selected for final allocation in this rebalance.,-9.713792553114425,162.0,False,False,False,False,False,-0.04767125326437538,-0.1178212272980591,-0.1014364155594385,-0.1696269216702525,-0.1833866099715249,0.27159335228715764,,,0.0,0.0,,,,0.0,0.0,0.0,0.7266949152542372,0.0,0.0,0.08190308377867482,0.0,0.0,0.0,0.0,0.0,0.0,0.0,0.0,0.0,0.0,0.2,0.20697046012099324,False,False,False
2026-07-17,2020-01-01,BLOK,Not selected,BLOK was not selected for final allocation in this rebalance.,-9.810896017689924,163.0,False,False,False,False,False,-0.10292169407352336,-0.028387086699589004,-0.08281916828538127,-0.0801927810717824,-0.16476936269746767,0.37925608248548426,,,0.0,0.0,,,,0.0,0.0,0.0,0.7266949152542372,0.0,0.0,0.08190308377867482,0.0,0.0,0.0,0.0,0.0,0.0,0.0,0.0,0.0,0.0,0.2,0.20697046012099324,False,False,False
2026-07-17,2020-01-01,PICK,Not selected,PICK was not selected for final allocation in this rebalance.,-10.04677289596426,164.0,False,False,False,False,False,-0.12063051086224241,-0.1094933114702703,-0.004323885143147965,-0.1612990058424637,-0.08627407955523436,0.3705455424841268,,,0.0,0.0,,,,0.0,0.0,0.0,0.7266949152542372,0.0,0.0,0.08190308377867482,0.0,0.0,0.0,0.0,0.0,0.0,0.0,0.0,0.0,0.0,0.2,0.20697046012099324,False,False,False
2026-07-17,2020-01-01,BOTZ,Not selected,BOTZ was not selected for final allocation in this rebalance.,-10.339530823026433,165.0,False,False,False,False,False,-0.08280844441321733,-0.07839527112331701,-0.10075031031069603,-0.1302009654955104,-0.18270050472278243,0.32432095579473846,,,0.0,0.0,,,,0.0,0.0,0.0,0.7266949152542372,0.0,0.0,0.08190308377867482,0.0,0.0,0.0,0.0,0.0,0.0,0.0,0.0,0.0,0.0,0.2,0.20697046012099324,False,False,False
2026-07-17,2020-01-01,PBW,Not selected,PBW was not selected for final allocation in this rebalance.,-11.936849833730257,167.0,False,False,False,False,False,-0.1516975126333744,-0.05264994491338393,-0.026405627167651713,-0.10445563928557733,-0.10835582157973811,0.4985930459864637,,,0.0,0.0,,,,0.0,0.0,0.0,0.7266949152542372,0.0,0.0,0.08190308377867482,0.0,0.0,0.0,0.0,0.0,0.0,0.0,0.0,0.0,0.0,0.2,0.20697046012099324,False,False,False
2026-07-17,2020-01-01,EZA,Not selected,EZA was not selected for final allocation in this rebalance.,-12.717365190799635,168.0,False,False,False,False,False,-0.060141387554072945,-0.14393091649520817,-0.13371463740517142,-0.19573661086740157,-0.21566483181725782,0.33620057180024715,,,0.0,0.0,,,,0.0,0.0,0.0,0.7266949152542372,0.0,0.0,0.08190308377867482,0.0,0.0,0.0,0.0,0.0,0.0,0.0,0.0,0.0,0.0,0.2,0.20697046012099324,False,False,False
2026-07-17,2020-01-01,ARKQ,Not selected,ARKQ was not selected for final allocation in this rebalance.,-12.824901929379665,169.0,False,False,False,False,False,-0.109099236921254,-0.09798188362699867,-0.11475658032400604,-0.14978757799919207,-0.19670677473609244,0.3789415867543557,,,0.0,0.0,,,,0.0,0.0,0.0,0.7266949152542372,0.0,0.0,0.08190308377867482,0.0,0.0,0.0,0.0,0.0,0.0,0.0,0.0,0.0,0.0,0.2,0.20697046012099324,False,False,False
2026-07-17,2020-01-01,XME,Not selected,XME was not selected for final allocation in this rebalance.,-18.781919621896908,171.0,False,False,False,False,False,-0.16396931580276153,-0.15835312803968482,-0.19942600240240027,-0.21015882241187822,-0.28137619681448667,0.40304356093953847,,,0.0,0.0,,,,0.0,0.0,0.0,0.7266949152542372,0.0,0.0,0.08190308377867482,0.0,0.0,0.0,0.0,0.0,0.0,0.0,0.0,0.0,0.0,0.2,0.20697046012099324,False,False,False
2026-07-17,2020-01-01,EIDO,Not selected,EIDO was not selected for final allocation in this rebalance.,-20.06047063125208,172.0,False,False,False,False,False,-0.0024038248454788524,-0.23310994147800768,-0.34004357254860773,-0.2849156358502011,-0.4219937669606941,0.35447016727529285,,,0.0,0.0,,,,0.0,0.0,0.0,0.7266949152542372,0.0,0.0,0.08190308377867482,0.0,0.0,0.0,0.0,0.0,0.0,0.0,0.0,0.0,0.0,0.2,0.20697046012099324,False,False,False
2026-07-17,2020-01-01,GDX,Not selected,GDX was not selected for final allocation in this rebalance.,-25.695010064921906,173.0,False,False,False,False,False,-0.15303465586420628,-0.2879210727929724,-0.2642364689613035,-0.3397267671651658,-0.3461866633733899,0.5127865645700617,,,0.0,0.0,,,,0.0,0.0,0.0,0.7266949152542372,0.0,0.0,0.08190308377867482,0.0,0.0,0.0,0.0,0.0,0.0,0.0,0.0,0.0,0.0,0.2,0.20697046012099324,False,False,False
2026-07-17,2020-01-01,SLVP,Not selected,SLVP was not selected for final allocation in this rebalance.,-26.322612308725496,174.0,False,False,False,False,False,-0.1431945269285313,-0.2697565006762084,-0.2755650414772596,-0.3215621950484018,-0.357515235889346,0.5798341611698672,,,0.0,0.0,,,,0.0,0.0,0.0,0.7266949152542372,0.0,0.0,0.08190308377867482,0.0,0.0,0.0,0.0,0.0,0.0,0.0,0.0,0.0,0.0,0.2,0.20697046012099324,False,False,False
2026-07-17,2020-01-01,URA,Not selected,URA was not selected for final allocation in this rebalance.,-26.77917994057393,175.0,False,False,False,False,False,-0.1715647597121307,-0.30148052045964324,-0.2607180853370493,-0.35328621483183664,-0.3426682797491357,0.5343000704451003,,,0.0,0.0,,,,0.0,0.0,0.0,0.7266949152542372,0.0,0.0,0.08190308377867482,0.0,0.0,0.0,0.0,0.0,0.0,0.0,0.0,0.0,0.0,0.2,0.20697046012099324,False,False,False
2026-07-17,2020-01-01,GDXJ,Not selected,GDXJ was not selected for final allocation in this rebalance.,-27.445497608552348,176.0,False,False,False,False,False,-0.15702703087719305,-0.3047625717662873,-0.2721195285796274,-0.3565682661384807,-0.3540697229917138,0.5736587868557833,,,0.0,0.0,,,,0.0,0.0,0.0,0.7266949152542372,0.0,0.0,0.08190308377867482,0.0,0.0,0.0,0.0,0.0,0.0,0.0,0.0,0.0,0.0,0.2,0.20697046012099324,False,False,False
2026-07-17,2020-01-01,SLV,Not selected,SLV was not selected for final allocation in this rebalance.,-30.479888390535976,177.0,False,False,False,False,False,-0.1656492462369753,-0.31318753794362386,-0.39306289150208007,-0.36499323231581726,-0.47501308591416647,0.5101142238771103,,,0.0,0.0,,,,0.0,0.0,0.0,0.7266949152542372,0.0,0.0,0.08190308377867482,0.0,0.0,0.0,0.0,0.0,0.0,0.0,0.0,0.0,0.0,0.2,0.20697046012099324,False,False,False
