Date,DailyReturn,EquityCurve
2020-10-02,-0.010189429553111416,0.9898105704468886
2020-10-05,0.021972864901535705,1.0115595443894299
2020-10-06,-0.001740623197141837,1.0097988003811753
2020-10-07,0.01930228944890502,1.0292902291112898
2020-10-08,0.006411276466317565,1.0358892933342017
2020-10-09,0.010739178184367421,1.047013893034596
2020-10-12,-0.00018480984645822748,1.0468203945577848
2020-10-13,0.00420691099035363,1.051224274780576
2020-10-14,-0.0028104106023152807,1.0482699029333216
2020-10-15,-0.005240817329198072,1.0427761118603518
2020-10-16,-0.0025792660341848288,1.040086514853771
2020-10-19,-0.0017004755605398256,1.0383178731544151
2020-10-20,0.005612006905044357,1.0441449202281885
2020-10-21,-0.01604147683167988,1.0273952936814317
2020-10-22,0.0034408381356259825,1.0309303945882933
2020-10-23,0.0023891205441886215,1.0333934115736327
2020-10-26,-0.011545394092763516,1.0214624773841496
2020-10-27,0.003877261895096004,1.0254229549249816
2020-10-28,-0.01611351811261499,1.0088997835677067
2020-10-29,0.01048622651733599,1.019479335231489
2020-10-30,-0.01582292167501733,1.0033481935608224
2020-11-02,0.01028085336652449,1.0136634692143884
2020-11-03,0.007532616660256013,1.0212990075504857
2020-11-04,0.015361290227652417,1.036987478014682
2020-11-05,0.035508667114661,1.073809521173577
2020-11-06,0.0024827903930959693,1.0764755651367617
2020-11-09,-0.006620491580859886,1.0693487677207725
2020-11-10,-0.017311085891417815,1.0508371793548763
2020-11-11,0.01889838430350837,1.0706963042107396
2020-11-12,-0.0027020847947218027,1.067803192007367
2020-11-13,0.007989251582254648,1.0763341403486484
2020-11-16,0.008291900146304232,1.0852589955644776
2020-11-17,0.001692497533203019,1.0870957937373569
2020-11-18,-0.0034848580610826476,1.0833074191973822
2020-11-19,0.008976967245501958,1.0930322344163264
2020-11-20,0.009357200477102501,1.1032599561616951
2020-11-23,0.013154587652487365,1.1177728859585037
2020-11-24,0.005703359994709835,1.1241479471194507
2020-11-25,0.0006122348985930032,1.124836189723859
2020-11-27,0.013520445345049146,1.1400444759491537
2020-11-30,-0.0042750143872458055,1.135170769412371
2020-12-01,0.004054617736598505,1.1397734529480985
2020-12-02,-0.0030216315251167655,1.1363294775511792
2020-12-03,0.004871653328593101,1.1418652808328698
2020-12-04,0.011980583598769474,1.1555454932884202
2020-12-07,0.008789290883868338,1.1657019187584752
2020-12-08,0.007480182653448505,1.174421582030264
2020-12-09,-0.01688156494345106,1.1545955078222294
2020-12-10,0.011905059740319518,1.1683410363187574
2020-12-11,-0.004015270307703655,1.163649831246355
2020-12-14,0.004368854640605685,1.1687336482116357
2020-12-15,0.01391625543582902,1.184998044196597
2020-12-16,-7.052914641984791e-05,1.1849144672960308
2020-12-17,0.009474928628148948,1.1961414473041219
2020-12-18,0.004473656522524642,1.201492573291716
2020-12-21,0.01312729122463386,1.217264916205551
2020-12-22,0.01230933784375054,1.2322486413044698
2020-12-23,0.0012855076985787233,1.2338327064194299
2020-12-24,-0.005578702335747736,1.2269495210182058
2020-12-28,-0.0005686952156301126,1.226251760695783
2020-12-29,-0.011583959487426354,1.2120469099784978
2020-12-30,0.01617460992736319,1.231651295961066
2020-12-31,-0.004541593638467959,1.2260576362705184
2021-01-04,0.007910406833280724,1.2357562509744688
2021-01-05,0.023317607163726998,1.2645711297848117
2021-01-06,0.008863102528426241,1.2757791533625822
2021-01-07,0.03308300352539888,1.3179857595909068
2021-01-08,0.0065084143491677725,1.326563757020627
2021-01-11,-0.013232710606304585,1.309009722723161
2021-01-12,0.01071555224129583,1.3230364847913652
2021-01-13,9.347038773060682e-05,1.3231601495245804
2021-01-14,0.00977295750401027,1.336091337436884
2021-01-15,-0.02093805115385365,1.3081161886674098
2021-01-19,0.01675609214841052,1.3300351040655483
2021-01-20,0.0051751962763138355,1.336918296783475
2021-01-21,0.004615503698204222,1.343088848126476
2021-01-22,0.004118078221882091,1.3486197930619985
2021-01-25,0.002323648686767094,1.351753511673095
2021-01-26,-0.0038345100753804573,1.3465701992131536
2021-01-27,-0.019374988161534698,1.3204804175447233
2021-01-28,0.0027663095397164406,1.324133275120786
2021-01-29,-0.01411455392972516,1.30544372459895
2021-02-01,0.017612308251377273,1.3284356018814127
2021-02-02,0.013069928123647337,1.345798159714897
2021-02-03,0.004756211227100795,1.3521990600315446
2021-02-04,-0.0009634800214739295,1.3508962432521483
2021-02-05,0.008572677668134078,1.3624770413086422
2021-02-08,0.021482043470627276,1.3917458323377663
2021-02-09,0.013798156206785792,1.4109493587325057
2021-02-10,-0.007297289222031909,1.4006532531841942
2021-02-11,0.011148111930734464,1.4162678924268388
2021-02-12,0.006880835914341545,1.4260129994053783
2021-02-16,0.00728502213020579,1.4364015356640076
2021-02-17,-0.0040706785339283316,1.4305544067666784
2021-02-18,-0.025947082409933216,1.3934356936824102
2021-02-19,0.015370346469776043,1.4148532830776617
2021-02-22,-0.02781649787062353,1.3754970197416871
2021-02-23,-0.020044081981920876,1.3479264447120969
2021-02-24,0.013924789120292503,1.3666960362043785
2021-02-25,-0.03562446372203374,1.3180082228435683
2021-02-26,-0.0019167226918040633,1.3154819665748596
2021-03-01,0.03904431188000374,1.366844054750329
2021-03-02,-0.012234763823345119,1.3501210405571153
2021-03-03,-0.017743925604528824,1.3261645932563608
2021-03-04,-0.035657414662079806,1.2788769924444503
2021-03-05,0.007229180574256387,1.2881222251550932
2021-03-08,-0.017334074145247978,1.2657938189961129
2021-03-09,0.03797500983732394,1.313862351724514
2021-03-10,0.0034422320598977724,1.3183849708339128
2021-03-11,0.03340127766246289,1.3624207133107542
2021-03-12,-0.003908034861035402,1.357096325667739
2021-03-15,0.0067383628565178925,1.3662409331413354
2021-03-16,-0.010340221925441508,1.3521136986890319
2021-03-17,0.00856189224720293,1.3636903504831743
2021-03-18,-0.026096279939045418,1.3281031053467904
2021-03-19,0.009249993595432743,1.3403880505653225
2021-03-22,-0.0014442162068318792,1.3384522404192523
2021-03-23,-0.02570705620758063,1.3040445734436323
2021-03-24,-0.023528676652547743,1.2733621303345675
2021-03-25,0.010625473160289363,1.2868922054737661
2021-03-26,0.015674518288230983,1.3070636208834465
2021-03-29,-0.012397253812675394,1.29085962142604
2021-03-30,0.014179734920764006,1.309163668677779
2021-03-31,0.014250341056492187,1.327819697455206
2021-04-01,0.011263290771546553,1.3427753167998309
2021-04-05,0.00825113042004401,1.3538547310635622
2021-04-06,0.0006162579701605752,1.3546890548320196
2021-04-07,-0.0128677695088678,1.337257228318255
2021-04-08,0.011695274489007017,1.3528968186658459
2021-04-09,-0.0012161500924094818,1.351251493074805
2021-04-12,-0.0035744790345407494,1.346421472942417
2021-04-13,0.010888670412270844,1.3610822125972912
2021-04-14,-0.003750629087573045,1.3559772980601454
2021-04-15,0.005016756832985599,1.362779906435562
2021-04-16,-0.002523049736820219,1.3593415449512858
2021-04-19,-0.007449069466990628,1.3492157153535773
2021-04-20,-0.012062405726763549,1.332940927982057
2021-04-21,0.01388511042326013,1.3514489599547708
2021-04-22,-0.0072033547821016754,1.3417139936263143
2021-04-23,0.016284903303900037,1.3635636762740084
2021-04-26,0.014880467163245033,1.3838541407837974
2021-04-27,-0.0029475188256987716,1.379775204651816
2021-04-28,0.00045398975216810847,1.3804016084550235
2021-04-29,-0.007709034447678993,1.369760044903812
2021-04-30,-0.008616131851506706,1.3579580117519952
2021-05-03,-0.0036999672232113645,1.3529336116180155
2021-05-04,-0.013656374474665051,1.334457443578399
2021-05-05,0.004545359434638216,1.3405230323096913
2021-05-06,-0.0009255323499198901,1.339282334877476
2021-05-07,0.014158933477435598,1.358245144364511
2021-05-10,-0.01765006189196151,1.334272033502021
2021-05-11,-0.0077151332036378435,1.3239779470336643
2021-05-12,-0.03443966107825972,1.278380595262735
2021-05-13,-0.0015507919602153542,1.2763980929135061
2021-05-14,0.023094717633419828,1.305876146457179
2021-05-17,-0.005595783541634475,1.2985687462094209
2021-05-18,0.008846759918157423,1.3100568721443584
2021-05-19,-0.00983835403722498,1.2971680688273026
2021-05-20,0.009651680343896475,1.3096879203799332
2021-05-21,-0.005899243855185283,1.3019617519634215
2021-05-24,0.011302097458229982,1.316676650571
2021-05-25,0.0005509496880480537,1.3174020731608922
2021-05-26,0.01163337473128679,1.3327279051497471
2021-05-27,0.007488309570707457,1.342707784277029
2021-05-28,0.0023888799626622928,1.3459153519985991
2021-06-01,0.012861637266808452,1.363226027047834
2021-06-02,0.001958221094437231,1.3658955250104852
2021-06-03,-0.010184805486084282,1.3519841447739405
2021-06-04,0.007555235807329364,1.3621987037954781
2021-06-07,0.0014569076898621187,1.3641833015621578
2021-06-08,-9.397685196336052e-05,1.364055099909976
2021-06-09,-0.004352589264498747,1.358117928325923
2021-06-10,0.0028422489139471084,1.3619780375327193
2021-06-11,0.0071815392271716615,1.3717591362358068
2021-06-14,-0.0037056391127004065,1.3666758919273674
2021-06-15,-0.00387402216908288,1.3613813592240898
2021-06-16,-0.007011358718585656,1.351836226161774
2021-06-17,-0.008112031528057801,1.340870088074379
2021-06-18,-0.012756710438513693,1.3237649966251497
2021-06-21,0.00962886784067217,1.3365113548297611
2021-06-22,0.00430759099196784,1.3422684991024887
2021-06-23,0.007062143094823272,1.3517477913148241
2021-06-24,0.01077970071211451,1.3663192279434597
2021-06-25,0.0033990514001550976,1.3709634172282599
2021-06-28,0.0002450604555184666,1.371299386147785
2021-06-29,-0.0008892841790148172,1.370079911298991
2021-06-30,0.0017268667674831348,1.3724458567666096
2021-07-01,-9.5514858872747e-05,1.3723147677942902
2021-07-02,0.0021743833010837285,1.3752987061092126
2021-07-06,-0.008635736671383959,1.3634219886387584
2021-07-07,0.0005520119996091251,1.364174613937018
2021-07-08,-0.011517028594003234,1.348463375901092
2021-07-09,0.02008727568844053,1.3755503314885824
2021-07-12,0.004809033026076142,1.382165398461741
2021-07-13,-0.010002457165359866,1.3683403482681848
2021-07-14,-0.0049596410849201454,1.36155387125876
2021-07-15,-0.0022180850848236783,1.358533828924737
2021-07-16,-0.012226414827587996,1.3419238307749917
2021-07-19,-0.020342469649237502,1.314625785975863
2021-07-20,0.01786219719856683,1.3381078910072848
2021-07-21,0.015751137064696826,1.3591846118058928
2021-07-22,-0.002072919542152342,1.3563671314626875
2021-07-23,0.0005202303926427998,1.3570727548680561
2021-07-26,0.00954884649987034,1.3700312342934473
2021-07-27,-0.011065633723066045,1.354870970465596
2021-07-28,0.010362494319109997,1.3689108132001728
2021-07-29,0.010431590899907174,1.3831907307819362
2021-07-30,-0.00590075221424655,1.3750288650145495
2021-08-02,4.804447008965964e-05,1.375094927547727
2021-08-03,0.004067986992681638,1.3806887958266938
2021-08-04,-0.004891719353182137,1.3739348537234266
2021-08-05,0.005024144711194837,1.3808377012522877
2021-08-06,0.001837091818445434,1.3833744268958592
2021-08-09,-0.0021663501823038158,1.3803775534539588
2021-08-10,0.00482931618101308,1.3870438331087613
2021-08-11,0.004331098472610118,1.393051256535782
2021-08-12,-0.0007381964212020231,1.3920229110836564
2021-08-13,-0.004766445469607866,1.3853879097855313
2021-08-16,-0.0053483458223058155,1.3779783761459568
2021-08-17,-0.012370459308100145,1.3609321507164014
2021-08-18,-0.005610580687564517,1.3532965310745064
2021-08-19,-0.009985054681919351,1.3397837912108757
2021-08-20,0.0067295853946292535,1.3487999806441693
2021-08-23,0.010993802273020452,1.3636284209372251
2021-08-24,0.009437253244964031,1.3764973276776402
2021-08-25,0.004054543097624362,1.3820783954164741
2021-08-26,-0.009214626525681401,1.3693430591734983
2021-08-27,0.01601507296023902,1.3912731881737588
2021-08-30,0.001269843854034016,1.3930398878810435
2021-08-31,0.0036380864497853062,1.398107887421154
2021-09-01,0.004389119051742327,1.4042443493862253
2021-09-02,0.004392403426621265,1.4104123570782827
2021-09-03,0.00177638111673232,1.4129177869562026
2021-09-07,-0.0010901159240092025,1.4113775427773259
2021-09-08,-0.005799841517703207,1.4031917767075721
2021-09-09,0.0004677738886690573,1.4038481531815112
2021-09-10,-0.0009942837233779512,1.4024523298127087
2021-09-13,0.0018548924116919526,1.4050537279970379
2021-09-14,-0.0032895757440582016,1.4004316973343203
2021-09-15,0.010316571993777123,1.4148793517622373
2021-09-16,-0.00481739541463452,1.408063318460797
2021-09-17,-0.009570385335835905,1.3945876099258714
2021-09-20,-0.022590317818563167,1.3630834325918155
2021-09-21,0.00164051374804051,1.3653195897027086
2021-09-22,0.01129269765437038,1.3807377310308102
2021-09-23,0.010706970969421758,1.3955212498333425
2021-09-24,-0.0052299730727702965,1.3882227112742354
2021-09-27,0.006055997563231356,1.3966297846309343
2021-09-28,-0.016502955859197307,1.37358126494353
2021-09-29,-0.0007380915336913742,1.372567436241038
2021-09-30,-0.004739438141547178,1.3660622377818716
2021-10-01,0.008149270333586166,1.3771946482500597
2021-10-04,-0.0069316271106287875,1.3676484484896367
2021-10-05,0.008810360841119361,1.3796979248246275
2021-10-06,-0.002946001413101008,1.3756333327884416
2021-10-07,0.009406938104957909,1.3885738304050994
2021-10-08,-3.060042926870098e-07,1.3885734054955465
2021-10-11,-0.003916862929408291,1.383134553798799
2021-10-12,0.0016916204879335623,1.3854742925475738
2021-10-13,0.00588333425808699,1.3936255009166179
2021-10-14,0.010481491456166787,1.4082327746975716
2021-10-15,0.004398171093623167,1.4144264233803392
2021-10-18,0.00377363137326791,1.4197639473067865
2021-10-19,0.0011892309770940223,1.421452374573085
2021-10-20,0.003969867465591544,1.4270953521087903
2021-10-21,-0.0019052356986940559,1.4243763990985123
2021-10-22,-4.1356575657088954e-05,1.4243174917681989
2021-10-25,0.005190439327959069,1.4317103252929726
2021-10-26,-0.0010576626628665516,1.4301960587378697
2021-10-27,-0.009887652862994374,1.416054776583047
2021-10-28,0.006655946434086782,1.4254799613237163
2021-10-29,-0.0014994180847155015,1.423342570890308
2021-11-01,0.007909614053313755,1.4346006612917017
2021-11-02,0.002423096918873591,1.4380768377338917
2021-11-03,0.005554129833395108,1.4460641032010642
2021-11-04,0.0005049808605751904,1.4467943378963457
2021-11-05,0.004315999253538719,1.4530387011787302
2021-11-08,0.00681551744310912,1.4629419117921263
2021-11-09,-0.0036884530648658965,1.4575459192138558
2021-11-10,-0.009212055094618171,1.4441189259031217
2021-11-11,0.00995059388717276,1.4584887668595636
2021-11-12,0.00423670859637686,1.4646679587558367
2021-11-15,-0.0010866237865123638,1.46307641571251
2021-11-16,8.5164749620206e-05,1.4632010182491295
2021-11-17,-0.005864806901311226,1.4546196268192964
2021-11-18,-0.0013929449882524995,1.4525934217003047
2021-11-19,-0.006641615357864613,1.4429458549220069
2021-11-22,-0.007293207657931292,1.4324221511629096
2021-11-23,0.006437431905660066,1.44164327122118
2021-11-24,-0.0008769784888949365,1.440378981083659
2021-11-26,-0.029459278590043072,1.397946455404673
2021-11-29,0.003503449578664512,1.402844090324856
2021-11-30,-0.008835997671833377,1.3904485632088004
2021-12-01,-0.009512448112795073,1.3772219933977663
2021-12-02,0.015492488076074297,1.3985585887085885
2021-12-03,-0.011904717457284063,1.3819091438625548
2021-12-06,0.012610025189937236,1.3993350529768662
2021-12-07,0.012884318733016617,1.4173645318137027
2021-12-08,0.0013271241619038998,1.4192455505300983
2021-12-09,-0.010420585343983935,1.40445618114673
2021-12-10,0.003410824081379352,1.4092465341106273
2021-12-13,-0.01051253166763437,1.3944317852932855
2021-12-14,-0.0017595254547383265,1.3919782470721658
2021-12-15,0.0059865356733910195,1.4003113745048477
2021-12-16,-0.0022825965143619805,1.3971150286423815
2021-12-17,-0.005828717751067741,1.38897163947465
2021-12-20,-0.01806701095252469,1.3638770736515153
2021-12-21,0.01573178732816648,1.385333297715963
2021-12-22,0.0064593235792455225,1.3942816137510137
2021-12-23,0.00587375988982195,1.4024712891689806
2021-12-27,0.00863697120068908,1.4145843933033264
2021-12-28,-0.0006501251081114784,1.4136647364716972
2021-12-29,0.0004630314432571942,1.4143193076949074
2021-12-30,0.0008420737330931858,1.415510268834124
2021-12-31,-0.00187619600686772,1.4128544941200571
2022-01-03,0.010384673464330665,1.4275265266941062
2022-01-04,-0.00107774592124861,1.4259880158024874
2022-01-05,-0.013289362319240697,1.4070375443975929
2022-01-06,0.0017675820269054659,1.409524598672251
2022-01-07,-0.0005423945851822805,1.4087600801622502
2022-01-10,-0.002450671478709179,1.4053076720134525
2022-01-11,0.009934603140921268,1.4192688460257983
2022-01-12,0.00310483648614623,1.4236754437225896
2022-01-13,-0.005320845295409425,1.4161002869356683
2022-01-14,-0.0029379608279194603,1.4119398397642458
2022-01-18,-0.012414882918513864,1.3944107719655874
2022-01-19,-0.004000408457715682,1.3888325593198865
2022-01-20,-0.0057701264335427195,1.3808188198575901
2022-01-21,-0.01209916079401505,1.364112070928731
2022-01-24,-0.00508038188944084,1.3571818606684172
2022-01-25,-0.0025570878939842863,1.353711427362567
2022-01-26,-0.004086924918205694,1.348178910398019
2022-01-27,-0.006451303432424752,1.3394813991658456
2022-01-28,0.011745532201863904,1.3552143210735457
2022-01-31,0.017667093690366675,1.3791570194544787
2022-02-01,0.0030175299550685756,1.3833186670734257
2022-02-02,-0.0008596938916427784,1.3821294364651473
2022-02-03,-0.008478040568086728,1.370411687032449
2022-02-04,0.0035939123321894516,1.3753368264946515
2022-02-07,0.0020213934123290388,1.3781169232954613
2022-02-08,0.0011751841102066013,1.3797364644057248
2022-02-09,0.008872068600631808,1.3919775809687256
2022-02-10,-0.007708535243996333,1.3812474727269755
2022-02-11,-0.007386756381554371,1.3710445341433035
2022-02-14,-0.005539488334979513,1.3634496489396792
2022-02-15,0.01273421605700037,1.3808121113521183
2022-02-16,0.005987009925802843,1.3890790471684522
2022-02-17,-0.013889712218479957,1.3697851389545619
2022-02-18,-0.0027052932172036627,1.3660794685091218
2022-02-22,-0.008180449534743317,1.354904324356534
2022-02-23,-0.0060672098127288404,1.3466838355444892
2022-02-24,-0.0007396590844666358,1.3456877486116243
2022-02-25,0.01811009943930037,1.3700582875532292
2022-02-28,0.0033750806052470737,1.3746823447076082
2022-03-01,-0.006076307452440826,1.3663293521317226
2022-03-02,0.009197989571571622,1.3788968352639626
2022-03-03,-0.00406722563186092,1.373288550711885
2022-03-04,-0.0050251536347672,1.366387564759691
2022-03-07,-0.011681246990912348,1.3504264541304218
2022-03-08,0.002411124503750679,1.3536825004444888
2022-03-09,0.009510050276504492,1.36655608908214
2022-03-10,-0.0014870506490574401,1.364523950962897
2022-03-11,-0.005969119436148761,1.3563789445261138
2022-03-14,-0.004484043450253622,1.3502968824038495
2022-03-15,0.005182208877583107,1.3572944028952154
2022-03-16,0.017958105744055264,1.381668839308222
2022-03-17,0.0008828353696973446,1.3828886254287718
2022-03-18,0.0026563425192827495,1.3865620512839307
2022-03-21,9.20686608333139e-05,1.3866897101951545
2022-03-22,0.005429539506299524,1.3942187967596382
2022-03-23,-0.0034569312414922666,1.389399078243644
2022-03-24,0.0069558298866419475,1.3990635018765638
2022-03-25,0.0006156224028420255,1.3999247967113175
2022-03-28,0.0015611168092456297,1.4021102428431431
2022-03-29,0.009129408162720202,1.414910679539189
2022-03-30,-0.0037272700768599645,1.409636925301913
2022-03-31,-0.00605677887434886,1.4010990661522422
2022-04-01,0.004411909355247482,1.4072805882298278
2022-04-04,0.0037319684117482423,1.4125325149315682
2022-04-05,-0.007004589172466214,1.402638304971722
2022-04-06,-0.0010287792624336257,1.401195299770872
2022-04-07,0.003398773404506598,1.4059576450902531
2022-04-08,0.003470177299253322,1.4108365673939571
2022-04-11,-0.0018082819535711074,1.4082853770897004
2022-04-12,0.0013137450210336174,1.4101355049920465
2022-04-13,0.0063163464038433256,1.419042409317935
2022-04-14,-0.003354585913982716,1.4142821096402929
2022-04-18,0.003766732241404679,1.419609331661117
2022-04-19,-0.0002670117220593621,1.4192302793288185
2022-04-20,0.0039043587791745935,1.4247714635295863
2022-04-21,-0.013754399450930564,1.4051745876939135
2022-04-22,-0.009781407224876314,1.3914300028296316
2022-04-25,-0.0022009991090426824,1.3883674666331083
2022-04-26,-0.011288506840356398,1.372694870989092
2022-04-27,0.005030206598403048,1.3795998097867355
2022-04-28,0.009501190639833384,1.3927076505861973
2022-04-29,-0.01360810915538687,1.3737555328554778
2022-05-02,-0.00037072059615800724,1.3732462533853622
2022-05-03,0.00511198518566747,1.3802662678889417
2022-05-04,0.009885164252496501,1.3939104266592042
2022-05-05,-0.008316490200131135,1.3823179842560323
2022-05-06,0.003468350012658003,1.3871123468542241
2022-05-09,-0.020289369053111954,1.3589687125307706
2022-05-10,-0.003242305769023309,1.35456252043421
2022-05-11,-0.004548757064948945,1.3484009445994698
2022-05-12,-0.011625703035384332,1.3327248356449246
2022-05-13,0.015307353741034953,1.353125326143604
2022-05-16,0.0013978833693154074,1.3550168375336196
2022-05-17,0.005589435058582247,1.3625906161502994
2022-05-18,-0.012471582183710639,1.3455969552982279
2022-05-19,-0.0010406705844049234,1.3441966321283843
2022-05-20,-0.0005198352540618896,1.3434978713306127
2022-05-23,0.002334645723416067,1.3466344628903335
2022-05-24,-0.0011476642476341337,1.3450889786626423
2022-05-25,0.011650828550817512,1.360760379738635
2022-05-26,0.004113308865969648,1.366357607473074
2022-05-27,0.008794980583975954,1.3783746961015677
2022-05-31,0.0021853212612599417,1.3813868876309412
2022-06-01,-0.0010935371723978491,1.3798762897198538
2022-06-02,0.001705785875730371,1.382230063205113
2022-06-03,0.00039189594177530755,1.3827717535574828
2022-06-06,0.0004974063313618201,1.3834595529825306
2022-06-07,0.008121932045669019,1.3946959174597862
2022-06-08,-0.004057854042812164,1.3890364449926285
2022-06-09,-0.008767651989147638,1.3768578568426904
2022-06-10,-0.007283126216418486,1.3668300272892375
2022-06-13,-0.021106591532197648,1.3379809042093012
2022-06-14,-0.002302180596354791,1.3349006305333373
2022-06-15,-0.0025499406679559628,1.3314967131278603
2022-06-16,-0.017186200327929054,1.3086133438800658
2022-06-17,-0.014671848479259108,1.289413567180721
2022-06-21,0.014674044892952083,1.3083344797511123
2022-06-22,-0.013274837046028816,1.2909665527307153
2022-06-23,-0.009093701809744975,1.2792268878538278
2022-06-24,0.008379762620807193,1.2899465055121966
2022-06-27,0.007242044140488877,1.299288355043985
2022-06-28,0.005946519253423609,1.3070145982630033
2022-06-29,-0.008934883086906195,1.2953365756346438
2022-06-30,-0.006233030874069809,1.2872627027664012
2022-07-01,0.0034214305881840796,1.2916669827526748
2022-07-05,-0.01082985213258792,1.2776784203249174
2022-07-06,-0.004037165393149135,1.2725202212228082
2022-07-07,0.007283345958511507,1.2817884262331756
2022-07-08,-0.0003422619744785845,1.2813497187955492
2022-07-11,-0.0029909591307039816,1.2775172541544926
2022-07-12,-0.003550843955806691,1.2729809897341393
2022-07-13,-0.00015583933148882604,1.2727826092277013
2022-07-14,-0.004175136570115016,1.2674685680101083
2022-07-15,0.003870189438794487,1.272373911476025
2022-07-18,0.004076314531025721,1.2775605077402727
2022-07-19,0.007332823003332538,1.2869286328195797
2022-07-20,0.0014195530099120576,1.2887554962338408
2022-07-21,-0.002471862228244171,1.2855698702012583
2022-07-22,-0.0007395038389463424,1.2846191863470107
2022-07-25,0.008060668856650828,1.2949740762150543
2022-07-26,-0.0006923572612350654,1.2940774915102757
2022-07-27,0.0061255095288106675,1.3020043755155413
2022-07-28,0.003605203943614884,1.3066983668247538
2022-07-29,0.007022388460403409,1.315874510357172
2022-08-01,-0.0017593357970354117,1.313559445226694
2022-08-02,-0.0011410778239807132,1.3120605716732654
2022-08-03,-0.0044499926946186125,1.3062219117144223
2022-08-04,-0.0063881484372521275,1.2978775722503992
2022-08-05,0.0035935936179761706,1.3025416168109525
2022-08-08,0.0029475495014889496,1.3063809227042522
2022-08-09,0.0034018970733713555,1.310825096141908
2022-08-10,0.0063617080806592065,1.3191641827483649
2022-08-11,0.006894463981858016,1.3282591126924805
2022-08-12,0.005359693944911494,1.3353781750160518
2022-08-15,-0.002668271506211703,1.3318150234816395
2022-08-16,-7.221850985815138e-06,1.3318054053119992
2022-08-17,-0.00020677656863736114,1.3315300191601962
2022-08-18,0.004667831812400074,1.3377453773427979
2022-08-19,-0.004074658323294397,1.3322945220065594
2022-08-22,-0.0023407030898673054,1.3291760161022854
2022-08-23,0.006672744634965381,1.3380452682326567
2022-08-24,0.0038754684979456135,1.3432308205185175
2022-08-25,0.00537249837705406,1.3504473259217622
2022-08-26,-0.005847891121235438,1.3425500569948083
2022-08-29,0.0022143256200906954,1.3455228999822662
2022-08-30,-0.009571762532077826,1.3326438743021631
2022-08-31,-0.0022387161213833235,1.3296604629767002
2022-09-01,-0.005295839196682372,1.3226187949785893
2022-09-02,-0.0003591724324246015,1.3221437467688264
2022-09-06,0.002217003348970615,1.3250749438832334
2022-09-07,0.00865155381011887,1.3365389010626794
2022-09-08,0.0015803614434344707,1.338651115609569
2022-09-09,0.0041025774726389614,1.3441430355201918
2022-09-12,0.0058461381087290725,1.3520010813437293
2022-09-13,-0.012243114827734897,1.3354483768576164
2022-09-14,0.008485988323923702,1.346780976190833
2022-09-15,-0.008670672969579603,1.335103478784631
2022-09-16,-0.0038453784686349746,1.329969500613913
2022-09-19,-0.00013103555051145255,1.3297952273282365
2022-09-20,-0.004211868347500002,1.3241943049015963
2022-09-21,-0.004650228763830976,1.3180364984560418
2022-09-22,-0.004297903808691758,1.3123717043693328
2022-09-23,-0.013517067040501436,1.2946322880593153
2022-09-26,-0.009262986574330338,1.2826401265563272
2022-09-27,0.0014894957605628483,1.2845506135871607
2022-09-28,0.009162760929206301,1.296320643760925
2022-09-29,-0.010675375925745523,1.2824819335684725
2022-09-30,-0.0006560935909942423,1.2816405053912923
2022-10-03,0.013503406360509769,1.29894701794368
2022-10-04,0.012101568978087819,1.314666314880207
2022-10-05,0.001795906645443751,1.3170273328516413
2022-10-06,0.0006241158280372499,1.3178493104560318
2022-10-07,-0.0035992241391692653,1.3131060754060508
2022-10-10,-0.003757493143584061,1.308172088330914
2022-10-11,-0.002379197034591897,1.3050596891776212
2022-10-12,0.0005274969367363676,1.3057481041659205
2022-10-13,0.008598285136893773,1.3169752986824974
2022-10-14,-0.008683302810907184,1.3055396033695523
2022-10-17,0.010345139272463723,1.3190455923921276
2022-10-18,0.0026298229158969225,1.3225144487181133
2022-10-19,0.002762108481133162,1.3261673770933387
2022-10-20,0.00041944480260432024,1.3267236311070438
2022-10-21,0.006602900709581702,1.3354838555122994
2022-10-24,0.0012869020325682534,1.3372024924004204
2022-10-25,0.0016025158817824378,1.3393453806316513
2022-10-26,0.002522663156422018,1.3427240978770947
2022-10-27,-0.00014380334440656101,1.3425310096612046
2022-10-28,0.0021617853181407445,1.3454332734870391
2022-10-31,0.0017144469748253803,1.3477399474925984
2022-11-01,0.0024163575751891147,1.3509965691241073
2022-11-02,-0.00760177376286569,1.340726598851218
2022-11-03,0.006130881353772834,1.3489464345566222
2022-11-04,0.008462421638122856,1.3603617880530827
2022-11-07,0.007779819518480055,1.3709451572439724
2022-11-08,-7.561175129032947e-05,1.37084149767971
2022-11-09,-0.015958952198549904,1.348964303746451
2022-11-10,0.012689374019465953,1.366081816335598
2022-11-11,0.005971882923866976,1.374239897007178
2022-11-14,-0.0017645821603376984,1.3718149378008948
2022-11-15,0.0051330880898720005,1.378856584719629
2022-11-16,-0.005196692879140961,1.37169109052446
2022-11-17,-0.002587831454273176,1.3681413851748543
2022-11-18,-0.00047256130323917154,1.3674948544988605
2022-11-21,-0.003538933265422216,1.362655381467981
2022-11-22,0.013988597553260464,1.3817170192031212
2022-11-23,-0.0033264145355657,1.3771208556264054
2022-11-25,0.00138736484906621,1.3790314246944175
2022-11-28,-0.008438459152780442,1.3673945243467331
2022-11-29,0.004871128503326827,1.3740552787895715
2022-11-30,0.005621146747350866,1.3817790451506198
2022-12-01,-0.0025110372390599726,1.378309346512094
2022-12-02,-0.0006264545659643619,1.3774458983286602
2022-12-05,-0.013444167056839273,1.3589272855597716
2022-12-06,-0.00663378232863641,1.3499124577469233
2022-12-07,-0.004028285806012516,1.3444746245540218
2022-12-08,-0.00021619950479732268,1.3441839498059807
2022-12-09,-0.007373877657846345,1.3342721018104706
2022-12-12,0.01129773061078878,1.3493463485782164
2022-12-13,0.008004663934348488,1.3601474126296254
2022-12-14,-0.0035058816342010525,1.355378896795881
2022-12-15,-0.00583779336554242,1.3474664748643699
2022-12-16,-0.003933027735324359,1.3421668518463086
2022-12-19,-0.0009341157692656147,1.3409131126250133
2022-12-20,0.005084910165457537,1.3477315353423955
2022-12-21,0.008840102948983375,1.3596456208624137
2022-12-22,-0.007715820686681054,1.3491548390544081
2022-12-23,0.009299570562646263,1.3617013996801302
2022-12-27,-0.0005989507529844079,1.3608858076014518
2022-12-28,-0.010355416048431312,1.3467932688693334
2022-12-29,0.008140953994896871,1.3577574509118353
2022-12-30,-0.0011592949308257131,1.3561834095817025
2023-01-03,-0.007005305336275515,1.3466829307055914
2023-01-04,0.003408855747947032,1.3512735785545893
2023-01-05,-0.0028976236693311437,1.3473580962496279
2023-01-06,0.014399561573888208,1.366759462118651
2023-01-09,-0.0020995511369555344,1.3638898807360151
2023-01-10,0.0005075406782033272,1.3645821103310787
2023-01-11,0.0002176587401326883,1.3648791235540212
2023-01-12,0.009244898741398978,1.3774972928455274
2023-01-13,0.0017266305449220153,1.3798757217469018
2023-01-17,0.003137007468992189,1.3842044021923028
2023-01-18,-0.006808383399324363,1.3747802079191451
2023-01-19,0.0029584301156143486,1.3788473990886037
2023-01-20,0.006213015891638778,1.387414199891286
2023-01-23,0.0014688344537925032,1.3894520816697673
2023-01-24,0.00014860875351220443,1.3896585664116894
2023-01-25,0.000569210125020807,1.3904495741380127
2023-01-26,0.003641192336291695,1.3955124684713642
2023-01-27,-0.0036103611981345204,1.3904741644036822
2023-01-30,-0.007611860183229088,1.3798900694758491
2023-01-31,0.003176808784291894,1.384273716369917
2023-02-01,-0.003939890032699234,1.3788198301522636
2023-02-02,-0.006329103527654163,1.3700931367012474
2023-02-03,-0.002504365744816836,1.3666619223824843
2023-02-06,-0.005178532172246626,1.3595846196488421
2023-02-07,0.0031907715544439844,1.363922743579077
2023-02-08,-0.004347010723897256,1.3579937567861715
2023-02-09,-0.0022433809520466977,1.3549472594591991
2023-02-10,0.005937662821789316,1.3629924794271753
2023-02-13,0.002749305553903448,1.366739762220793
2023-02-14,0.004612152592459642,1.3730433745583372
2023-02-15,0.0009475284036304007,1.3743443721551478
2023-02-16,-0.0008438336221563203,1.373184654165502
2023-02-17,-0.00913754858362805,1.3606371126737722
2023-02-21,-0.005769832796563924,1.352786464036845
2023-02-22,-0.002656052623219839,1.3491933920003836
2023-02-23,0.00275954089435693,1.352916546340005
2023-02-24,-0.004003130648761692,1.3475006446481346
2023-02-27,0.005532615673537056,1.3549558478348163
2023-02-28,-0.003761218346998127,1.3498595630405674
2023-03-01,0.01134173751403611,1.365169315885385
2023-03-02,0.001632169621623132,1.367397503771145
2023-03-03,0.008984010210866906,1.3796822169073388
2023-03-06,-0.00020439262013625733,1.3794002200440698
2023-03-07,-0.010323733643507848,1.3651596595845388
2023-03-08,0.0011211824922266892,1.366690252693959
2023-03-09,-0.012011709727350797,1.3502739660913996
2023-03-10,-0.010189247176056213,1.3365156908955007
2023-03-13,-0.01256117514676602,1.3197274832157613
2023-03-14,0.005958886150486406,1.327591589037912
2023-03-15,-0.021600203142493418,1.2989153410244274
2023-03-16,0.009387302404144931,1.3111086521280066
2023-03-17,-0.01333322261699439,1.2936273485941163
2023-03-20,0.006361051843922542,1.3018561792252397
2023-03-21,0.013455939626979364,1.3193738773759045
2023-03-22,-0.0065004744332024895,1.3107973212181872
2023-03-23,-0.001660244026246251,1.3086210777960152
2023-03-24,0.00023724237856435296,1.308931538173151
2023-03-27,0.00756760401557787,1.3188370137375467
2023-03-28,0.005793339123950231,1.326477483807346
2023-03-29,0.008061696788132193,1.3371711430780855
2023-03-30,0.0018030728793017431,1.3395821601011544
2023-03-31,0.0011473004734557288,1.3411190633476713
2023-04-03,0.008591143172741107,1.3526408092325835
2023-04-04,-0.0031687294760501324,1.3483546564298599
2023-04-05,-0.006411981273198348,1.3397090316232019
2023-04-06,-0.0006907247184664453,1.338783661479507
2023-04-10,0.005182149415823614,1.345721438448757
2023-04-11,0.004720258530186542,1.35207359154785
2023-04-12,0.0012261542731364361,1.3537314423597213
2023-04-13,0.005398621596841299,1.3610397261607676
2023-04-14,-0.0053023011620588,1.3538230836391372
2023-04-17,0.00227642293787345,1.356904957560556
2023-04-18,9.177205639784072e-05,1.3570294835188477
2023-04-19,-0.00095323612813876,1.355735913988208
2023-04-20,-0.0009616032053780341,1.3544322339876707
2023-04-21,-0.002912818072941825,1.3504870192979364
2023-04-24,0.004023011902566672,1.3559200446508337
2023-04-25,-0.0108715729621234,1.3411790609546066
2023-04-26,-0.005239117831631594,1.3341524658209485
2023-04-27,0.007667870059079199,1.3443825735678634
2023-04-28,0.005174353271525588,1.3513388839355862
2023-05-01,-0.0011095853169535233,1.349839458151743
2023-05-02,-0.0061005837873847136,1.3416046494377702
2023-05-03,-0.001602045006868375,1.339455338407947
2023-05-04,-0.0027019031549520823,1.3358362598031852
2023-05-05,0.007673475828951113,1.3460867670542216
2023-05-08,0.002085504618209966,1.3488940372234246
2023-05-09,0.001957894948940693,1.3515350300455606
2023-05-10,0.0014730341753504447,1.353525887334001
2023-05-11,-0.005753818570855713,1.3457379449473248
2023-05-12,-0.0018909762209222247,1.3431931864938367
2023-05-15,0.004777514989894735,1.3496103120766354
2023-05-16,-0.007164726215864523,1.339940723692499
2023-05-17,0.0029892989500944194,1.3439462070910215
2023-05-18,-0.000178265601463238,1.3437066277120802
2023-05-19,-0.00269877630962505,1.3400802640981246
2023-05-22,-0.0020128966503724084,1.3373828210232914
2023-05-23,-0.006122383778775851,1.3291948501338449
2023-05-24,-0.003184497443231014,1.3249620325320377
2023-05-25,-0.0036063691175605575,1.320183730375974
2023-05-26,0.006438912706909413,1.3286842781729469
2023-05-30,-0.003276715775637603,1.324330557437816
2023-05-31,-0.00857176594161516,1.3129787058701303
2023-06-01,0.011532414649301074,1.3281205207319273
2023-06-02,0.014369252128764973,1.347204619351711
2023-06-05,-0.0007459240884653231,1.346199706974045
2023-06-06,0.00790307833488932,1.3568388287126658
2023-06-07,0.0009595418782818903,1.3581407723908947
2023-06-08,0.005341866838487909,1.365395779544928
2023-06-09,0.0001441700520396913,1.3655926287255198
2023-06-12,-0.0026085516508035623,1.3620304098195326
2023-06-13,0.0022109960980875444,1.3650418537411202
2023-06-14,0.002835332243396301,1.3689122009226178
2023-06-15,0.007760570990585708,1.3795357412377567
2023-06-16,-0.000624664773557144,1.3786739938563424
2023-06-20,-0.009866226859887922,1.365071683467128
2023-06-21,0.0013048531696568154,1.366852901580109
2023-06-22,-0.005945345873257855,1.358726488322349
2023-06-23,-0.005758696047172845,1.3509019954648582
2023-06-26,0.00440622478971751,1.3568543733257543
2023-06-27,0.006630780991075796,1.3658513775120606
2023-06-28,-0.002667635510147675,1.3622077838758253
2023-06-29,0.0044654208622586025,1.3682906149326755
2023-06-30,0.004943267421331435,1.3750544413523857
2023-07-03,0.006206194583114852,1.383588296777795
2023-07-05,-0.005394183532169201,1.3761249675720142
2023-07-06,-0.01032782268150059,1.3619125929193447
2023-07-07,0.010822832490104246,1.3766523447786745
2023-07-10,0.006847160367640377,1.3860785041538621
2023-07-11,0.008280345870883369,1.3975557135724528
2023-07-12,0.010261343689461041,1.4118965130745895
2023-07-13,0.006869892993950677,1.421596091037944
2023-07-14,-0.0037404490739868755,1.4162786832556378
2023-07-17,0.005708697288046488,1.4243637895338572
2023-07-18,0.0038845840278416005,1.4298968503605165
2023-07-19,-0.0001948680883902697,1.4296182090946914
2023-07-20,-0.007717124887581446,1.418585666833547
2023-07-21,-0.0016528481915313187,1.4162409600795889
2023-07-24,0.00375706602781645,1.4215618708779063
2023-07-25,0.0024836167669804333,1.4250924857757188
2023-07-26,0.005047033026247553,1.432284974616886
2023-07-27,-0.0018744890664961714,1.4296001720918599
2023-07-28,0.009987150437341061,1.4438778040757898
2023-07-31,0.002485147646249662,1.447466053602061
2023-08-01,-0.006416294998570537,1.4381786844017335
2023-08-02,-0.01595030011826096,1.4152393027618402
2023-08-03,-0.003777326504450152,1.4098934818333784
2023-08-04,0.004180639870611599,1.4157877387368465
2023-08-07,0.004822031663310564,1.4226147120415624
2023-08-08,-0.00753638631961113,1.4118933379876548
2023-08-09,-0.003092166215772394,1.4075275291076554
2023-08-10,0.0014994502939246611,1.409638046674883
2023-08-11,-0.00450063290804911,1.40329378329358
2023-08-14,0.0016207599278160994,1.4055681856244957
2023-08-15,-0.007117514124878655,1.3955640342098332
2023-08-16,-0.0069735197166236286,1.3858320409014602
2023-08-17,-0.010384261352003923,1.3714411987987585
2023-08-18,0.0024046688244095202,1.3747390606940206
2023-08-21,0.0026703390615539077,1.3784100801072359
2023-08-22,-0.001317390828679049,1.3765941753095439
2023-08-23,0.012338475585547523,1.3935792489328076
2023-08-24,-0.011023626785585638,1.3782169513964355
2023-08-25,0.002465761151110012,1.3816153052129903
2023-08-28,0.007021992617839676,1.3913169976868902
2023-08-29,0.011527485426626682,1.4073553841015438
2023-08-30,0.0036879427975893405,1.4125456302539896
2023-08-31,-0.007032332618296352,1.4026121395435225
2023-09-01,0.0038099547029929923,1.4079560282610515
2023-09-05,-0.009364526228536035,1.3947711871057755
2023-09-06,-0.005314383942940528,1.3873588375049446
2023-09-07,-0.004220734566343775,1.3815031641035649
2023-09-08,0.0005322601395587738,1.3822384831704915
2023-09-11,0.003939372717829862,1.387683635740628
2023-09-12,-0.00531780802898615,1.3803042005607937
2023-09-13,-0.0008410718916718003,1.3791432654957454
2023-09-14,0.006041935670941686,1.387475960386883
2023-09-15,-0.009723966577144917,1.373984190521489
2023-09-18,-0.0008954467285427376,1.372753860873017
2023-09-19,-0.0005574786020559423,1.3719885799696907
2023-09-20,-0.0029189437156624835,1.3679838225262275
2023-09-21,-0.011693273242118198,1.351987613898631
2023-09-22,0.001194496768135276,1.353602558733992
2023-09-25,0.0015206427898493357,1.3556609047052524
2023-09-26,-0.00952585139472899,1.3427470803853863
2023-09-27,0.0018167803658482207,1.3451865569173305
2023-09-28,0.005603898180275925,1.3527248454157712
2023-09-29,-0.00033590722334683894,1.3522704553689953
2023-10-02,-0.005035718697818843,1.3454608017523857
2023-10-03,-0.009477955315490482,1.3327085843946327
2023-10-04,0.0018274355107772884,1.3351440233872731
2023-10-05,-0.001913061892302016,1.3325898102353961
2023-10-06,0.008612663681334448,1.3440669580961269
2023-10-09,0.0009640798971928024,1.3453627460309086
2023-10-10,0.010210672628464108,1.3590998045971616
2023-10-11,0.002349776186299823,1.3622933849528087
2023-10-12,-0.007918486805477874,1.35150608275887
2023-10-13,-0.0028592977778778405,1.3476417244196492
2023-10-16,0.009343505149629365,1.3602334218116197
2023-10-17,0.0018921285260066238,1.3628071582710573
2023-10-18,-0.011315496934956967,1.3473863180487038
2023-10-19,-0.004794794922733552,1.3409258769719632
2023-10-20,-0.008179036095785026,1.3299583958224372
2023-10-23,0.0001139508296528678,1.330109945685045
2023-10-24,0.004681884036550882,1.3363373662066051
2023-10-25,-0.011825947284523831,1.3205339109595065
2023-10-26,-0.00037432723217846616,1.3200395991556193
2023-10-27,-0.0022831715272356437,1.3170257223280035
2023-10-30,0.007287957100417259,1.326624149292476
2023-10-31,0.0027043557982115987,1.3302118130026626
2023-11-01,0.009581976630206475,1.3429578715080788
2023-11-02,0.01042384325415703,1.3569566538576152
2023-11-03,0.006226507227158794,1.3654057542698008
2023-11-06,-0.0025008666486651386,1.361991056557052
2023-11-07,-0.0011723791550420485,1.3603942866329908
2023-11-08,-0.003114369812202422,1.3561575157340082
2023-11-09,-0.0008333086075825323,1.3550274180029094
2023-11-10,0.006235234633662425,1.3634763318892034
2023-11-13,0.000122713109562411,1.3636436483097043
2023-11-14,0.016190691808545772,1.3857219823561677
2023-11-15,-0.0016147166043008134,1.3834844340623127
2023-11-16,0.001079892054008942,1.3849784479095015
2023-11-17,0.005380219075768617,1.3924299353744727
2023-11-20,0.004481847453602944,1.3986705939346513
2023-11-21,-0.0025740562272157535,1.3950703371825104
2023-11-22,0.0009394699966065487,1.3963809639074491
2023-11-24,0.0013419348312629388,1.398254816160629
2023-11-27,-0.00023486238453641976,1.397926418700316
2023-11-28,0.0010577370584262977,1.3994050572783285
2023-11-29,-0.0015093540671281538,1.3972928595635659
2023-11-30,0.0035335588386803136,1.4022302760977015
2023-12-01,0.006842294856545034,1.4118247491035365
2023-12-04,0.0007409415274677566,1.412870828689654
2023-12-05,-0.0023873916183836824,1.4094977527153816
2023-12-06,-0.0036108714591623495,1.404408237508348
2023-12-07,0.0025246333293979764,1.4079538533528426
2023-12-08,0.0033983204251048457,1.4127385316902967
2023-12-11,-0.0025898328799360817,1.4090797749901727
2023-12-12,6.16399245593423e-05,1.4091666305612014
2023-12-13,0.00992643700448808,1.423154634348294
2023-12-14,0.012335197120067785,1.440709527295318
2023-12-15,-0.005082733967643701,1.4333867840434262
2023-12-18,0.005236861774017461,1.440893232500165
2023-12-19,0.002088592117221737,1.4439026707473233
2023-12-20,-0.010323021165695204,1.4289972329159948
2023-12-21,0.01347407855328756,1.4482516538847356
2023-12-22,0.001295828733106325,1.4501283399906084
2023-12-26,0.0029883793980051386,1.4544618736463
2023-12-27,0.0017348267877549013,1.4569851130664697
2023-12-28,-0.0026486738538006073,1.4531260346921138
2023-12-29,-0.0028021089473593665,1.4490542172286622
2024-01-02,-0.0057206837515829615,1.4407646363129996
2024-01-03,-0.00695442966350467,1.4307449399880958
2024-01-04,0.0021762496834506805,1.4338585982108436
2024-01-05,0.0010995409063477492,1.4354351843934947
2024-01-08,0.008835661476488349,1.4481182037542364
2024-01-09,-0.0005172590831561153,1.4473691514598608
2024-01-10,0.0029852950505373445,1.4516899754240145
2024-01-11,-0.0015046538434638898,1.4495056845229748
2024-01-12,0.0055267298653934906,1.4575167108796858
2024-01-16,-0.010827314460257927,1.4417357191199105
2024-01-17,-0.007132188861749936,1.4314529876824165
2024-01-18,0.0032522087516749587,1.4361083716165683
2024-01-19,0.007032679627449996,1.4462080617044466
2024-01-22,0.0014316309683920527,1.448278497952321
2024-01-23,-0.006061272756596316,1.4395000869487184
2024-01-24,0.0021585082153923077,1.4426072597124553
2024-01-25,0.002870163575791102,1.4467477785234537
2024-01-26,0.005378379471006326,1.4545289370751882
2024-01-29,0.006382853454103981,1.4638129821252928
2024-01-30,0.0017521808053997583,1.4663778471352678
2024-01-31,-0.004418341275307616,1.4598988893680733
2024-02-01,0.012435412028484657,1.4780533335772925
2024-02-02,0.002167741721630459,1.4812573714552828
2024-02-05,-0.008041068872046956,1.4693464789141837
2024-02-06,0.0031471446832671075,1.4739707248731757
2024-02-07,0.007967321918587362,1.4857143241368138
2024-02-08,-0.00108157596973179,1.4841074112259411
2024-02-09,0.0034117500983785825,1.4891708148321956
2024-02-12,0.003531464424296147,1.4944297685864756
2024-02-13,-0.018131045187542032,1.4673341949226262
2024-02-14,0.01651625049662254,1.4915690540482283
2024-02-15,0.0054390592078081825,1.499681786445731
2024-02-16,-0.003069720038924817,1.495078183213868
2024-02-20,-0.0021535655065343913,1.4918584344089265
2024-02-21,-0.0031722486143149027,1.4871258885576188
2024-02-22,0.009436152629396163,1.501158635421175
2024-02-23,-0.00015964372065778388,1.5009189848713187
2024-02-26,0.004202853758935642,1.5072271278687428
2024-02-27,0.0045312986030524765,1.5140568240477374
2024-02-28,-0.007716049215030647,1.502374287079032
2024-02-29,0.003414540199139023,1.5075042044764162
2024-03-01,0.011440820879123478,1.5247512900543563
2024-03-04,-0.0025200403251008975,1.5209088553176697
2024-03-05,-0.009619889809657113,1.506277879718982
2024-03-06,0.008966985754301963,1.5197846520084424
2024-03-07,0.011575398692780238,1.5373767652826085
2024-03-08,-0.008111255161337476,1.5249067100602895
2024-03-11,-0.005604552083949955,1.516360290980592
2024-03-12,0.006565764561637216,1.5263163556417862
2024-03-13,-0.005142091541670754,1.518467897219527
2024-03-14,-0.007043755462064499,1.5077721806745172
2024-03-15,4.105271904721495e-05,1.5078340788222377
2024-03-18,0.0015854501092010516,1.5102246745271635
2024-03-19,-0.00034995289909571997,1.5096961670240268
2024-03-20,0.0157814219234712,1.53352131921208
2024-03-21,0.009719795354356613,1.5484268326063644
2024-03-22,-0.005408302046546078,1.5400524725986524
2024-03-25,-0.0006876233007131566,1.5389934966341727
2024-03-26,-0.0009086623729750638,1.537595071151528
2024-03-27,0.0062912664739601465,1.5472684914731898
2024-03-28,0.004802048765391769,1.554698550222398
2024-04-01,0.002379564250546984,1.5583980553128847
2024-04-02,-0.00560451945957734,1.549663983086116
2024-04-03,0.006657403363578733,1.5599807212995302
2024-04-04,-0.012233063539090339,1.540897378016117
2024-04-05,0.008151459721526755,1.5534579409280218
2024-04-08,0.0036353791221687966,1.5591053494936389
2024-04-09,-0.004113894419124021,1.5526913546975305
2024-04-10,-0.009064459025375367,1.5386170475338201
2024-04-11,0.004714354654865057,1.545870633973916
2024-04-12,-0.016107103865302726,1.520971135110177
2024-04-15,-0.01224489693235163,1.502347000323671
2024-04-16,-0.005256883617313985,1.4944493369901486
2024-04-17,-0.004291527871857932,1.4880358660073758
2024-04-18,0.0008242056422287435,1.4892623135639778
2024-04-19,-0.003023151207367899,1.4847600484026393
2024-04-22,0.010494983359371716,1.500342580403285
2024-04-23,0.012875168058985297,1.5196597432720291
2024-04-24,-0.003058396981605831,1.515012020500138
2024-04-25,-0.0017761873764617156,1.512321075274138
2024-04-26,0.009539199215740899,1.5267474072893417
2024-04-29,0.0016463161916893945,1.5292609162665818
2024-04-30,-0.018410760291169018,1.5011060601145443
2024-05-01,-0.0004307650297545171,1.5004594361178945
2024-05-02,0.01090666174622184,1.516824439651559
2024-05-03,0.009326134663024267,1.5309705486359158
2024-05-06,0.011882728186392362,1.5491626555267284
2024-05-07,-0.0039061857883942825,1.5431113383777988
2024-05-08,-0.00205967554704759,1.5399330296877702
2024-05-09,0.0058865977887268195,1.5489979960551177
2024-05-10,-0.001535448407690021,1.5466195895485597
2024-05-13,-0.0012795960711083456,1.5446405411982742
2024-05-14,0.008070865982253978,1.5571071279970417
2024-05-15,0.012838984480828488,1.5770988022483832
2024-05-16,-0.0029067916271990142,1.572514504654742
2024-05-17,0.008477011566966957,1.5858447282999235
2024-05-20,0.006159522135777984,1.5956127740077937
2024-05-21,-0.0011598639737268829,1.5937620802352035
2024-05-22,-0.007175731985384417,1.5823256706989668
2024-05-23,-0.008805045410450955,1.5683932213143401
2024-05-24,0.009365906023442056,1.5830826448329738
2024-05-28,-0.0005089805215435203,1.5822768866027603
2024-05-29,-0.009837444504063606,1.566711325540743
2024-05-30,0.00019385913049140425,1.567015046836043
2024-05-31,0.0038010560163711216,1.5729713588075631
2024-06-03,0.002497333229945178,1.5768995924516653
2024-06-04,-0.012955474794499239,1.5564701095282016
2024-06-05,0.017087591867226356,1.5830664355133568
2024-06-06,0.004317467757729588,1.5899012738070295
2024-06-07,-0.010163821817546338,1.5737418005525647
2024-06-10,0.006157885682092823,1.5834327226534983
2024-06-11,-0.005738828317608739,1.574345674105706
2024-06-12,0.013841524224831925,1.5961370178920995
2024-06-13,-0.0033645042384451663,1.5907668081302624
2024-06-14,-0.0004875202520353184,1.5899912770950333
2024-06-17,0.006027225239678477,1.599574512651209
2024-06-18,0.003971390222358493,1.6059270472306861
2024-06-20,-0.0008349076003603418,1.604586246533329
2024-06-21,-0.006781614449532421,1.5937045612583176
2024-06-24,-0.0010141276911038452,1.592088341331307
2024-06-25,0.0005181721684209444,1.5929133171994523
2024-06-26,-0.0018561331508995095,1.5899566579848892
2024-06-27,0.0024547903771958233,1.5938596682890689
2024-06-28,-0.00031904916706148337,1.5933511486894885
2024-07-01,0.002171774736469159,1.5968115484605363
2024-07-02,0.0035455385966823186,1.6024731054372312
2024-07-03,0.00987732462034284,1.6183012524950036
2024-07-05,0.0040165296195836244,1.624801207409059
2024-07-08,-0.00039638063067841053,1.6241571676817392
2024-07-09,0.0003179139768333646,1.6246735099459195
2024-07-10,0.008219848463467305,1.6380280800002844
2024-07-11,0.00010786171041165777,1.6382047605106955
2024-07-12,0.0049162672210620335,1.646258612876182
2024-07-15,0.005491296260097419,1.6552987066402223
2024-07-16,0.010603394707237276,1.672850492185108
2024-07-17,-0.021229577660795956,1.6373365827463635
2024-07-18,-0.009276112525771648,1.622148464362246
2024-07-19,-0.007345960632510076,1.6102322256029542
2024-07-22,0.012410952388210411,1.6302167410888744
2024-07-23,-0.005417217170703026,1.6213855029670803
2024-07-24,-0.02095804431017357,1.5874044337520232
2024-07-25,-0.010195009874781315,1.5712208298746497
2024-07-26,0.013955793704975178,1.5931484636413404
2024-07-29,-0.002029118959226515,1.589915775888903
2024-07-30,-0.0033499629587905922,1.5845896169320783
2024-07-31,0.019712153020513302,1.6158252899357601
2024-08-01,-0.0253046585097543,1.574937382762511
2024-08-02,-0.020683081140513107,1.5423628250836068
2024-08-05,-0.03064714913253605,1.4950938015667898
2024-08-06,0.010935161249742373,1.511442893370413
2024-08-07,-0.007598385103846383,1.4999583682041127
2024-08-08,0.025222067659930843,1.5377904196540362
2024-08-09,0.0018931281891443282,1.5407016540464793
2024-08-12,0.0004124925335117916,1.5413371819751427
2024-08-13,0.011594809590948546,1.5592086931155937
2024-08-14,0.0002571418595578417,1.5596096309383802
2024-08-15,0.015885816125123936,1.5843853027624397
2024-08-16,0.00695181595187629,1.5953996577841019
2024-08-19,0.009298781163199675,1.6102349300696799
2024-08-20,-0.0036452424924214156,1.6043652332798086
2024-08-21,0.008374394889762568,1.6178008212906998
2024-08-22,-0.008860526959459634,1.6034662534986177
2024-08-23,0.01678542502990538,1.630381116084702
2024-08-26,-0.002887137081534247,1.6256739823074207
2024-08-27,-0.0007313215530672873,1.6244850918858984
2024-08-28,-0.00848773912230125,1.6106968862179032
2024-08-29,0.0009607858749674293,1.6122444210350353
2024-08-30,0.007210601554827634,1.6238696731641127
2024-09-03,-0.024241904297422585,1.5845039799557814
2024-09-04,0.0012825240628082106,1.5865361444376902
2024-09-05,-0.001695474431607638,1.5838462129699746
2024-09-06,-0.016817471247272134,1.5572099248232512
2024-09-09,0.011300048412833079,1.5748064723626982
2024-09-10,0.003400098610183648,1.5801609696606869
2024-09-11,0.005473087197539097,1.5888093284337876
2024-09-12,0.010071105726562387,1.6048103951597927
2024-09-13,0.011677454923504757,1.623550496210043
2024-09-16,0.003145578200862999,1.6286575012589215
2024-09-17,0.0006662460127607802,1.6297425878252885
2024-09-18,-0.004693555577582516,1.6220933004121774
2024-09-19,0.013668915648924253,1.6442655569101965
2024-09-20,0.0005571196747875035,1.6451816096025267
2024-09-23,0.0035664019439563556,1.6510489884931743
2024-09-24,0.00510539826153605,1.6594782511287383
2024-09-25,-0.002270363806602229,1.6557106317695318
2024-09-26,0.007123857834013068,1.667505678924522
2024-09-27,-0.0007735992358032243,1.6662156978056084
2024-09-30,-0.0017927156980292783,1.6632286467678494
2024-10-01,-0.004760263433890067,1.655311240258442
2024-10-02,0.0023526538372716736,1.6592056145997147
2024-10-03,-0.00364217330939911,1.6531625001954144
2024-10-04,0.006046620707077098,1.6631585468012593
2024-10-07,-0.00821628391181311,1.6494935639903818
2024-10-08,0.00039027390646873634,1.6501373182872954
2024-10-09,0.0018456051760487812,1.6531828202631176
2024-10-10,-0.002174289564139178,1.6495883221094052
2024-10-11,0.01048039536966742,1.6668766599222982
2024-10-14,0.006706608844314855,1.6780557496721151
2024-10-15,-0.006168026436887303,1.6677054574455668
2024-10-16,0.007948679074204924,1.6809615129171016
2024-10-17,-0.002581565820051762,1.6766220001305323
2024-10-18,0.009510269806122382,1.6925671277146543
2024-10-21,-0.006149432765134741,1.682158799962296
2024-10-22,-0.003935453426588717,1.675538742348918
2024-10-23,-0.006178445059595963,1.6651865182840908
2024-10-24,0.0007862759838845035,1.666495814452106
2024-10-25,-0.005777934238360505,1.6568669112276988
2024-10-28,0.007905298363585495,1.669964938509706
2024-10-29,-0.0006865863701713137,1.6688183633442613
2024-10-30,-0.0038929127425776553,1.6623217990725507
2024-10-31,-0.010042562872172806,1.6456278278915812
2024-11-01,2.9876597666465794e-05,1.645676993652104
2024-11-04,-0.002970562363514236,1.6407884075122598
2024-11-05,0.011887134711030504,1.6602926803446554
2024-11-06,0.017610666739318843,1.6895315414279355
2024-11-07,0.006835352032402588,1.701080084283443
2024-11-08,-0.0016082716046210057,1.6983442854867037
2024-11-11,0.006345574182930334,1.7091212551384154
2024-11-12,-0.007406720992069329,1.69646227085999
2024-11-13,-0.00826159618428441,1.6824467846362705
2024-11-14,-0.002437061206666191,1.6783465588451532
2024-11-15,-0.0038761890777458865,1.6718409702450852
2024-11-18,0.008597538175230167,1.686214686809681
2024-11-19,0.004949507094309746,1.6945606183645747
2024-11-20,0.0017747447738290657,1.6975680309659538
2024-11-21,0.005632919041947235,1.7071302942525828
2024-11-22,0.00866617195932511,1.7219245789395488
2024-11-25,0.0029102655780394275,1.7269358367696168
2024-11-26,-0.0032192056334802537,1.7213764751952292
2024-11-27,0.001756949406376004,1.724400846571473
2024-11-29,0.006017674483347363,1.7347777295449487
2024-12-02,-0.003627587377619337,1.7284846717502762
2024-12-03,0.0009872213817561882,1.7301910687762658
2024-12-04,0.005707931120558431,1.7400668802222459
2024-12-05,-0.0025252769258538406,1.7356727294801781
2024-12-06,0.0041205234399539084,1.74282460964609
2024-12-09,-0.009122352618956987,1.7269259490039022
2024-12-10,-0.004018539734220075,1.7199862284597742
2024-12-11,0.008157023286449213,1.7340161961776925
2024-12-12,-0.0046380508324057245,1.7259737409156055
2024-12-13,-0.0022063011194406873,1.7221657231188983
2024-12-16,0.005159546989926746,1.7310513180917715
2024-12-17,-0.006695510799760013,1.719461045296549
2024-12-18,-0.031704226840851446,1.66494686227246
2024-12-19,-0.00253901803072363,1.6607195321689534
2024-12-20,0.009565620830074471,1.6766053455187804
2024-12-23,0.000586114380942733,1.6775880280229543
2024-12-24,0.011195457011333895,1.6963693926734138
2024-12-26,0.0006967135299912194,1.6975512761811522
2024-12-27,-0.00874480726045702,1.6827065174562053
2024-12-30,-0.007657064394784038,1.6698219252945201
2024-12-31,-2.2293104754519476e-05,1.6697846997794181
2025-01-02,0.00343530893850372,1.6755209260839472
2025-01-03,0.012228710405097518,1.6960103862667086
2025-01-06,0.0041667746110193105,1.7030772792842297
2025-01-07,-0.008341482659043515,1.6888710896920691
2025-01-08,-0.0025794223621707045,1.6845147778364937
2025-01-10,-0.015290719328294983,1.6587573351642309
2025-01-13,-0.002888135135395413,1.6539666198234482
2025-01-14,0.009260471051412299,1.6692831298263255
2025-01-15,0.017632866613309553,1.6987173765944013
2025-01-16,0.0047527811807415565,1.7067910085732778
2025-01-17,0.007964262604213363,1.7203843403760655
2025-01-21,0.011210467310630733,1.7396706527855725
2025-01-22,0.0003722713989421312,1.7403182824131833
2025-01-23,0.0021458151476307797,1.7440526837452843
2025-01-24,0.0013227322333304572,1.7463595984467006
2025-01-27,-0.01569698882802812,1.718947011340163
2025-01-28,0.0029286592644011114,1.723981221429939
2025-01-29,-0.00012691355141755396,1.72376242485055
2025-01-30,0.011162923846919269,1.7430046535293378
2025-01-31,-0.003757480863539974,1.7364553468986401
2025-02-03,-0.006281410181611375,1.7255479586027176
2025-02-04,0.006546830676493912,1.7368448289118594
2025-02-05,0.005418639469774753,1.7462561648546755
2025-02-06,-0.0014241490226055676,1.7437692358442787
2025-02-07,-0.004374783058423991,1.7361406237335062
2025-02-10,0.006254219345931022,1.7469988280097168
2025-02-11,-0.00458079163390398,1.7389961903939297
2025-02-12,-0.0034294771800850218,1.733032342642719
2025-02-13,0.011790520875975848,1.7534656966573894
2025-02-14,-0.0010781997452725728,1.751575110389909
2025-02-18,0.0020349441786832474,1.7551394679643237
2025-02-19,-0.0006493039431226151,1.7539998489870445
2025-02-20,-0.0040744424479268,1.7468532775486745
2025-02-21,-0.01635567985666471,1.7182823045845228
2025-02-24,-0.005012933979427381,1.7096686688336222
2025-02-25,-0.007600498296315345,1.6966743350288884
2025-02-26,0.000863030930845115,1.6981386174595894
2025-02-27,-0.01094875331959629,1.679546116634544
2025-02-28,0.00960430655007658,1.695676992403693
2025-03-03,-0.009339597305725054,1.6798400521340595
2025-03-04,-0.00820946785780179,1.666049459219817
2025-03-05,0.014841528340628317,1.6907761794857161
2025-03-06,-0.014259788742106889,1.6666660683560632
2025-03-07,0.0022814559761973998,1.6704684936180396
2025-03-10,-0.02363885943023181,1.6309805237147716
2025-03-11,-0.0019221811685284117,1.6278454836658505
2025-03-12,0.004985101486043916,1.6359604586055227
2025-03-13,-0.008598467088866402,1.6218937064435164
2025-03-14,0.018191405787313313,1.6513982330013202
2025-03-17,0.011438259433875405,1.6702873544190326
2025-03-18,-0.005510161338581356,1.6610838016143914
2025-03-19,0.009723846983044517,1.6772359263273036
2025-03-20,-0.005069164918310202,1.6687337408098357
2025-03-21,-0.0019066811751062792,1.6655519975999689
2025-03-24,0.012167424966276845,1.685817476558199
2025-03-25,0.002496177082729508,1.6900255755088482
2025-03-26,-0.009172130791916323,1.6745244398885974
2025-03-27,0.0016058307486555691,1.6772134427235457
2025-03-28,-0.01607040708548277,1.6502599399297342
2025-03-31,0.0028823273507659767,1.6550165292904668
2025-04-01,0.0039914078827805845,1.6616223753116088
2025-04-02,0.006063602020746167,1.6716977921042653
2025-04-03,-0.029331900404100827,1.6226637189605078
2025-04-04,-0.04449571561673704,1.550462135580044
2025-04-07,-0.01111640845476622,1.5332265651872872
2025-04-08,-0.012344183833156002,1.5143001346087368
2025-04-09,0.05972117811094555,1.604735922661134
2025-04-10,-0.01854371171610235,1.5749781623308323
2025-04-11,0.015246872465633676,1.5989916535080486
2025-04-14,0.008216367406841054,1.6121295564137428
2025-04-15,0.002709495661403557,1.6164976144524663
2025-04-16,-0.005014704507684903,1.6083913565786097
2025-04-17,0.00562543521336102,1.6174392579527725
2025-04-21,-0.009102420633668902,1.602716645477477
2025-04-22,0.017327165229451838,1.630487181609658
2025-04-23,0.0070073084285202855,1.6419125081799455
2025-04-24,0.015690502746659472,1.6676749408993174
2025-04-25,-0.0005319184615039413,1.6667878738104656
2025-04-28,0.0028201375809997703,1.671488444932953
2025-04-29,0.003672272942759045,1.6776266067234145
2025-04-30,-0.002802280378820724,1.6729254266004059
2025-05-01,0.0003294799535508176,1.6734766219922563
2025-05-02,0.011618488504971944,1.6929198908882126
2025-05-05,0.0013616004827628882,1.6952249714289247
2025-05-06,0.001024983968644119,1.6969625498478844
2025-05-07,0.00025398889547612703,1.6973935594915848
2025-05-08,0.0017907923202061698,1.7004332388422896
2025-05-09,0.0018359496713411167,1.7035551486882796
2025-05-12,0.007250440232132829,1.715906673475986
2025-05-13,0.006350260834038408,1.7268031284194258
2025-05-14,-0.0012241126208853428,1.7246893269161432
2025-05-15,0.0038244796992130273,1.7312853662343834
2025-05-16,0.0026586241814823977,1.7358882033741008
2025-05-19,0.002810514486007472,1.7407669423157732
2025-05-20,0.002063276816737531,1.7443586263911963
2025-05-21,-0.004894610756711431,1.7358206698948997
2025-05-22,-0.003184934610863496,1.7302921945650993
2025-05-23,0.0008840769960338481,1.7318219060907314
2025-05-27,0.008377498412918719,1.7463302413604644
2025-05-28,-0.0025991352531414516,1.7417912928665173
2025-05-29,-6.202190056072641e-05,1.7416832636601536
2025-05-30,-0.002421807981703526,1.737465241230622
2025-06-02,0.004936542462231702,1.7460423121706083
2025-06-03,-0.00040814823435880417,1.7453296680837802
2025-06-04,0.0014852011366213293,1.747921833690597
2025-06-05,0.0007396110346277536,1.7492146159664614
2025-06-06,0.0006496319568797732,1.7503509616804345
2025-06-09,0.000760273289782237,1.7516817067643446
2025-06-10,0.001216269050894631,1.7538122230113002
2025-06-11,0.00025672139139873705,1.7542624641254436
2025-06-12,0.0002816426245292324,1.754756539209953
2025-06-13,-0.006755938033227758,1.7429015127676493
2025-06-16,0.00715071138483709,1.7553644984576466
2025-06-17,-0.0050797600918899,1.7464476679316612
2025-06-18,-0.0017863095569536586,1.7433279717717154
2025-06-20,8.582280735317704e-06,1.743342933501783
2025-06-23,0.006989996068167312,1.7555288937524278
2025-06-24,0.009031704844924245,1.7713843125675361
2025-06-25,-9.627118503431807e-05,1.7712137793006142
2025-06-26,0.005720351278016581,1.7813457443066771
2025-06-27,-0.0010935479276055968,1.7793977573596416
2025-06-30,0.00709043491786361,1.7920144613511924
2025-07-01,-0.001569980672395173,1.7892010332822184
2025-07-02,0.004698051266636684,1.7976067914628973
2025-07-03,0.005618829036432511,1.8077072366988574
2025-07-07,-0.004685708156951802,1.7992368481544767
2025-07-08,-0.0029572705359878285,1.793916018036166
2025-07-09,0.005120229550554642,1.803101279842928
2025-07-10,-0.002591148810577849,1.7984291761063116
2025-07-11,-0.0006418215241274381,1.7972749055514678
2025-07-14,0.0003668976747257545,1.7979343215351575
2025-07-15,-0.005441789918931267,1.7881503406693269
2025-07-16,0.006002509268495423,1.7988837296626579
2025-07-17,0.004315979412393615,1.8066476748051719
2025-07-18,-0.0003095158691261748,1.8060884886798998
2025-07-21,0.00388955435969533,1.8131133680350402
2025-07-22,0.0026355811525241536,1.8178919754552227
2025-07-23,0.006628887953099129,1.8299425776713534
2025-07-24,-0.002123923535086435,1.8260559195627806
2025-07-25,0.0018919668200490347,1.8295107567741473
2025-07-28,-0.0075935153309391115,1.8156183387944649
2025-07-29,0.001080601418074315,1.817580298546048
2025-07-30,-0.00562245765562293,1.8073610302817784
2025-07-31,-0.003733652702422597,1.8006129718868136
2025-08-01,-0.0018873737314251263,1.797214542263211
2025-08-04,0.01251025633111565,1.8196981568689325
2025-08-05,0.0005089373418711015,1.8206242692118972
2025-08-06,0.00829108426191103,1.8357192184372133
2025-08-07,0.004938911306456496,1.8447856728406322
2025-08-08,0.002515631516992663,1.8494264738213269
2025-08-11,-0.0028139970081510392,1.8442221932571985
2025-08-12,0.007875362802096325,1.8587461121167765
2025-08-13,0.004117824101609461,1.866400101656024
2025-08-14,-0.005097449321508402,1.8568862217241744
2025-08-15,0.0014452366334494159,1.8595698617159577
2025-08-18,0.0005413361373485453,1.8605765140820287
2025-08-19,-0.007021069451114001,1.847513277157547
2025-08-20,0.0029388732376965008,1.8529428844840743
2025-08-21,0.0005324022480342121,1.8539293954412526
2025-08-22,0.010023112530727513,1.8725115383957838
2025-08-25,-0.003893021595020722,1.8652218105398835
2025-08-26,0.004392083496181358,1.873414020470673
2025-08-27,-0.003125002943294569,1.867559596142693
2025-08-28,0.0011377596899929323,1.8696844301698434
2025-08-29,-0.0019036228000627433,1.8661252562596498
2025-09-02,-0.0015823272360500145,1.8631724354407893
2025-09-03,0.0004898971616857117,1.8640851983286428
2025-09-04,0.0014109793364649678,1.8667153840248947
2025-09-05,0.007006903099897975,1.879795277835846
2025-09-08,0.007997765009246075,1.8948294387334674
2025-09-09,-0.0017190293821790427,1.8915721712540667
2025-09-10,0.004488265245685703,1.9000620488900126
2025-09-11,0.011482671462143483,1.9218798371551038
2025-09-12,0.0006042071823557258,1.9230410507563376
2025-09-15,0.005561258598923565,1.9337355793359392
2025-09-16,-0.002460689472717524,1.928977256552848
2025-09-17,-0.00519056395839478,1.9189647767284215
2025-09-18,0.001430942884416529,1.9217107057211271
2025-09-19,0.006056822141294541,1.9333501656727015
2025-09-22,0.006544586444196466,1.946003142958848
2025-09-23,-0.0022475200009604863,1.941629461973116
2025-09-24,-0.008053880971685764,1.9259918093952662
2025-09-25,-0.0004631311069525512,1.9250998226765994
2025-09-26,0.010246200581493774,1.944824781599142
2025-09-29,0.006820873487363993,1.95809018538952
2025-09-30,0.006364354570705777,1.9705521656107579
2025-10-01,0.00281101751289822,1.976091422258369
2025-10-02,0.0012057038799642556,1.9784740033533499
2025-10-03,0.0038375610355750518,1.9860665180985166
2025-10-06,0.004529755138969918,1.9950629131152098
2025-10-07,-0.004916871852689987,1.985253444433368
2025-10-08,0.012416054105118033,2.0099024586118244
2025-10-09,-0.009130852944744085,1.99155033482896
2025-10-10,-0.014240451649317098,1.963189758578647
2025-10-13,0.023269304513993123,2.0088718188897663
2025-10-14,-0.0006283704014886295,2.0076095032983914
2025-10-15,0.008353907128004967,2.0243808866382462
2025-10-16,0.005117558944616044,2.0347407751519713
2025-10-17,-0.014424034645734019,2.0053916037160913
2025-10-20,0.013288244625864035,2.032039737916924
2025-10-21,-0.026135096531175413,1.978932183211281
2025-10-22,-0.0023902164110028695,1.9742021070307076
2025-10-23,0.010881856200910062,1.9956850904709496
2025-10-24,0.0012978480870715022,1.9982751865480146
2025-10-27,-0.0034144376539312596,1.9914522005081485
2025-10-28,0.005188645994113873,2.0017851409907848
2025-10-29,0.001178336219289365,2.0041439169256496
2025-10-30,0.0004063203811982663,2.0049582414459515
2025-10-31,-0.00400813962474381,1.9969220888724553
2025-11-03,-0.0006123297975661402,1.9956993139740207
2025-11-04,-0.017830129620570137,1.9601157365221809
2025-11-05,0.010946615655783328,1.981572370130742
2025-11-06,-0.00031710954563953707,1.980943994616798
2025-11-07,0.005829557751954384,1.9924920220368039
2025-11-10,0.017379326003647107,2.027120190447447
2025-11-11,0.0030232877395542893,2.0332487580658296
2025-11-12,0.007512561029332895,2.0485236634486146
2025-11-13,-0.015765601098288406,2.016227456530279
2025-11-14,-0.004920214851349182,2.0063071842549607
2025-11-17,-0.012541867828945383,1.9811443447257713
2025-11-18,-0.0018597941720269171,1.9774598240195063
2025-11-19,0.0019923472019540097,1.981399610566868
2025-11-20,-0.018382978418154356,1.9449755842880778
2025-11-21,0.0029231788520058086,1.9506610957837365
2025-11-24,0.016717819596673667,1.9832718960772988
2025-11-25,0.0067430319650483165,1.99664516186793
2025-11-26,0.012640999959725082,2.0218847532786874
2025-11-28,0.011899790910672102,2.04594475908818
2025-12-01,-0.002857225248062894,2.040099034066371
2025-12-02,0.00042655564092945617,2.0409692498174072
2025-12-03,0.0028471637392514957,2.046780223458415
2025-12-04,0.0018836304971753949,2.0506356011083366
2025-12-05,-9.830871530723998e-05,2.0504340057568284
2025-12-08,-0.005888489323372945,2.0383600470056487
2025-12-09,0.009503104788710763,2.057730796129465
2025-12-10,0.00758298323604038,2.0733345342607987
2025-12-11,0.01635930870616319,2.10725285395792
2025-12-12,-0.007237169578783327,2.0920023077084515
2025-12-15,0.0026089261542200275,2.0974601872437204
2025-12-16,-0.003655576651662468,2.0897927607554405
2025-12-17,0.0011498459724119984,2.092195700544571
2025-12-18,0.004098445619692216,2.100770450849007
2025-12-19,0.01289180831014561,2.1278531808049705
2025-12-22,0.016384129237136225,2.162716202316931
2025-12-23,0.0053377181425008115,2.174260171827118
2025-12-24,0.00016367155487901405,2.1746160363701525
2025-12-26,0.01047177131549426,2.1973881182020274
2025-12-29,-0.020632420006074702,2.152050683630925
2025-12-30,0.0028284691245518147,2.158137692544046
2025-12-31,-0.010097839519063376,2.1363451644646947
2026-01-02,0.014128076907484811,2.166527613249185
2026-01-05,0.0160481711029298,2.20129641908583
2026-01-06,0.01656442783760493,2.2377596347689557
2026-01-07,-0.004792434293857044,2.22703531875388
2026-01-08,4.666156779874395e-05,2.227139235713396
2026-01-09,0.010440001966544486,2.250390573714012
2026-01-12,0.01823565033180327,2.2914279093262473
2026-01-13,0.00014377542420952069,2.2917573603459562
2026-01-14,0.011883306377410117,2.318991015201632
2026-01-15,-0.0008501601213556211,2.3170195015187254
2026-01-16,-6.008667199539447e-05,2.316880279527931
2026-01-20,0.0106864066836194,2.341639404432224
2026-01-21,0.006470870375512575,2.3567918494844973
2026-01-22,0.016772701417880658,2.3963216154799953
2026-01-23,0.006946786805517798,2.4129683508601887
2026-01-26,0.004979138459860651,2.4249828543783836
2026-01-27,0.01480117678631991,2.4608754543098326
2026-01-28,0.007142238871895372,2.4784516146384976
2026-01-29,-0.005687236818896337,2.4643560733618726
2026-01-30,-0.056486956829504435,2.3251520982333536
2026-02-02,-0.004219954388015137,2.315340062433611
2026-02-03,0.023850702410395653,2.370562549241582
2026-02-04,-0.005237992410026817,2.3581455606011605
2026-02-05,-0.030984170316211743,2.2850803769210755
2026-02-06,0.03032292928771945,2.3543707076072082
2026-02-09,0.02007249988063576,2.4016288133546264
2026-02-10,-0.00766330236538019,2.383224405588481
2026-02-11,0.007998512853618037,2.402286656629636
2026-02-12,-0.023984108278335445,2.344669953341431
2026-02-13,0.009962295637211495,2.368028248588305
2026-02-17,-0.006885808570713723,2.3517224593784833
2026-02-18,0.01292949017819104,2.382129031818849
2026-02-19,0.0012679289293732559,2.385149402131792
2026-02-20,0.011223764481230287,2.4119197572738664
2026-02-23,0.00891157187002469,2.4334137535355453
2026-02-24,0.003928742038913614,2.442974008447131
2026-02-25,0.001261832402000018,2.4460566322082333
2026-02-26,0.0004914213310519585,2.4472586766142617
2026-02-27,0.0027977351003917825,2.4541054581135637
2026-03-02,-0.002106901709210439,2.4489348991292816
2026-03-03,-0.03778852355009229,2.3563932650208916
2026-03-04,0.008541844661992233,2.376521210253265
2026-03-05,-0.019105966378182886,2.3311154759131276
2026-03-06,-0.0012485770823723995,2.328204898553539
2026-03-09,0.01001467002107787,2.35152110235401
2026-03-10,0.001405130042436752,2.3548252953003517
2026-03-11,-0.0009975065621148171,2.3524763416156556
2026-03-12,-0.023364177238429745,2.2975126674209347
2026-03-13,-0.0122630058268678,2.2693382561930493
2026-03-16,0.014259261626869546,2.30169734410797
2026-03-17,0.006673710877900646,2.3170582067109784
2026-03-18,-0.018114281416693617,2.2750863622957564
2026-03-19,-0.0065312857151534195,2.260227123236954
2026-03-20,-0.02716577223454925,2.1988263080087482
2026-03-23,0.015309331380253241,2.2324888686056727
2026-03-24,-0.0011779513395952018,2.229859105352267
2026-03-25,0.017176205830317627,2.2681596243184052
2026-03-26,-0.02299197528599625,2.2160101542913817
2026-03-27,0.0007498247738130952,2.2176717736040907
2026-03-30,-0.01126301059259327,2.192694112927093
2026-03-31,0.039506205104664446,2.279319136284181
2026-04-01,0.010598903569470311,2.303477420013705
2026-04-02,-0.004966936562403153,2.292036193795569
2026-04-06,0.002867833040763503,2.2986093709227613
2026-04-07,0.002233720877017604,2.3037438226626996
2026-04-08,0.022605496702160284,2.3558210960485235
2026-04-09,0.0017772985091881596,2.360008093370445
2026-04-10,0.00033097678141408125,2.3607892012533
2026-04-13,0.004284071324604736,2.3709029905738257
2026-04-14,0.009981332255245775,2.394567761067699
2026-04-15,-0.0036015692154781863,2.385943559535061
2026-04-16,-0.0015177141677963244,2.3823223791911925
2026-04-17,0.011071093078136434,2.4086972919933456
2026-04-20,-0.0046544815994311395,2.3974860547691628
2026-04-21,-0.01415032782398426,2.3635608411407483
2026-04-22,0.01145011248017616,2.39062387862555
2026-04-23,-0.009918505244397153,2.366912463148021
2026-04-24,0.0038253480171356272,2.3759667270456575
2026-04-27,0.0006731128619641958,2.3775660208092306
2026-04-28,-0.00796297667713003,2.35863351803719
2026-04-29,-0.005610674247845649,2.345399993697433
2026-04-30,0.016868858808645474,2.3849642150409127
2026-05-01,-0.000982030380628277,2.382622107725031
2026-05-04,-0.0029222147648589403,2.3756595742227575
2026-05-05,0.008551032951342368,2.3959739175231083
2026-05-06,0.017529880114017835,2.4379750530536017
2026-05-07,-0.012381113396539732,2.4077902074638105
2026-05-08,0.01050391437743279,2.4330814296418315
2026-05-11,0.009580726584897857,2.4563921175780226
2026-05-12,-0.006268172194406251,2.4409950288080613
2026-05-13,0.0039726176806783395,2.4506921688179517
2026-05-14,-0.0027927962009309114,2.443847885039226
2026-05-15,-0.023013375217563165,2.38760669668617
2026-05-18,0.0016497690993577598,2.3915456964357826
2026-05-19,-0.009446925994052982,2.368952941230158
2026-05-20,0.015195377667124968,2.404950075847797
2026-05-21,0.0030897220173783206,2.4123807030478392
2026-05-22,-0.00010663753825928697,2.412123452708322
2026-05-26,0.01553402619386587,2.4495934416055314
2026-05-27,-0.006950436211908332,2.432567698644543
2026-05-28,0.008175703225101036,2.452455650223628
2026-05-29,4.748000250479266e-05,2.4525720928240435
2026-06-01,-0.0027121411978281514,2.445920371010452
2026-06-02,0.00292433815653476,2.453073069279243
2026-06-03,-0.00828239105270836,2.432755758838605
2026-06-04,0.0001962590770914619,2.4332332092386237
2026-06-05,-0.04146970322434212,2.332327750175885
2026-06-08,0.008851234909401021,2.3529717309784064
2026-06-09,-0.004219896192607399,2.3430424345295378
2026-06-10,-0.017065982335311335,2.303056113730972
2026-06-11,0.033577968943967584,2.380388060394045
2026-06-12,0.005377828330456545,2.3931893787427128
2026-06-15,0.007554354073501185,2.4112683786746776
2026-06-16,-0.011959941868642347,2.382429749036033
2026-06-17,-0.005501157796596219,2.3693236270472804
2026-06-18,0.009078286584543679,2.390833025945146
2026-06-22,0.0010516039661930424,2.393347235437735
2026-06-23,-0.020712952677470406,2.3437739474093586
2026-06-24,-0.004394252709797488,2.3334748123898024
2026-06-25,0.006016169816727251,2.3475133931241947
2026-06-26,-0.006896190541626454,2.33132449346619
2026-06-29,0.008130682834556875,2.3502797535069977
2026-06-30,0.008403394303023675,2.3700300809981303
2026-07-01,-0.003808108125209959,2.3610047501896894
