RebalanceDate,ANGL,ARKF,ARKG,ARKK,ARKQ,ARKW,AVDE,AVDV,AVEM,AVUS,AVUV,BBCA,BBJP,BKLN,BLOK,BLV,BND,BNDX,BOTZ,CIBR,DIA,DIV,DIVO,DSI,DVYE,EAGG,EBND,ECH,EEMV,EFAV,EFG,EFV,EIDO,EIS,EMXC,EPOL,ESGD,ESGE,ESGU,EWA,EWD,EWG,EWH,EWI,EWL,EWM,EWN,EWP,EWQ,EWS,EWT,EWU,EWW,EWY,EZA,FDN,FEZ,FNDA,FNDC,FNDE,FNDF,FTCS,GDX,GDXJ,GLDM,GNR,GOVT,GSIE,GSLC,HEFA,HYD,IBB,ICLN,ICVT,IGV,IHI,INDA,IXC,IXN,JEPI,JETS,JMOM,JQUA,KBE,KCE,KIE,KOMP,KSA,LIT,LQD,MCHI,MGC,MLPA,MOAT,OIH,PAVE,PBW,PFFD,PHO,PICK,PKW,QCLN,QQQJ,QQQM,QTEC,QYLD,REM,RSP,RYLD,SCHA,SCHP,SCZ,SDIV,SHYG,SLV,SLVP,SMH,SMIN,SPY,SPYD,SPYX,SUSB,SUSC,TAN,TDIV,THD,TMFC,TUR,UAE,URA,USHY,USMV,VBK,VBR,VCLT,VEA,VGIT,VGK,VGLT,VIG,VIGI,VMBS,VNQ,VNQI,VO,VOE,VOT,VPL,VSGX,VT,VTI,VTV,VUG,VWO,VWOB,VXUS,VYMI,WCLD,XAR,XBI,XHB,XLB,XLC,XLE,XLF,XLI,XLK,XLP,XLU,XLV,XLY,XME,XOP,XRT,XSOE,XT,XYLD,SGOV
2020-10-01,0.0,0.0,0.0954853334695683,0.0,0.0,0.0954853334695683,0.0,0.0,0.0,0.0,0.0,0.0,0.0,0.0,0.0,0.0,0.0,0.0,0.0954853334695683,0.0,0.0,0.0,0.0,0.0,0.0,0.0,0.0,0.0,0.0,0.0,0.0,0.0,0.0,0.0,0.0,0.0,0.0,0.0,0.0,0.0,0.0,0.0,0.0,0.0,0.0,0.0,0.0,0.0,0.0,0.0,0.09371708626024484,0.0,0.0,0.0,0.0,0.0,0.0,0.0,0.0,0.0,0.0,0.0,0.0,0.0,0.0,0.0,0.0,0.0,0.0,0.0,0.0,0.0,0.0,0.0,0.0,0.0,0.0,0.0,0.0,0.0,0.0,0.0,0.0,0.0,0.0,0.0,0.0,0.0,0.0954853334695683,0.0,0.0,0.0,0.0,0.0,0.0,0.0,0.0,0.0954853334695683,0.0,0.0,0.0,0.0,0.0,0.0,0.0,0.0,0.0,0.0,0.0,0.0,0.0,0.0,0.0,0.0,0.0,0.0,0.08876599491121248,0.0,0.0,0.0,0.0,0.0,0.0,0.0954853334695683,0.0,0.0,0.0,0.0,0.0,0.0,0.0,0.0,0.0,0.0,0.0,0.0,0.0,0.0,0.0,0.0,0.0,0.0,0.0,0.0,0.0,0.0,0.0,0.0,0.0,0.0,0.0,0.0,0.0,0.0,0.0,0.0,0.0,0.0,0.0,0.0,0.040316030257535475,0.0,0.0,0.0,0.0,0.0,0.0,0.0,0.0,0.0,0.0,0.0,0.0,0.0,0.0,0.0,0.0,0.20428888775359744
2020-11-02,0.0,0.0458759276526675,0.09801117005676988,0.0,0.0,0.052135242404102375,0.0,0.0,0.0,0.0,0.0,0.0,0.0,0.0,0.0,0.0,0.0,0.0458759276526675,0.09801117005676989,0.0,0.0,0.0,0.0,0.0,0.0,0.0,0.0,0.0,0.0,0.0,0.0,0.0,0.0,0.0,0.0,0.0,0.0,0.0,0.0,0.0,0.0,0.0,0.0,0.0,0.0,0.0,0.0,0.0,0.0,0.0,0.051169774792075476,0.0,0.0,0.0,0.0,0.0,0.0,0.0,0.0,0.0,0.0,0.0,0.0,0.0,0.0,0.0,0.0,0.0,0.0,0.0,0.0,0.0,0.0,0.0,0.0,0.0,0.0,0.0,0.0,0.0,0.0,0.0,0.0,0.0,0.0,0.0,0.0,0.0,0.09801117005676988,0.0,0.0458759276526675,0.0,0.0,0.0,0.0,0.0,0.0,0.052135242404102375,0.0,0.0,0.0,0.0458759276526675,0.0,0.0,0.0,0.0,0.0,0.0,0.0,0.0,0.0,0.0,0.0,0.0,0.0,0.0,0.04846646593544439,0.0,0.0,0.0,0.0,0.0,0.0,0.09801117005676988,0.0,0.0,0.0,0.0,0.0,0.0,0.0,0.0,0.0,0.0,0.0,0.0,0.0,0.0,0.0,0.0,0.0,0.0,0.0,0.0,0.0,0.0,0.0,0.0,0.0,0.0,0.0,0.0,0.0,0.0,0.0,0.0,0.0,0.0,0.0,0.0,0.02201265821538572,0.0,0.0,0.0,0.0,0.0,0.0,0.0,0.0,0.0,0.0,0.0,0.0,0.0,0.0,0.0,0.0,0.1985322254111402
2020-12-01,0.0,0.026988422939318177,0.091604253121551,0.0,0.03394510494483316,0.06461583018223283,0.0,0.0,0.0,0.0,0.0,0.0,0.0,0.0,0.03394510494483315,0.0,0.0,0.026988422939318177,0.09160425312155102,0.0,0.0,0.0,0.0,0.0,0.0,0.0,0.0,0.0,0.0,0.0,0.0,0.0,0.0,0.0,0.0,0.0,0.0,0.0,0.0,0.0,0.0,0.0,0.0,0.0,0.0,0.0,0.0,0.0,0.0,0.0,0.030102748749929548,0.0,0.0,0.0,0.0,0.0,0.0,0.0,0.0,0.0,0.0,0.0,0.0,0.0,0.0,0.0,0.0,0.0,0.0,0.0,0.0,0.0,0.0,0.0,0.0,0.0,0.0,0.0,0.0,0.0,0.0,0.0,0.0,0.0,0.0,0.0,0.0,0.0,0.091604253121551,0.0,0.026988422939318177,0.0,0.0,0.0,0.0,0.0,0.0,0.030670725237399665,0.0,0.0,0.0,0.06093352788415133,0.0,0.0,0.0,0.0,0.0,0.0,0.0,0.0,0.0,0.0,0.0,0.0,0.0,0.0,0.028512414853888488,0.0,0.0,0.0,0.0,0.0,0.0,0.05765914817671784,0.0,0.0,0.0,0.0,0.0,0.0,0.0,0.0,0.0,0.0,0.0,0.0,0.0,0.0,0.0,0.0,0.0,0.0,0.0,0.0,0.0,0.0,0.0,0.0,0.0,0.0,0.0,0.0,0.0,0.0,0.0,0.0,0.0,0.0,0.0,0.0,0.0,0.0,0.0,0.0,0.0,0.0,0.0,0.0,0.0,0.0,0.0,0.0,0.0,0.03394510494483316,0.0,0.0,0.0,0.2698922618985733
2021-01-04,0.0,0.053194859154973885,0.07359582460996696,0.0,0.027271855888306207,0.05191304053108685,0.0,0.0,0.0,0.0,0.0,0.0,0.0,0.0,0.060321870883452366,0.0,0.0,0.0,0.07359582460996696,0.0,0.0,0.0,0.0,0.0,0.0,0.0,0.0,0.0,0.0,0.0,0.0,0.0,0.0,0.0,0.0,0.0,0.0,0.0,0.0,0.0,0.0,0.0,0.0,0.0,0.0,0.0,0.0,0.0,0.0,0.0,0.057234881328132065,0.0,0.0,0.03305001499514616,0.0,0.0,0.0,0.0,0.0,0.0,0.0,0.0,0.0,0.0,0.0,0.0,0.0,0.0,0.0,0.0,0.0,0.0,0.03305001499514616,0.0,0.0,0.0,0.0,0.0,0.0,0.0,0.0,0.0,0.0,0.0,0.0,0.0,0.0,0.0,0.10664583960511312,0.0,0.0,0.0,0.0,0.0,0.0,0.0,0.0,0.024641184642780634,0.0,0.0,0.0,0.048954639967186304,0.0,0.0,0.0,0.0,0.0,0.0,0.0,0.0,0.0,0.0,0.0,0.0,0.0,0.0,0.0,0.0,0.0,0.0,0.0,0.0,0.0,0.046323968721660745,0.0,0.0,0.0,0.0,0.0,0.03305001499514616,0.0,0.0,0.0,0.0,0.0,0.0,0.0,0.0,0.0,0.0,0.0,0.0,0.0,0.0,0.0,0.0,0.0,0.0,0.0,0.0,0.0,0.0,0.0,0.0,0.0,0.0,0.0,0.0,0.0,0.0,0.0,0.0,0.0,0.0,0.0,0.0,0.0,0.0,0.0,0.0,0.0,0.0,0.0,0.060321870883452366,0.0,0.0,0.0,0.21683429418848313
2021-02-01,0.0,0.07989644629320747,0.04823716538469717,0.0,0.0,0.03402554336460811,0.0,0.0,0.0,0.0,0.0,0.0,0.0,0.0,0.08456772819360393,0.0,0.0,0.0,0.04823716538469717,0.0,0.0,0.0,0.0,0.0,0.0,0.0,0.0,0.0,0.0,0.0,0.0,0.0,0.0,0.0,0.0,0.0,0.0,0.0,0.0,0.0,0.0,0.0,0.0,0.0,0.0,0.0,0.0,0.0,0.0,0.0,0.08254441197274523,0.0,0.0,0.0666928415433945,0.0,0.0,0.0,0.0,0.0,0.0,0.0,0.0,0.0,0.0,0.0,0.0,0.0,0.0,0.0,0.0,0.0,0.0,0.021662085420423183,0.0,0.0,0.0,0.0,0.0,0.0,0.0,0.0,0.0,0.0,0.0,0.0,0.0,0.0,0.0,0.11493000692809167,0.0,0.0,0.0,0.0,0.0,0.0,0.0,0.0,0.0,0.0,0.0,0.0,0.07711726479326982,0.0,0.0,0.0,0.0,0.0,0.0,0.0,0.0,0.0,0.0,0.0,0.0,0.0,0.0,0.0,0.0,0.0,0.0,0.0,0.0,0.0,0.030362278734487724,0.0,0.0,0.0,0.0,0.04463573973113406,0.021662085420423183,0.0,0.0,0.0,0.0,0.0,0.0,0.0,0.0,0.0,0.0,0.0,0.0,0.0,0.0,0.0,0.0,0.0,0.0,0.0,0.0,0.0,0.0,0.0,0.0,0.0,0.0,0.0,0.0,0.0,0.0,0.0,0.0,0.0,0.0,0.0,0.0,0.0,0.0,0.0,0.0,0.0,0.0,0.0,0.08456772819360393,0.0,0.0,0.0,0.16086150864161275
2021-03-01,0.0,0.0631550958613553,0.03812964087001697,0.0,0.0,0.06022671222186945,0.0,0.0,0.0,0.0,0.0,0.0,0.0,0.0,0.0668475661763965,0.0,0.0,0.0,0.03812964087001697,0.0,0.0,0.0,0.0,0.0,0.0,0.0,0.0,0.0,0.0,0.0,0.0,0.0,0.0,0.0,0.0,0.0,0.0,0.0,0.0,0.0,0.0,0.0,0.0,0.0,0.0,0.0,0.0,0.0,0.0,0.0,0.09857902875402427,0.0,0.0,0.08604896644881534,0.0,0.0,0.0,0.0,0.0,0.0,0.0,0.0,0.0,0.0,0.0,0.0,0.0,0.0,0.0,0.0,0.0,0.0,0.0,0.0,0.0,0.0,0.0,0.0,0.0,0.0,0.0,0.0,0.0,0.03333081693961309,0.0,0.0,0.03333081693961309,0.0,0.09084779037921921,0.0,0.0,0.0,0.0,0.0,0.0,0.0,0.0,0.0,0.0,0.03333081693961309,0.0,0.060958258803039345,0.0,0.0,0.0,0.0,0.0,0.0,0.0,0.03333081693961309,0.0,0.0,0.0,0.0,0.0,0.0,0.0,0.0,0.0,0.0,0.0,0.0,0.0,0.0,0.0,0.0,0.0,0.0,0.03528285114480663,0.0,0.0,0.0,0.0,0.0,0.0,0.0,0.0,0.0,0.0,0.0,0.0,0.0,0.0,0.0,0.0,0.0,0.0,0.0,0.0,0.0,0.0,0.0,0.0,0.0,0.0,0.0,0.0,0.0,0.0,0.0,0.0,0.0,0.0,0.0,0.0,0.0,0.0,0.0,0.0,0.0,0.0,0.0,0.0,0.0668475661763965,0.0,0.0,0.0,0.1616236145355912
2021-04-01,0.0,0.06044468451917074,0.036493240676525124,0.0,0.0,0.05764197758276764,0.0,0.0,0.0,0.0,0.0,0.0,0.0,0.0,0.06397868601572518,0.0,0.0,0.0,0.036493240676525124,0.0,0.0,0.0,0.0,0.0,0.0,0.0,0.0,0.0,0.0,0.0,0.0,0.0,0.0,0.0,0.0,0.0,0.0,0.0,0.0,0.0,0.0,0.0,0.0,0.0,0.0,0.0,0.0,0.0,0.0,0.0,0.09434833740612404,0.0,0.0,0.08235602462891636,0.0,0.0,0.0,0.0,0.0,0.0,0.0,0.0,0.0,0.0,0.0,0.0,0.0,0.0,0.0,0.0,0.0,0.0,0.0,0.0,0.0,0.0,0.0,0.0,0.0,0.0,0.0,0.0,0.0,0.031900366664060834,0.0,0.0,0.031900366664060834,0.0,0.08694889864138065,0.0,0.0,0.0,0.0,0.0,0.0,0.0,0.0,0.0,0.0,0.062317631776815624,0.0,0.05834212856356837,0.0,0.0,0.0,0.0,0.0,0.0,0.0,0.031900366664060834,0.0,0.0,0.0,0.0,0.0,0.0,0.0,0.0,0.0,0.0,0.0,0.0,0.0,0.0,0.0,0.0,0.0,0.0,0.03376862590892966,0.0,0.0,0.0,0.0,0.0,0.0,0.0,0.0,0.0,0.0,0.0,0.0,0.0,0.0,0.0,0.0,0.0,0.0,0.0,0.0,0.0,0.0,0.0,0.0,0.0,0.0,0.0,0.0,0.0,0.0,0.0,0.0,0.0,0.0,0.0,0.0,0.0,0.0,0.0,0.0,0.0,0.0,0.0,0.0,0.06397868601572518,0.0,0.0,0.0,0.16718673759564395
2021-05-03,0.0,0.05228916699707564,0.03156937903107241,0.0,0.0,0.04986461615017754,0.0,0.0,0.0,0.0,0.0,0.0,0.0,0.0,0.055346342262216484,0.0,0.0,0.0,0.0,0.0,0.0,0.0,0.0,0.0,0.0,0.0,0.0,0.0,0.0,0.0,0.0,0.0,0.0,0.0,0.0,0.0,0.0,0.0,0.0,0.0,0.0,0.0,0.0,0.0,0.0,0.0,0.0,0.0,0.0,0.0,0.11378402600131397,0.0,0.0,0.07124411284950755,0.0,0.0,0.0,0.0,0.0,0.0,0.0,0.0,0.0,0.0,0.0,0.0,0.0,0.0,0.0,0.0,0.0,0.0,0.0,0.0,0.0,0.0,0.0,0.0,0.0,0.0,0.0,0.0,0.0,0.0,0.035836025084249525,0.0,0.0,0.03565651440316415,0.07521729193290745,0.0,0.0,0.0,0.0,0.0,0.0,0.0,0.0,0.0,0.0,0.08540276768614166,0.0,0.05047029904602663,0.0,0.0,0.0,0.0,0.0,0.0,0.0,0.0,0.0,0.0,0.0,0.0,0.0,0.0,0.0,0.0,0.0,0.0,0.0,0.0,0.0,0.0,0.0,0.0,0.0,0.0,0.0,0.03583602508424952,0.0,0.0,0.0,0.0,0.0,0.0,0.0,0.0,0.0,0.0,0.0,0.0,0.0,0.0,0.0,0.0,0.0,0.0,0.0,0.0,0.0,0.0,0.0,0.0,0.0,0.0,0.0,0.0,0.0,0.0,0.03583602508424952,0.0,0.0,0.0,0.035836025084249525,0.0,0.0,0.0,0.0,0.0,0.0,0.0,0.0,0.09118236734646601,0.0,0.0,0.0,0.14462901595693242
2021-06-01,0.0,0.04139737866457733,0.0,0.0,0.0,0.03947785966542831,0.0,0.0,0.0,0.0,0.0368274771423402,0.0,0.0,0.0,0.043817746961935994,0.0,0.0,0.0,0.0,0.0,0.0,0.0,0.0,0.0,0.0,0.0,0.0,0.0,0.0,0.0,0.0,0.0,0.0,0.0,0.0,0.0,0.0,0.0,0.0,0.0,0.0,0.0,0.0,0.0,0.0,0.0,0.0,0.0,0.0,0.0,0.09008291164056871,0.0,0.0,0.0564040256640135,0.0,0.0,0.0,0.0,0.0,0.0,0.0,0.0,0.0,0.0,0.0,0.0,0.0,0.0,0.0,0.0,0.0,0.0,0.0,0.0,0.0,0.0,0.0,0.0,0.0,0.0,0.0,0.0,0.0,0.0,0.06235559127901812,0.0,0.0,0.0,0.05954959497527988,0.0,0.0,0.0,0.03682994894311216,0.0,0.0,0.0,0.0,0.0,0.0,0.10254539015491083,0.0,0.03995737933709423,0.0,0.0,0.0,0.0,0.0,0.0,0.0,0.0,0.0,0.0,0.0,0.0,0.0,0.0,0.0,0.0,0.0,0.0,0.0,0.0,0.0,0.0,0.0,0.0,0.0,0.0,0.03682994894311216,0.06520136094760894,0.0,0.0,0.0,0.0,0.0,0.0,0.0,0.0,0.0,0.0,0.0,0.0,0.0,0.0,0.0,0.0,0.0,0.0,0.0,0.0,0.0,0.0,0.0,0.0,0.0,0.0,0.0,0.0,0.0,0.0,0.0,0.0,0.0,0.0,0.06520136094760894,0.0,0.0,0.0,0.0,0.0,0.0,0.0,0.0,0.10901910790954492,0.0,0.0,0.0,0.11450291682384564
2021-07-01,0.0,0.0,0.0,0.0,0.0,0.0,0.0,0.0,0.0,0.0,0.0,0.038878453507981005,0.0,0.0,0.035165568509861,0.0,0.0,0.0,0.0,0.0,0.0,0.0,0.0,0.0,0.0,0.0,0.0,0.0,0.0,0.0,0.0,0.0,0.0,0.0,0.0,0.0,0.0,0.0,0.0,0.0,0.0,0.0,0.0,0.0,0.0,0.0,0.0,0.0,0.0,0.0,0.07229529175966128,0.0,0.0,0.04526658183595913,0.0,0.0,0.0,0.0,0.0,0.0,0.0,0.0,0.0,0.0,0.0,0.0,0.0,0.0,0.0,0.0,0.0,0.0,0.0,0.0,0.0,0.0,0.0,0.0,0.0,0.0,0.0,0.0,0.0,0.0,0.08892141484508578,0.0,0.0,0.038878453507981005,0.06859751602830627,0.0,0.0,0.0,0.06843602281657127,0.0,0.0,0.0,0.0,0.0,0.0,0.08229695027440581,0.0,0.0,0.0,0.0,0.0,0.0,0.0,0.0,0.0,0.0,0.0,0.0,0.0,0.0,0.0,0.0,0.0,0.038878453507981005,0.0,0.0,0.0,0.0,0.0,0.0,0.0,0.0,0.0,0.0,0.0655753179243398,0.052326810124014037,0.0,0.0,0.0,0.0,0.0,0.0,0.0,0.0,0.0,0.0,0.0,0.0,0.03389215920803635,0.0,0.0,0.0,0.0,0.0,0.0,0.0,0.0,0.0,0.0,0.0,0.0,0.0,0.0,0.0,0.0,0.0,0.0,0.0,0.0,0.0,0.052326810124014037,0.0,0.0,0.0,0.0,0.0,0.0,0.0,0.0,0.12637083214185604,0.0,0.0,0.0,0.09189336388394616
2021-08-02,0.0,0.0,0.0,0.0,0.0,0.0,0.0,0.0,0.0,0.0,0.0,0.0,0.0,0.0,0.0,0.0,0.0,0.0,0.0,0.0,0.0,0.0,0.0,0.0,0.0,0.0,0.0,0.0,0.0,0.0,0.0,0.0,0.0,0.0,0.0,0.0,0.0,0.0,0.0,0.0,0.0,0.0,0.0,0.0,0.0,0.0,0.0,0.0,0.0,0.0,0.06328678124819777,0.0,0.0,0.039626041928562374,0.0,0.0,0.0,0.0,0.0,0.0,0.0,0.0,0.0,0.0,0.0,0.0,0.0,0.0,0.0,0.0,0.0,0.0,0.0,0.0,0.0,0.0,0.0,0.0,0.0,0.03504903855171377,0.0,0.0,0.0,0.0,0.11289020901533728,0.0,0.0,0.0690829586388958,0.060049774824693224,0.0,0.0,0.0,0.059908404822368325,0.03504903855171377,0.0,0.0,0.0,0.0,0.0,0.07204216156599312,0.0,0.0,0.0,0.0,0.0,0.0,0.0,0.0,0.0,0.0,0.0,0.0,0.0,0.0,0.0,0.0,0.0,0.0690829586388958,0.0,0.0,0.0,0.0,0.0,0.0,0.0,0.0,0.0,0.0,0.057404164223517594,0.04580651526718415,0.0,0.0,0.0,0.0,0.0,0.0,0.0,0.0,0.0,0.0,0.0,0.0,0.04384852158908489,0.0,0.0,0.0,0.0,0.0,0.0,0.0,0.0,0.0,0.0,0.0,0.0,0.0,0.0,0.0,0.0,0.0,0.0,0.0,0.0,0.0,0.04580651526718415,0.0,0.0,0.0,0.0,0.0,0.0,0.0,0.0,0.11062412247400041,0.0,0.0,0.0,0.08044279339265765
2021-09-01,0.0,0.0,0.0,0.0,0.0,0.0,0.0,0.0,0.0,0.0,0.0,0.0,0.0,0.0,0.0,0.0,0.0,0.0,0.0,0.0,0.0,0.0,0.0,0.0,0.0,0.0,0.0,0.0,0.0,0.0,0.0,0.0,0.0,0.0,0.0,0.0,0.0,0.0,0.0,0.0,0.0,0.0,0.0,0.0,0.0,0.0,0.0,0.0,0.0,0.0,0.05480166864297729,0.0,0.0,0.0,0.0,0.0,0.0,0.0,0.0,0.0,0.0,0.0,0.0,0.0,0.0,0.0,0.0,0.0,0.0,0.0,0.0,0.0,0.0,0.0,0.0,0.037299853203814626,0.0,0.0,0.0,0.0,0.0,0.0,0.0,0.0,0.13505441909384616,0.0,0.0,0.097120582486252,0.05728651872127625,0.0,0.0,0.0,0.05187624469522637,0.0,0.0,0.0,0.0,0.0,0.0,0.06238318000373605,0.0,0.0,0.0,0.0,0.0,0.0,0.0,0.0,0.0,0.0,0.0,0.0,0.0,0.0,0.0,0.0,0.0,0.05982072928243737,0.0,0.0,0.0,0.0,0.0,0.0,0.0,0.0,0.0,0.0,0.049707757677972406,0.03966505203538364,0.0,0.0,0.0,0.0,0.0,0.0,0.0,0.0,0.0,0.0,0.0,0.0,0.07526942762703427,0.0,0.0,0.0,0.0,0.0,0.0,0.0,0.0,0.0,0.0,0.0,0.0,0.0,0.0,0.0,0.0,0.0,0.0,0.0,0.037299853203814626,0.0,0.03966505203538364,0.0,0.0,0.0,0.0,0.037299853203814626,0.0,0.0,0.0,0.09579230266056463,0.0,0.0,0.0,0.06965750542646608
2021-10-01,0.036236492842993136,0.0,0.0,0.0,0.0,0.0,0.0,0.0,0.0,0.0,0.0,0.0,0.0,0.034630024956263133,0.0,0.0,0.0,0.0,0.0,0.0,0.0,0.0,0.0,0.0,0.0,0.0,0.0,0.0,0.0,0.0,0.0,0.0,0.0,0.0,0.0,0.0,0.0,0.0,0.0,0.0,0.0,0.0,0.0,0.0,0.0,0.0,0.0,0.0,0.0,0.0,0.04423588769086529,0.0,0.0,0.0,0.0,0.0,0.0,0.0,0.0,0.0,0.0,0.0,0.0,0.0,0.0,0.0,0.0,0.0,0.0,0.0,0.0,0.0,0.0,0.0,0.0,0.0,0.0,0.0,0.0,0.0,0.0,0.0,0.0,0.0,0.1090158796826348,0.0,0.0,0.11463219293238835,0.046241657801778815,0.0,0.0,0.0,0.041874486507190556,0.0,0.0,0.0,0.0,0.0,0.0,0.05035568099983275,0.0,0.0,0.0,0.0,0.0,0.0,0.0,0.0,0.03496700118743761,0.0,0.0,0.0,0.0,0.032800514203856775,0.0,0.0,0.0,0.08452376452012417,0.0,0.0,0.0,0.0,0.0,0.0,0.0,0.0,0.0,0.0,0.07636057739108863,0.0,0.0,0.0,0.0,0.0,0.0,0.0,0.0,0.0,0.0,0.0,0.0,0.0,0.060757455557731155,0.0,0.0,0.0,0.0,0.0,0.0,0.0,0.0,0.0,0.0,0.0,0.0,0.0,0.0,0.0,0.0,0.0,0.0,0.0,0.0,0.0,0.0682541089218132,0.0,0.0,0.0,0.0,0.0,0.0,0.0,0.0,0.07732351308038381,0.0,0.0,0.0,0.08779076172361779
2021-11-01,0.0,0.0,0.0,0.0,0.0,0.0,0.0,0.0,0.0,0.0,0.0,0.0,0.0,0.0,0.0,0.0,0.0,0.0,0.0,0.0,0.0,0.0,0.0,0.0,0.0,0.0,0.0,0.0,0.0,0.0,0.0,0.0,0.0,0.0403328136572998,0.0,0.0,0.0,0.0,0.0,0.0,0.0,0.0,0.0,0.0,0.0,0.0,0.0,0.0,0.0,0.0,0.03656246085463473,0.0,0.0,0.0,0.0,0.0,0.0,0.0,0.0,0.0,0.0,0.0,0.0,0.0,0.0,0.0,0.0,0.0,0.0,0.0,0.0,0.0,0.0,0.0,0.0,0.0,0.0403328136572998,0.0,0.0,0.0,0.0,0.04033281365729979,0.0,0.0,0.13043813405427218,0.0,0.0,0.13508020735856546,0.038220297850608834,0.0,0.0,0.0,0.0,0.0,0.0,0.0,0.0,0.0,0.0,0.04162067749677038,0.0,0.0,0.0,0.0,0.0,0.0,0.0,0.0,0.0,0.0,0.0,0.0,0.0,0.0,0.0,0.0,0.0,0.11019457054460581,0.0,0.0,0.0,0.0,0.0,0.0,0.0,0.0,0.0,0.0,0.06311460597806694,0.0,0.0,0.0,0.0,0.0,0.0,0.0,0.0,0.0,0.0,0.0,0.0,0.0,0.050218096808204944,0.0,0.0,0.0,0.0,0.0,0.0,0.0,0.0,0.0,0.0,0.0,0.0,0.0,0.0,0.0,0.0,0.0,0.0,0.0,0.0,0.0,0.05641433496398669,0.0,0.0,0.0,0.0,0.0,0.04033281365729979,0.0,0.04033281365729979,0.06391050497056427,0.0,0.0,0.0,0.07256204083322088
2021-12-01,0.0,0.0,0.0,0.0,0.0,0.0,0.0,0.0,0.0,0.0,0.0,0.0,0.0,0.0,0.0,0.0,0.0,0.0,0.0,0.0,0.0,0.0,0.0,0.0,0.0,0.0,0.0,0.0,0.0,0.0,0.0,0.0,0.0,0.03311198635309955,0.0,0.0,0.0,0.0,0.0,0.0,0.0,0.0,0.0,0.0,0.0,0.0,0.0,0.0,0.0,0.0,0.03763525228135776,0.0,0.0,0.0,0.0,0.0,0.0,0.0,0.0,0.0,0.0,0.0,0.0,0.0,0.0,0.0,0.0,0.0,0.0,0.0,0.0,0.0,0.0,0.0,0.0,0.0,0.03311198635309955,0.0,0.0,0.0,0.0,0.033111986353099546,0.0,0.0,0.10708565366718786,0.0,0.0,0.1108966515610585,0.05423350169645475,0.0,0.0,0.0,0.0,0.0,0.0,0.0,0.0,0.0,0.0,0.03416928253480252,0.0,0.0,0.0,0.0,0.0,0.0,0.0,0.0,0.0,0.0,0.0,0.0,0.0,0.0,0.0,0.0,0.0,0.09046631725377453,0.0,0.0,0.0,0.0,0.0,0.0,0.0,0.0,0.0,0.0,0.07467095488259166,0.0,0.0,0.0,0.0,0.0,0.0,0.0,0.0,0.0,0.0,0.0,0.0,0.0,0.04122749655703631,0.0,0.0,0.0,0.0,0.0,0.0,0.0,0.0,0.0,0.0,0.0,0.0,0.0,0.0,0.0,0.0,0.0,0.0,0.0,0.0,0.0,0.046314415486077266,0.0,0.0,0.0,0.0,0.0,0.05596781151069699,0.0,0.033111986353099546,0.052468538059010805,0.0,0.0,0.0,0.16241617909755277
2022-01-03,0.0,0.0,0.0,0.0,0.0,0.0,0.0,0.0,0.0,0.0,0.0,0.0,0.0,0.0,0.0,0.0,0.0,0.0,0.0,0.0,0.0,0.0,0.0,0.0,0.0,0.0,0.0,0.0,0.0,0.0,0.0,0.0,0.0,0.06262710024825802,0.0,0.0,0.0,0.0,0.0,0.0,0.0,0.0,0.0,0.0,0.032979078884007286,0.0,0.0,0.0,0.0,0.0,0.03209114145983738,0.0,0.0,0.0,0.0,0.0,0.0,0.0,0.0,0.0,0.0,0.0,0.0,0.0,0.0,0.0,0.0,0.0,0.0,0.0,0.0,0.0,0.0,0.0,0.0,0.0,0.0,0.0,0.0,0.0,0.0,0.0,0.0,0.0,0.09131069015990402,0.0,0.0,0.09456028369526938,0.046244275494477204,0.0,0.0,0.0,0.0,0.0,0.0,0.0,0.0,0.0,0.0,0.0,0.0,0.0,0.0,0.0,0.0,0.0,0.0,0.0,0.0,0.0,0.0,0.0,0.0,0.0,0.0,0.0,0.0,0.07713957548730077,0.0,0.0,0.0,0.0,0.0,0.0,0.0,0.0,0.0,0.0,0.09806394887184179,0.0,0.0,0.02982749455379498,0.0,0.0,0.0,0.0,0.0,0.0,0.0,0.0,0.0,0.0,0.06954710131604128,0.0,0.0,0.0,0.0,0.0,0.0,0.0,0.0,0.0,0.0,0.0,0.0,0.0,0.0,0.0,0.0,0.0,0.0,0.0,0.0,0.0,0.03949176287917707,0.0,0.0,0.03439289498427812,0.0,0.03439289498427811,0.07410206041207015,0.0,0.0,0.04473931154904515,0.0,0.0,0.0,0.13849038502041927
2022-02-01,0.0,0.0,0.0,0.0,0.0,0.0,0.0,0.0,0.0,0.0,0.0,0.0,0.0,0.028626413862749212,0.0,0.0,0.0,0.0,0.0,0.0,0.0,0.0,0.0,0.0,0.0,0.0,0.0,0.0,0.0,0.0,0.0,0.0,0.029399392620602257,0.049917143518419776,0.0,0.0,0.0,0.0,0.0,0.0,0.0,0.0,0.0,0.0,0.0,0.0,0.0,0.0,0.0,0.0,0.0,0.0,0.0,0.0,0.0,0.0,0.0,0.0,0.0,0.0,0.0,0.0,0.0,0.0,0.0,0.0,0.0,0.0,0.0,0.0,0.0,0.0,0.0,0.0,0.0,0.0,0.0,0.0,0.0,0.0,0.0,0.0,0.0,0.0,0.07277949653440437,0.0,0.0,0.10476898874828731,0.03685915725959816,0.0,0.0,0.0,0.0,0.0,0.0,0.0,0.0,0.0,0.0,0.0,0.0,0.0,0.0,0.0,0.0,0.0,0.0,0.0,0.0,0.0,0.0,0.0,0.0,0.0,0.0,0.0,0.0,0.06148436132737398,0.0,0.0,0.0,0.0,0.0,0.0,0.0,0.0,0.0,0.0,0.10756159700838824,0.0,0.0,0.0,0.0,0.0,0.0,0.0,0.0,0.0,0.0,0.0,0.0,0.0,0.05543275393433973,0.0,0.0,0.0,0.0,0.0,0.0,0.0,0.0,0.0,0.0,0.0,0.0,0.0,0.0,0.0,0.0,0.0,0.0,0.0,0.0,0.029399392620602254,0.03147704408508227,0.0,0.0,0.056812366686759874,0.0,0.027412974066157614,0.05906329959293949,0.0,0.0,0.035659620622002224,0.0,0.0,0.0,0.2133459975122933
2022-03-01,0.0,0.0,0.0,0.0,0.0,0.0,0.0,0.0,0.0,0.0,0.0,0.0,0.0,0.0,0.0,0.0,0.0,0.0,0.0,0.0,0.0,0.0,0.0,0.0,0.0,0.0,0.0,0.0,0.0,0.0,0.0,0.0,0.045010748497676376,0.03819698998195737,0.0,0.0,0.0,0.0,0.0,0.0,0.0,0.0,0.0,0.0,0.0,0.0,0.0,0.0,0.0,0.0,0.0,0.0,0.0,0.0,0.0,0.0,0.0,0.0,0.0,0.0,0.0,0.0,0.0,0.0,0.0,0.0,0.0,0.0,0.0,0.0,0.0,0.0,0.0,0.0,0.0,0.0,0.0,0.0,0.0,0.0,0.0,0.0,0.0,0.0,0.055691441938994786,0.0,0.0,0.10268415497316968,0.02820491641451266,0.0,0.0,0.0,0.0,0.0,0.0,0.0,0.0,0.0,0.0,0.0,0.0,0.0,0.0,0.0,0.0,0.0,0.0,0.0,0.0,0.0,0.0,0.0,0.0,0.0,0.0,0.0,0.0,0.047048315831656744,0.0,0.0,0.0,0.0,0.0,0.0,0.0,0.0,0.0,0.0,0.1048210807308554,0.0,0.0,0.0,0.0,0.0,0.0,0.0,0.0,0.0,0.0,0.0,0.0,0.0,0.042417578360047,0.0,0.0,0.0,0.0,0.0,0.0,0.0,0.0,0.0,0.0,0.0,0.0,0.0,0.0,0.0,0.0,0.0,0.0,0.0,0.0,0.045010748497676376,0.024086481173263657,0.0,0.0,0.04347326886572923,0.0,0.0,0.04519570039139684,0.0,0.0,0.02728702156517427,0.0,0.0,0.0,0.3508715527778896
2022-04-01,0.0,0.0,0.0,0.0,0.0,0.0,0.0,0.0,0.0,0.0,0.0,0.0,0.0,0.0,0.0,0.0,0.0,0.0,0.0,0.0,0.0,0.0,0.0,0.0,0.0,0.0,0.0,0.0,0.0,0.0,0.0,0.0,0.035356439844915065,0.0,0.0,0.0,0.0,0.0,0.0,0.0,0.0,0.0,0.0,0.0,0.0,0.0,0.0,0.0,0.0,0.0,0.0,0.0,0.034448969253761785,0.0,0.0,0.0,0.0,0.0,0.0,0.0,0.0,0.0,0.03444896925376178,0.0,0.0,0.0,0.0,0.0,0.0,0.0,0.0,0.0,0.0,0.0,0.0,0.0,0.0,0.0,0.0,0.0,0.0,0.0,0.0,0.0,0.043746242453495274,0.0,0.0,0.11510850657565795,0.0,0.0,0.0,0.0,0.0,0.0,0.0,0.0,0.0,0.0,0.0,0.0,0.0,0.0,0.0,0.0,0.0,0.0,0.0,0.0,0.0,0.0,0.0,0.0,0.0,0.0,0.0,0.0,0.0,0.0369569714796547,0.0,0.03398789317363306,0.0,0.0,0.0,0.0,0.0,0.0,0.0,0.0,0.11678708534909392,0.0,0.0,0.0,0.0,0.0,0.0,0.0,0.0,0.0,0.0,0.0,0.0,0.0,0.03331947607428467,0.0,0.0,0.0,0.0,0.0,0.0,0.0,0.0,0.0,0.0,0.0,0.0,0.0,0.0,0.0,0.0,0.0,0.0,0.0,0.0,0.035356439844915065,0.0,0.0,0.0,0.03414873262088328,0.034448969253761785,0.0,0.03550172159922466,0.03444896925376178,0.03444896925376178,0.0,0.0,0.0,0.0,0.3074856447154335
2022-05-02,0.0,0.0,0.0,0.0,0.0,0.0,0.0,0.0,0.0,0.0,0.0,0.0,0.0,0.0,0.0,0.0,0.0,0.0,0.0,0.0,0.0,0.0,0.0,0.0,0.0,0.0,0.0,0.0,0.0,0.0,0.0,0.0,0.0555463050462236,0.0,0.0,0.0,0.0,0.0,0.0,0.0,0.0,0.0,0.0,0.0,0.0,0.0,0.0,0.0,0.0,0.0,0.0,0.0,0.0,0.0,0.0,0.0,0.0,0.0,0.0,0.0,0.0,0.0,0.0,0.0,0.0,0.0,0.0,0.0,0.0,0.0,0.0,0.0,0.0,0.0,0.0,0.0,0.0,0.032924043390117085,0.0,0.0,0.0,0.0,0.0,0.0,0.027990344830965047,0.0,0.0,0.10657440994343109,0.0,0.0,0.0,0.0,0.032924043390117085,0.0,0.0,0.0,0.0,0.0,0.0,0.0,0.0,0.0,0.0,0.0,0.0,0.0,0.0,0.0,0.0,0.0,0.0,0.0,0.0,0.0,0.0,0.0,0.0,0.0,0.0,0.0,0.0,0.0,0.0,0.0,0.0,0.0,0.0,0.0,0.10764842215703681,0.0,0.0,0.0,0.0,0.0,0.0,0.0,0.0,0.0,0.0,0.0,0.0,0.0,0.0,0.0,0.0,0.0,0.0,0.0,0.0,0.0,0.0,0.0,0.0,0.0,0.0,0.0,0.0,0.0,0.0,0.0,0.0,0.0,0.0,0.0555463050462236,0.0,0.0,0.0,0.054773572583739924,0.0,0.0,0.0,0.0,0.054965674268680986,0.0,0.0,0.0,0.0,0.47110687934346485
2022-06-01,0.0,0.0,0.0,0.0,0.0,0.0,0.0,0.0,0.0,0.0,0.0,0.0,0.0,0.0,0.0,0.0,0.0,0.0,0.0,0.0,0.0,0.0,0.0,0.0,0.0,0.0,0.0,0.0,0.0,0.0,0.0,0.0,0.05930310584207629,0.0,0.0,0.0,0.0,0.0,0.0,0.0,0.0,0.0,0.0,0.0,0.0,0.0,0.0,0.0,0.0,0.0,0.0,0.0,0.0,0.0,0.0,0.0,0.0,0.0,0.0,0.0,0.0,0.0,0.0,0.0,0.0,0.04196840343861526,0.0,0.0,0.0,0.0,0.0,0.0,0.0,0.0,0.0,0.0,0.0,0.05342733888110588,0.0,0.0,0.0,0.0,0.0,0.0,0.0,0.0,0.0,0.036347935221441426,0.0,0.0,0.0,0.0,0.05342733888110588,0.0,0.0,0.0,0.0,0.0,0.0,0.0,0.0,0.0,0.0,0.0,0.0,0.0,0.0,0.0,0.0,0.0,0.0,0.0,0.0,0.0,0.0,0.0,0.0,0.0,0.0,0.04219836752665867,0.0,0.0,0.0,0.0,0.0,0.0,0.0,0.0,0.036714234470838145,0.0,0.0,0.0,0.0,0.0,0.0,0.0,0.0,0.0,0.0,0.0,0.0,0.0,0.0,0.0,0.0,0.0,0.0,0.0,0.0,0.0,0.0,0.0,0.0,0.0,0.0,0.0,0.0,0.0,0.0,0.0,0.0,0.0,0.0,0.06114281674934005,0.0,0.0,0.0,0.0,0.04219836752665867,0.0,0.0,0.0,0.06094478863076171,0.0,0.0,0.0,0.0,0.512327302831398
2022-07-01,0.0,0.0,0.0,0.0,0.0,0.0,0.0,0.0,0.0,0.0,0.0,0.0,0.0,0.0,0.0,0.0,0.0,0.0,0.0,0.0,0.0,0.0,0.0,0.0,0.0,0.0,0.0,0.0,0.0,0.0,0.0,0.0,0.026962096027915196,0.0,0.0,0.0,0.0,0.0,0.0,0.0,0.0,0.0,0.03778919025088796,0.0,0.0,0.0,0.0,0.0,0.0,0.0,0.0,0.0,0.0,0.0,0.0,0.0,0.0,0.0,0.0,0.0,0.0,0.0,0.0,0.0,0.0,0.0,0.037789190250887957,0.0,0.0,0.0,0.0,0.0,0.0,0.0,0.0,0.0,0.0,0.06207987487817239,0.0,0.0,0.0,0.0,0.0,0.0,0.0,0.0,0.0,0.0,0.0,0.0,0.0,0.0,0.02429068462728443,0.0,0.0,0.0,0.0,0.0,0.0,0.0,0.0,0.0,0.0,0.0,0.0,0.0,0.0,0.0,0.0,0.0,0.0,0.0,0.0,0.0,0.0,0.0,0.0,0.0,0.0,0.0,0.0,0.03778919025088796,0.0,0.0,0.0,0.0,0.0,0.0374007548560916,0.0,0.0,0.0,0.0,0.0,0.0,0.0,0.0,0.03778919025088796,0.0,0.0,0.0,0.0,0.0,0.0,0.0,0.0,0.0,0.0,0.0,0.0,0.0,0.0,0.0,0.0,0.0,0.0,0.0,0.0,0.0,0.0,0.0,0.0,0.0,0.0,0.0655877089490987,0.0,0.0,0.0,0.0,0.05697463461032617,0.0,0.0,0.0,0.02770848541793778,0.0,0.0,0.0,0.0,0.5478389996296219
2022-08-01,0.0,0.0,0.0,0.0,0.0,0.0,0.0,0.0,0.0,0.0,0.0,0.0,0.0,0.0,0.0,0.0,0.0,0.0,0.0,0.0,0.0,0.04013899703965959,0.0,0.0,0.0,0.0,0.0,0.04013899703965959,0.0,0.0,0.0,0.0,0.0,0.0,0.0,0.0,0.0,0.0,0.0,0.0,0.0,0.0,0.0,0.0,0.0,0.0,0.0,0.0,0.0,0.0,0.0,0.0,0.0,0.0,0.0,0.0,0.0,0.0,0.0,0.0,0.0,0.0,0.0,0.0,0.0,0.0,0.0,0.0,0.0,0.0,0.0,0.0,0.04013899703965959,0.0,0.0,0.0,0.0,0.02755297854210192,0.0,0.0,0.0,0.0,0.0,0.0,0.0,0.0,0.0,0.0,0.0,0.0,0.0,0.0,0.05091995807770858,0.0,0.0,0.03747047646084566,0.0,0.0,0.0,0.0,0.0,0.0,0.0,0.0,0.0,0.0,0.0,0.0,0.0,0.0,0.0,0.0,0.0,0.0,0.0,0.0,0.0,0.0,0.0,0.0,0.0,0.0,0.0,0.0,0.0,0.0,0.0,0.0,0.0,0.0,0.0,0.0,0.0,0.0,0.0,0.0,0.0,0.0,0.0,0.0,0.0,0.0,0.0,0.0,0.0,0.0,0.0,0.0,0.0,0.0,0.0,0.0,0.0,0.0,0.0,0.0,0.0,0.0,0.0,0.0,0.0,0.0,0.0,0.06813697782693814,0.0,0.0,0.0,0.0,0.06542611122832512,0.0,0.0,0.0,0.05243688432845979,0.0,0.0,0.0,0.0,0.577639622416642
2022-09-01,0.0,0.0,0.0,0.0,0.0,0.0,0.0,0.0,0.0,0.0,0.0,0.0,0.0,0.0,0.0,0.0,0.0,0.0,0.0,0.0,0.0,0.0,0.0,0.0,0.0,0.0,0.0,0.0,0.0,0.0,0.0,0.0,0.0355020882425151,0.0,0.0,0.0,0.0,0.0,0.0,0.0,0.0,0.0,0.0,0.0,0.0,0.0,0.0,0.0,0.0,0.0,0.0,0.0,0.0,0.0,0.0,0.0,0.0,0.0,0.0,0.0,0.0,0.0,0.0,0.0,0.0,0.0,0.0,0.0,0.0,0.0,0.0,0.0,0.05571436017945646,0.0,0.0,0.0,0.037187647328213135,0.0,0.0,0.0,0.0,0.0,0.0,0.0,0.0,0.0,0.0,0.0,0.0,0.0,0.0,0.0,0.06047976794062964,0.0,0.0,0.0,0.0,0.0,0.0,0.0,0.0,0.0,0.0,0.0,0.0,0.0,0.0,0.0,0.0,0.0,0.0,0.0,0.0,0.0,0.0,0.0,0.0,0.03718764732821313,0.0,0.0,0.0,0.0,0.0,0.03718764732821313,0.0,0.0,0.0,0.03718764732821313,0.0,0.0,0.0,0.0,0.0,0.0,0.0,0.0,0.0,0.0,0.0,0.0,0.0,0.0,0.0,0.0,0.0,0.0,0.0,0.0,0.0,0.0,0.0,0.0,0.0,0.0,0.0,0.0,0.0,0.0,0.0,0.0,0.0,0.0,0.0,0.03144957063834804,0.0,0.0,0.0,0.0,0.06738597975049647,0.0,0.0,0.0,0.024202973926014053,0.0,0.0,0.0,0.0,0.5765146700096877
2022-10-03,0.0,0.0,0.0,0.0,0.0,0.0,0.0,0.0,0.0,0.0,0.0,0.0,0.0,0.0433099613961755,0.0,0.0,0.0,0.0,0.0,0.0,0.0,0.0,0.0,0.0,0.0,0.0,0.0,0.0,0.0,0.0,0.0,0.0,0.05466230413237195,0.0,0.0,0.0,0.0,0.0,0.0,0.0,0.0,0.0,0.0,0.0,0.0,0.0,0.0,0.0,0.0,0.0,0.0,0.0,0.0,0.0,0.0,0.0,0.0,0.0,0.0,0.0,0.0,0.0,0.0,0.0,0.0,0.0,0.0,0.0,0.0,0.0,0.0,0.0,0.0,0.0,0.0,0.0,0.0,0.043064579178633426,0.0,0.0,0.0,0.0,0.0,0.0,0.0,0.0,0.0,0.0,0.0,0.0,0.0,0.0,0.06264930418574809,0.0,0.0,0.0,0.0,0.0,0.0,0.0,0.0,0.0,0.0,0.0,0.0,0.0,0.0,0.0,0.0,0.0,0.0,0.0,0.0,0.04134690365583893,0.0,0.0,0.0,0.028536420124192375,0.0,0.0,0.0,0.0,0.0,0.0,0.0,0.0,0.0,0.05520128776376406,0.0,0.0,0.0,0.0,0.0,0.0,0.0,0.0,0.0,0.0,0.0,0.0,0.0,0.0,0.0,0.0,0.0,0.0,0.0,0.0,0.0,0.0,0.0,0.0,0.0,0.0,0.0,0.0,0.0,0.0,0.0,0.0,0.0,0.0,0.0,0.053366448844291155,0.0,0.0,0.0,0.0,0.021547711011149093,0.0,0.0,0.0,0.05104923727669403,0.0,0.0,0.0,0.0,0.5452658424311413
2022-11-01,0.0,0.0,0.0,0.0,0.0,0.0,0.0,0.0,0.0,0.0,0.0,0.0,0.0,0.0,0.0,0.0,0.0,0.0,0.0,0.0,0.0,0.0,0.0,0.0,0.0,0.0,0.0,0.0,0.0,0.0,0.0,0.0,0.0,0.0,0.0,0.0,0.0,0.0,0.0,0.0,0.0,0.0,0.0,0.0,0.0,0.0,0.0,0.0,0.0,0.0,0.0,0.0,0.05303862482174105,0.0,0.0,0.0,0.0,0.0,0.0,0.0,0.0,0.0,0.0,0.0,0.0,0.0,0.0,0.0,0.0,0.0,0.0,0.0,0.0,0.0,0.0,0.0,0.0,0.0601418368517556,0.0,0.0,0.0,0.0,0.0,0.0,0.0,0.05303862482174106,0.0,0.0,0.0,0.0,0.0,0.0,0.06337220521778589,0.0,0.05303862482174105,0.0,0.0,0.0,0.0,0.0,0.0,0.0,0.0,0.0,0.0,0.0,0.0,0.0,0.0,0.0,0.0,0.0,0.0,0.0,0.0,0.0,0.0,0.0,0.0,0.0,0.0,0.0,0.0,0.0,0.0,0.0,0.0,0.06214370511729886,0.0,0.0,0.0,0.0,0.0,0.0,0.0,0.0,0.0,0.0,0.0,0.0,0.0,0.0,0.0,0.0,0.0,0.0,0.0,0.0,0.0,0.0,0.0,0.0,0.0,0.0,0.0,0.0,0.0,0.0,0.0,0.0,0.0,0.0,0.0,0.06184106080648657,0.0,0.0,0.0,0.0,0.0,0.0,0.0,0.0,0.06145885237912054,0.0,0.0,0.0,0.0,0.5319264651623294
2022-12-01,0.0,0.0,0.0,0.0,0.0,0.0,0.0,0.0,0.0,0.0,0.0,0.0,0.0,0.03059008066924698,0.0,0.0,0.0,0.0,0.0,0.0,0.0,0.0,0.0,0.0,0.0,0.0,0.0,0.0,0.0,0.0,0.0,0.0,0.0,0.0,0.0,0.0,0.0,0.0,0.0,0.0,0.0,0.0,0.0,0.0,0.0,0.0,0.0,0.0,0.0,0.0,0.0,0.0,0.06848637231996482,0.0,0.0,0.0,0.030590080669246976,0.0,0.0,0.0,0.0,0.0,0.0,0.0,0.0,0.0,0.0,0.0,0.0,0.0,0.0,0.030590080669246976,0.0,0.0,0.0,0.0,0.030590080669246976,0.04297156265653732,0.0,0.0,0.0,0.0,0.0,0.0,0.0,0.03789629165071786,0.0,0.0,0.0,0.0,0.0,0.0,0.07541989922471061,0.0,0.03789629165071785,0.0,0.0,0.0,0.0,0.0,0.0,0.0,0.0,0.0,0.0,0.0,0.0,0.0,0.0,0.0,0.0,0.0,0.0,0.0,0.0,0.0,0.0,0.0,0.0,0.0,0.0,0.0,0.0,0.030590080669246972,0.0,0.0,0.0,0.04440190486266192,0.0,0.0,0.0,0.0,0.0,0.0,0.0,0.0,0.0,0.0,0.0,0.0,0.0,0.0,0.0,0.0,0.0,0.0,0.0,0.0,0.0,0.0,0.0,0.0,0.0,0.0,0.0,0.0,0.0,0.0,0.0,0.0,0.0,0.0,0.0,0.07477574506361773,0.0,0.0,0.0,0.0,0.0,0.0,0.0,0.0,0.043912575073455924,0.0,0.0,0.0,0.0,0.4212889541513811
2023-01-03,0.0,0.0,0.0,0.0,0.0,0.0,0.0,0.0,0.0,0.0,0.0,0.0,0.0,0.055061097679436184,0.0,0.0,0.0,0.0,0.0,0.0,0.0,0.0,0.0,0.0,0.0,0.0,0.0,0.0,0.0,0.0,0.0,0.0,0.0,0.0,0.0,0.0,0.0,0.0,0.0,0.0,0.0,0.0,0.029160578467793262,0.0,0.0,0.0,0.0,0.0,0.0,0.0,0.0,0.0,0.057987182877626726,0.0,0.0,0.0,0.0,0.0,0.0,0.0,0.0,0.0,0.0,0.0,0.0,0.0,0.0,0.0,0.0,0.0,0.0,0.0,0.0,0.0,0.0,0.0,0.0,0.03638387868845591,0.0,0.0,0.0,0.0,0.0,0.0,0.0,0.03208666366598382,0.0,0.0,0.0,0.0,0.0,0.0,0.06385777696799634,0.0,0.03208666366598382,0.0,0.0,0.0,0.0,0.0,0.0,0.0,0.0,0.0,0.0,0.0,0.0,0.0,0.0,0.0,0.0,0.0,0.0,0.029160578467793262,0.029160578467793262,0.0,0.0,0.0,0.0,0.0,0.0,0.0,0.0,0.0,0.0,0.029160578467793262,0.0,0.06675552312856607,0.0,0.0,0.0,0.0,0.0,0.0,0.0,0.0,0.0,0.0,0.0,0.0,0.0,0.0,0.0,0.0,0.0,0.0,0.0,0.0,0.0,0.0,0.0,0.0,0.0,0.0,0.0,0.0,0.0,0.0,0.0,0.0,0.0,0.0,0.0,0.06331237378959222,0.0,0.029160578467793262,0.0,0.0,0.0,0.027903876518916813,0.0,0.0,0.037180630761336105,0.0,0.0,0.0,0.0,0.3815814399171398
2023-02-01,0.0,0.0,0.0,0.0,0.0,0.0,0.0,0.0,0.0,0.0,0.0,0.0,0.0,0.045858003979870034,0.0,0.0,0.0,0.0,0.0,0.0,0.0,0.0,0.0,0.0,0.0,0.0,0.029639885646475208,0.031248251534268436,0.0,0.0,0.0,0.0,0.0,0.0,0.0,0.0,0.0,0.0,0.0,0.0,0.0,0.0,0.054730651673345856,0.03176145585238149,0.0,0.0,0.0,0.0,0.0,0.0,0.0,0.0,0.080056469487331,0.0,0.0,0.0,0.0,0.0,0.0,0.0,0.0,0.0,0.0,0.0,0.0,0.0,0.0,0.0,0.0,0.0,0.0,0.0,0.0,0.0,0.0,0.0,0.0,0.03030255705057358,0.0,0.0,0.0,0.0,0.0,0.0,0.0,0.026723592738053532,0.0,0.0,0.0,0.0,0.03176145585238149,0.0,0.05318437724204148,0.0,0.0546689912013986,0.0,0.0,0.0,0.0,0.0,0.0,0.0,0.0,0.0,0.0,0.0,0.0,0.0,0.0,0.0,0.0,0.0,0.0,0.0,0.0,0.0,0.0,0.0,0.0,0.0,0.0,0.0,0.0,0.0,0.0,0.056048038935355524,0.0,0.055597784539834764,0.0,0.0,0.0,0.0,0.0,0.0,0.0,0.0,0.0,0.0,0.0,0.0,0.0,0.0,0.0,0.0,0.0,0.0,0.0,0.0,0.0,0.0,0.0,0.0,0.0,0.0,0.0,0.0,0.0,0.0,0.0,0.0,0.0,0.0,0.0,0.05273013455201187,0.0,0.0,0.0,0.0,0.0,0.0,0.0,0.0,0.03096613735080351,0.0,0.0,0.0,0.0,0.3347222123638737
2023-03-01,0.0,0.0,0.0,0.0,0.0,0.0,0.0,0.0,0.0,0.0,0.0,0.0,0.0,0.07109945347847894,0.0,0.0,0.0,0.0,0.0,0.0,0.0,0.0,0.0,0.0,0.0,0.0,0.0,0.023965468218253756,0.0,0.0,0.0,0.0,0.0,0.0,0.0,0.0,0.0,0.0,0.0,0.0,0.0,0.0,0.04197501072351101,0.024359064057103207,0.0,0.0,0.0,0.035929212489894335,0.0,0.0,0.0,0.0,0.09732755258774614,0.0,0.0,0.0,0.0,0.0,0.0,0.0,0.0,0.0,0.0,0.0,0.0,0.0,0.0,0.0,0.0,0.0,0.0,0.0,0.0,0.0,0.0,0.0,0.0,0.0,0.0,0.0,0.0,0.0,0.0,0.0,0.0,0.05642454842057947,0.0,0.0,0.0,0.0,0.024359064057103207,0.0,0.07437657057719291,0.0,0.07785693346091618,0.0,0.0,0.0,0.0,0.0,0.0,0.0,0.0,0.0,0.0,0.0,0.0,0.0,0.0,0.0,0.0,0.0,0.0,0.0,0.0,0.0,0.0,0.0,0.0,0.0,0.0,0.0,0.0,0.0,0.0,0.04298536493562434,0.0,0.04264004777782598,0.0,0.0,0.0,0.0,0.0,0.0,0.0,0.0,0.0,0.0,0.0,0.0,0.0,0.0,0.0,0.0,0.0,0.0,0.0,0.0,0.0,0.0,0.0,0.0,0.0,0.0,0.0,0.0,0.0,0.0,0.035929212489894335,0.0,0.035929212489894335,0.0,0.0,0.040440738335859976,0.0,0.0,0.0,0.0,0.0,0.0,0.0,0.0,0.0,0.0,0.0,0.0,0.0,0.27440254590012186
2023-04-03,0.0,0.0,0.0,0.0,0.0,0.0,0.0,0.0,0.0,0.0,0.0,0.0,0.0,0.06278952981812082,0.0,0.0,0.0,0.0,0.0,0.0,0.0,0.0,0.0,0.0,0.0,0.0,0.033599349669260266,0.0,0.0,0.0,0.0,0.0,0.0,0.0,0.0,0.0,0.0,0.0,0.0,0.0,0.0,0.0,0.03706907800968683,0.0,0.0,0.0,0.0,0.0,0.0,0.0,0.0,0.0,0.11955150494402324,0.0,0.0,0.0,0.033599349669260266,0.0,0.0,0.0,0.0,0.0,0.0,0.0,0.033599349669260266,0.0,0.0,0.0,0.0,0.0,0.0,0.0,0.0,0.0,0.0,0.0,0.0,0.0,0.0,0.0,0.0,0.0,0.0,0.0,0.0,0.04982979041604542,0.0,0.0,0.0,0.0,0.0,0.0,0.06568362578820389,0.0,0.06875721269181588,0.0,0.0,0.0,0.0,0.0,0.0,0.0,0.0,0.0,0.0,0.0,0.0,0.0,0.0,0.0,0.0,0.0,0.0,0.0,0.0,0.0,0.033599349669260266,0.0,0.0,0.0,0.0,0.0,0.0,0.0,0.0,0.03796134458593494,0.0,0.03765638722106782,0.0,0.0,0.0,0.0,0.0,0.0,0.0,0.0,0.0,0.0,0.0,0.0,0.0,0.0,0.0,0.0,0.0,0.0,0.0,0.0,0.0,0.0,0.0,0.0,0.0,0.0,0.0,0.0,0.0,0.0,0.04339175505292705,0.0,0.06486717249617299,0.0,0.0,0.03571412748446664,0.0,0.0,0.0,0.0,0.0,0.0,0.0,0.0,0.0,0.0,0.0,0.0,0.0,0.24233107281449343
2023-05-01,0.0,0.0,0.0,0.0,0.0,0.0,0.0,0.0,0.0,0.0,0.0,0.0,0.0,0.05881224483668322,0.0,0.0,0.0,0.0,0.0,0.0,0.0,0.0,0.0,0.0,0.0,0.0,0.0,0.0,0.0,0.0,0.0,0.0,0.03510003566934052,0.0,0.0,0.03510003566934052,0.0,0.0,0.0,0.0,0.0,0.0,0.0,0.0,0.0,0.0,0.0,0.0,0.03510003566934052,0.0,0.0,0.0,0.1470787747955681,0.0,0.0,0.0,0.0,0.0,0.0,0.0,0.0,0.0,0.03510003566934052,0.0,0.0,0.0,0.0,0.0,0.0,0.035100035669340515,0.0,0.0,0.0,0.0,0.0,0.0,0.0,0.0,0.0,0.0,0.0,0.0,0.0,0.0,0.0,0.04667341581626741,0.0,0.0,0.0,0.0,0.0,0.0,0.06152301972648439,0.0,0.06440191603333145,0.0,0.0,0.0,0.0,0.0,0.0,0.0,0.0,0.0,0.0,0.0,0.0,0.0,0.0,0.0,0.0,0.0,0.0,0.0,0.035100035669340515,0.0,0.0,0.0,0.0,0.0,0.0,0.0,0.0,0.0,0.0,0.035556754423623466,0.0,0.03527111401097399,0.0,0.0,0.0,0.0,0.0,0.0,0.0,0.0,0.0,0.0,0.0,0.0,0.0,0.0,0.0,0.0,0.0,0.0,0.0,0.0,0.0,0.0,0.0,0.0,0.0,0.0,0.0,0.0,0.0,0.0,0.040643185726319045,0.0,0.07245829502645848,0.0,0.0,0.0,0.0,0.0,0.0,0.0,0.0,0.0,0.0,0.0,0.0,0.0,0.0,0.0,0.0,0.2269810655882474
2023-06-01,0.0,0.0,0.0,0.0,0.0,0.0,0.0,0.0,0.0,0.0,0.0,0.0,0.0,0.05702305236628176,0.0,0.0,0.0,0.0,0.0,0.0,0.0,0.0,0.0,0.0,0.0,0.0,0.0,0.0,0.0,0.0,0.0,0.0,0.034032218589669455,0.0,0.0,0.06445432669606636,0.0,0.0,0.0,0.0,0.0,0.0,0.0,0.0,0.0,0.0,0.0,0.0,0.034032218589669455,0.0,0.0,0.0,0.1426043284085809,0.0,0.0,0.0,0.0,0.0,0.0,0.0,0.0,0.0,0.034032218589669455,0.0,0.0,0.0,0.0,0.0,0.0,0.03403221858966945,0.0,0.0,0.0,0.0,0.0,0.0,0.0,0.0,0.0,0.0,0.0,0.0,0.0,0.0,0.0,0.04525351211461011,0.0,0.0,0.0,0.0,0.0,0.0,0.059651359769333286,0.0,0.06244267398150634,0.0,0.0,0.0,0.0,0.0,0.0,0.0,0.0,0.0,0.0,0.0,0.0,0.0,0.0,0.0,0.0,0.0,0.0,0.0,0.03403221858966945,0.0,0.0,0.0,0.0,0.0,0.0,0.0,0.0,0.0,0.0,0.03447504299663538,0.0,0.034198092367499086,0.0,0.0,0.0,0.0,0.0,0.0,0.0,0.0,0.0,0.0,0.0,0.0,0.0,0.0,0.0,0.0,0.0,0.0,0.0,0.0,0.0,0.0,0.0,0.0,0.0,0.0,0.0,0.0,0.0,0.0,0.0394067343363646,0.0,0.07025396094195835,0.0,0.0,0.0,0.0,0.0,0.0,0.0,0.0,0.0,0.0,0.0,0.0,0.0,0.0,0.0,0.0,0.22007582307281656
2023-07-03,0.0,0.0,0.0,0.0,0.0,0.0,0.0,0.0,0.0,0.0,0.0,0.0,0.0,0.048293930874763406,0.0,0.0,0.0,0.0,0.03727558259841725,0.0,0.0,0.0,0.0,0.0,0.0,0.0,0.0,0.0,0.0,0.0,0.0,0.0,0.0,0.0,0.0,0.09186320407551385,0.0,0.0,0.0,0.0,0.0,0.0,0.0,0.036264229582181125,0.0,0.0,0.0,0.0,0.0,0.0,0.0,0.0,0.15804995879926692,0.0,0.0,0.0,0.0,0.0,0.0,0.0,0.0,0.0,0.0,0.0,0.0,0.0,0.0,0.0,0.0,0.0,0.0,0.0,0.0,0.0,0.0,0.0,0.0,0.0,0.0,0.0,0.0,0.0,0.0,0.0,0.0,0.03832607858073092,0.0,0.0,0.0,0.0,0.0,0.0,0.05051989547632962,0.0,0.05288391371138538,0.0,0.0,0.0,0.0,0.0,0.0,0.0,0.0,0.0,0.0,0.03727558259841725,0.0,0.0,0.0,0.0,0.0,0.0,0.0,0.0,0.0,0.0,0.03727558259841725,0.0,0.0,0.0,0.0,0.0,0.0,0.0,0.0,0.02919758368404173,0.0,0.028963028815717294,0.0,0.0,0.0,0.0,0.0,0.0,0.0,0.0,0.0,0.0,0.0,0.0,0.0,0.0,0.0,0.0,0.0,0.0,0.0,0.0,0.0,0.0,0.0,0.0,0.0,0.0,0.0,0.0,0.0,0.0,0.033374328890992185,0.0,0.09677502699181281,0.0,0.037275582598417255,0.0,0.0,0.0,0.0,0.0,0.0,0.0,0.0,0.0,0.0,0.0,0.0,0.0,0.0,0.18638649012359584
2023-08-01,0.0,0.0,0.0,0.0,0.0,0.0,0.0,0.0,0.0,0.0,0.0,0.0,0.0,0.03740372466682652,0.0,0.0,0.0,0.0,0.0660806758738924,0.0,0.0,0.0,0.0,0.0,0.0,0.0,0.0,0.0360613143496229,0.0,0.0,0.0,0.0,0.0,0.0,0.0,0.10835887371289299,0.0,0.0,0.0,0.0,0.0,0.0,0.0,0.02808670228281833,0.0,0.0,0.0,0.0,0.0,0.0,0.0,0.0,0.12240993920874362,0.0,0.0,0.0,0.0,0.0,0.0,0.0,0.0,0.0,0.0,0.0,0.0,0.0,0.0,0.0,0.0,0.0,0.0,0.0,0.0,0.0,0.0,0.0,0.0,0.0,0.0,0.0,0.0,0.0,0.0,0.0,0.0,0.02968360754294966,0.0,0.0,0.0,0.0,0.0,0.0,0.039127737717058325,0.0,0.04095867352140779,0.0,0.0,0.0,0.0,0.0,0.0,0.0,0.0,0.0,0.03721067910509905,0.06593700521486594,0.0,0.0,0.0,0.0,0.0,0.0,0.0,0.0,0.0,0.0,0.028869996768793343,0.03721067910509905,0.0,0.0,0.0,0.0,0.0,0.0,0.0,0.0,0.0,0.0,0.0,0.0,0.0,0.0,0.0,0.0,0.0,0.0,0.0,0.0,0.0,0.0,0.0,0.0,0.0,0.0,0.0,0.0,0.0,0.0,0.0,0.0,0.0,0.0,0.0,0.0,0.0,0.0,0.0,0.0,0.0,0.0,0.11216308821036022,0.0,0.0660806758738924,0.0,0.0,0.0,0.0,0.0,0.0,0.0,0.0,0.0,0.0,0.0,0.0,0.0,0.0,0.14435662684567738
2023-09-01,0.0,0.0,0.0,0.0,0.0,0.0,0.0,0.0,0.0,0.0,0.0,0.0,0.0,0.06483452978683307,0.0,0.0,0.0,0.0,0.049443310915214624,0.0,0.0,0.0,0.0,0.0,0.0,0.0,0.0,0.026982029978057955,0.0,0.0,0.0,0.0,0.0,0.0,0.0,0.08107697768759915,0.0,0.0,0.0,0.0,0.0,0.0,0.0,0.0,0.0,0.0,0.0,0.0,0.0,0.0,0.0,0.0,0.09159035683836939,0.0,0.0,0.0,0.0,0.0,0.0,0.0,0.0,0.0,0.0,0.0,0.0,0.0,0.0,0.0,0.0,0.0,0.0,0.0,0.0,0.0,0.0,0.0,0.0,0.0,0.0,0.0,0.0,0.0,0.0,0.0,0.0,0.0,0.0,0.0,0.0,0.0,0.0,0.0,0.06675456107930783,0.0,0.03064636374873758,0.0,0.0,0.0,0.0,0.0,0.0,0.0,0.0,0.0,0.027842015113023096,0.04933581272501458,0.0,0.0,0.0,0.0,0.0,0.0,0.0,0.033281819309390615,0.0,0.0,0.05907944776841064,0.06532016707924221,0.0,0.0,0.0,0.0,0.0,0.0,0.0,0.0,0.0,0.037478151966219106,0.0,0.0,0.0,0.0,0.0,0.0,0.0,0.0,0.0,0.0,0.0,0.0,0.0,0.0,0.0,0.0,0.0,0.0,0.0,0.0,0.0,0.0,0.0,0.0,0.0,0.0,0.0,0.0,0.0,0.0,0.0,0.0,0.12140154364246138,0.0,0.08692146288143374,0.0,0.0,0.0,0.0,0.0,0.0,0.0,0.0,0.0,0.0,0.0,0.0,0.0,0.0,0.10801144948068493
2023-10-02,0.0,0.0,0.0,0.0,0.0,0.0,0.0,0.0,0.0,0.0,0.0,0.0,0.0,0.07139366093350749,0.0,0.0,0.0,0.0,0.03679705069090053,0.0,0.0,0.0,0.0,0.0,0.0,0.0,0.0,0.0,0.0,0.0,0.0,0.0,0.0,0.0,0.0,0.06033968200372989,0.0,0.0,0.0,0.0,0.0,0.0,0.0,0.0,0.0,0.0,0.0,0.0,0.0,0.0,0.0,0.0,0.06816402342388557,0.0,0.0,0.0,0.0,0.0,0.0,0.0,0.0,0.0,0.0,0.0,0.0,0.0,0.0,0.0,0.0,0.0,0.0,0.0,0.0,0.0,0.0,0.0,0.023142048431710673,0.0,0.0,0.0,0.0,0.0,0.0,0.0,0.0,0.0,0.0,0.0,0.0,0.0,0.0,0.0,0.07282260020738544,0.0,0.03075035266240712,0.0,0.0,0.0,0.0,0.0,0.0,0.0,0.0,0.0,0.0,0.0367170476271746,0.0,0.0,0.0,0.0,0.0,0.0,0.0,0.02476923105560441,0.0,0.0,0.04396852464133125,0.07175508535544424,0.0,0.0,0.0,0.0,0.0,0.0,0.0,0.0,0.0,0.05103430386879281,0.0,0.023142048431710673,0.0,0.0,0.0,0.0,0.0,0.0,0.0,0.0,0.0,0.0,0.0,0.0,0.0,0.0,0.0,0.0,0.0,0.0,0.0,0.0,0.0,0.0,0.0,0.0,0.0,0.0,0.0,0.0,0.0,0.0,0.09035031579955496,0.0,0.06468930612798268,0.0,0.0,0.0,0.0,0.0,0.0,0.0,0.0,0.0,0.0,0.0,0.0,0.0,0.0,0.23016471873887762
2023-11-01,0.0,0.0,0.0,0.0,0.0,0.0,0.0,0.0,0.0,0.0,0.0,0.0,0.0,0.07121790708593537,0.0,0.0,0.0,0.0,0.022159002589617047,0.0,0.0,0.0,0.0,0.0,0.0,0.0,0.0,0.0,0.0,0.0,0.0,0.0,0.0,0.0,0.0,0.06456125544860492,0.0,0.0,0.0,0.0,0.0,0.0,0.0,0.0,0.0,0.0,0.0,0.0,0.0,0.0,0.0,0.0,0.041048038992486775,0.0,0.0,0.0,0.0,0.0,0.0,0.0,0.0,0.0,0.0,0.0,0.0,0.0,0.0,0.0,0.0,0.0,0.0,0.0,0.0,0.0,0.0,0.0,0.0,0.0,0.0,0.0,0.0,0.0,0.0,0.0,0.0,0.02435854416776456,0.0,0.0,0.0,0.0,0.0,0.0,0.0720784072748295,0.0,0.0,0.0,0.0,0.0,0.0,0.0,0.0,0.0,0.0,0.0,0.0,0.022110825138897647,0.0,0.0,0.0,0.0,0.0,0.0,0.0,0.04230483430357401,0.0,0.0,0.02647762886143026,0.07143555509172043,0.0,0.0,0.0,0.0,0.0,0.0,0.0,0.0,0.0,0.030732606291936696,0.0,0.04216102382205692,0.0,0.0,0.0,0.0,0.0,0.0,0.0,0.0,0.0,0.0,0.0,0.0,0.0,0.0,0.0,0.0,0.0,0.0,0.0,0.0,0.0,0.0,0.0,0.0,0.0,0.0,0.0,0.0,0.0,0.0,0.054408514926717895,0.0,0.03895558136035542,0.0,0.0,0.0,0.0,0.0,0.0,0.0,0.0,0.0,0.028224996300858587,0.0,0.0,0.0,0.0,0.3477652783432139
2023-12-01,0.0,0.0,0.0,0.0,0.0,0.0,0.0,0.0,0.0,0.0,0.0,0.0,0.0,0.055300006342883644,0.037621010080252065,0.0,0.0,0.0,0.0,0.0,0.0,0.0,0.0,0.0,0.03484455177174637,0.0,0.0,0.0,0.0,0.0,0.0,0.0,0.0,0.0,0.0,0.08775219171557226,0.0,0.0,0.0,0.0,0.0,0.0,0.0,0.0,0.0,0.0,0.0,0.0,0.0,0.0,0.0,0.0,0.031873399676129226,0.0,0.0,0.0,0.0,0.0,0.0,0.0,0.0,0.0,0.0,0.0,0.0,0.0,0.0,0.0,0.0,0.0,0.0,0.0,0.0,0.0,0.037621010080252065,0.0,0.0,0.0,0.0,0.0,0.0,0.0,0.0,0.0,0.0,0.0,0.0,0.0,0.0,0.0,0.0,0.0,0.09275624888742474,0.0,0.0,0.0,0.0,0.0,0.0,0.0,0.0,0.0,0.0,0.0,0.0,0.0,0.0,0.0,0.0,0.0,0.0,0.0,0.0,0.032849288908467486,0.0,0.0,0.0,0.09309001796492361,0.0,0.0,0.0,0.0,0.0,0.0,0.0,0.0,0.0,0.02386356735851168,0.0,0.07035863156032304,0.0,0.0,0.0,0.0,0.0,0.0,0.0,0.0,0.0,0.0,0.0,0.0,0.0,0.0,0.0,0.0,0.0,0.0,0.0,0.0,0.0,0.0,0.0,0.0,0.0,0.0,0.0,0.0,0.0,0.0,0.07986868827899231,0.0,0.030248626847724516,0.0,0.0,0.0,0.0,0.0,0.0,0.0,0.0,0.0,0.021916432795223123,0.0,0.0,0.0,0.0,0.27003632773157393
2024-01-02,0.0,0.0,0.0,0.0,0.0,0.0,0.0,0.0,0.0,0.0,0.0,0.0,0.0,0.038445665701127237,0.06824000728223534,0.0,0.0,0.0,0.0,0.0,0.0,0.0,0.0,0.0,0.0662359562681039,0.0,0.0,0.0,0.0,0.0,0.0,0.0,0.0,0.0,0.0,0.10309220311027488,0.0,0.0,0.0,0.0,0.0,0.0,0.0,0.0,0.0,0.0,0.0,0.0,0.0,0.0,0.0,0.0,0.02215902220894723,0.0,0.0,0.0,0.0,0.0,0.0,0.0,0.0,0.0,0.0,0.0,0.0,0.0,0.0,0.0,0.0,0.0,0.0,0.0,0.0,0.0,0.026154875424715684,0.0,0.0,0.0,0.0,0.0,0.0,0.0,0.0,0.04208513185751966,0.0,0.0,0.0,0.0,0.0,0.0,0.0,0.0,0.06448599145369524,0.0,0.0,0.0,0.0,0.0,0.0,0.0,0.0,0.0,0.0,0.0,0.0,0.0,0.0,0.0,0.0,0.0,0.0,0.0,0.0,0.022837479837960407,0.0,0.0,0.0,0.10680316622085456,0.0,0.0,0.0,0.0,0.0,0.0,0.0,0.0,0.0,0.0,0.0,0.09099985370013396,0.0,0.0,0.0,0.0,0.0,0.0,0.0,0.0,0.0,0.0,0.0,0.0,0.0,0.0,0.0,0.0,0.0,0.0,0.0,0.0,0.0,0.0,0.0,0.0,0.0,0.0,0.0,0.0,0.0,0.0,0.09761143452234425,0.0,0.021029447781526555,0.0,0.04208513185751966,0.0,0.0,0.0,0.0,0.0,0.0,0.0,0.0,0.0,0.0,0.0,0.0,0.18773463277304148
2024-02-01,0.0,0.0,0.0,0.0,0.0,0.0,0.0,0.0,0.0,0.0,0.0,0.0,0.0,0.028190967129150264,0.05003819720905668,0.0,0.0,0.0,0.0,0.03986315652193854,0.0,0.0,0.0,0.0,0.04856869121314767,0.0,0.0,0.0,0.0,0.0,0.0,0.0,0.0,0.0,0.0,0.07559418873759362,0.0,0.0,0.0,0.0,0.0,0.0,0.0,0.0,0.0,0.0,0.0,0.0,0.0,0.0,0.0,0.0,0.0,0.0,0.0,0.0,0.0,0.0,0.0,0.0,0.0,0.0,0.0,0.0,0.0,0.0,0.0,0.0,0.0,0.0,0.0,0.0,0.0,0.0,0.0,0.0,0.0,0.0,0.0,0.0,0.0,0.03986315652193854,0.0,0.030859670321341452,0.0,0.0,0.0,0.0,0.0,0.0,0.0,0.0,0.04728549843548386,0.0,0.0,0.0,0.0,0.0,0.0,0.0,0.0,0.0,0.0,0.0,0.0,0.0,0.0,0.0,0.0,0.0,0.0,0.0,0.0,0.0,0.0,0.0,0.03986315652193854,0.1181784748630904,0.0,0.0,0.0,0.0,0.0,0.0,0.0,0.0,0.0,0.0,0.0,0.10659041530738707,0.0,0.0,0.0,0.0,0.0,0.0,0.0,0.0,0.0,0.0,0.0,0.0,0.0,0.0,0.0,0.0,0.0,0.0,0.0,0.0,0.0,0.0,0.0,0.0,0.0,0.0,0.0,0.0,0.0,0.0,0.11143847435985876,0.0,0.05528337256818623,0.0,0.07072282684327998,0.0,0.0,0.0,0.0,0.0,0.0,0.0,0.0,0.0,0.0,0.0,0.0,0.1376597534466085
2024-03-01,0.0,0.0,0.0,0.0,0.0,0.0,0.0,0.0,0.0,0.0,0.0,0.0,0.0,0.0,0.07460352660336221,0.0,0.0,0.0,0.0,0.03354754000023128,0.0,0.0,0.0,0.0,0.04087383572686325,0.0,0.0,0.0,0.0,0.0,0.0,0.0,0.0,0.03249300227781246,0.0,0.06361761816487807,0.0,0.0,0.0,0.0,0.0,0.0,0.0,0.0,0.0,0.0,0.0,0.0,0.0,0.0,0.0,0.0,0.0,0.0,0.0,0.0,0.0,0.0,0.0,0.0,0.0,0.0,0.0,0.0,0.0,0.0,0.0,0.0,0.0,0.0,0.0,0.0,0.0,0.0,0.0,0.0,0.0,0.0,0.0,0.0,0.0,0.06604054227804375,0.0,0.0,0.032493002277812454,0.0,0.0,0.0,0.0,0.0,0.0,0.0,0.03979394229160572,0.0,0.0,0.0,0.0,0.0,0.0,0.0,0.0,0.0,0.0,0.0,0.0,0.0,0.0,0.0,0.0,0.0,0.0,0.0,0.0,0.0,0.0,0.0,0.06604054227804375,0.09945517260917235,0.0,0.0,0.0,0.0,0.0,0.0,0.0,0.0,0.0,0.0,0.0,0.08970303741997648,0.0,0.0,0.0,0.0,0.0,0.0,0.0,0.0,0.0,0.0,0.0,0.0,0.0,0.0,0.0,0.0,0.0,0.0,0.0,0.0,0.0,0.0,0.0,0.0,0.0,0.0,0.0,0.0,0.0,0.0,0.10695251901122406,0.0,0.04652469383748455,0.0,0.059518037944351614,0.0,0.0,0.0,0.0,0.0,0.0,0.0,0.0,0.032493002277812454,0.0,0.0,0.0,0.11584998500132561
2024-04-01,0.0,0.0,0.0,0.0,0.0,0.0,0.0,0.0,0.0,0.0,0.0,0.0,0.0,0.0,0.09517559949023746,0.0,0.0,0.0,0.0,0.024712832800250377,0.0,0.0,0.0,0.0,0.03010975672779309,0.0,0.0,0.0,0.0,0.0,0.0,0.0,0.0,0.0,0.0,0.04686398945639424,0.0,0.0,0.0,0.0,0.0,0.0,0.0,0.0,0.0,0.0,0.0,0.0,0.0,0.0,0.0,0.0,0.0,0.0,0.0,0.0,0.0,0.0,0.0,0.0,0.0,0.0,0.0,0.0,0.03993257330999585,0.0,0.0,0.0,0.0,0.037928788269350894,0.0,0.0,0.0,0.0,0.0,0.0,0.0,0.0,0.0,0.0,0.0,0.08886766752558965,0.0,0.0,0.0,0.040218828315802306,0.0,0.0,0.0,0.0,0.0,0.0,0.029314252022904944,0.0,0.0,0.0,0.0,0.0,0.0,0.0,0.0,0.0,0.0,0.0,0.0,0.0,0.0,0.0,0.0,0.0,0.0,0.0,0.0,0.0,0.0,0.0,0.08886766752558965,0.07326376395388672,0.0,0.0,0.0,0.0,0.0,0.0,0.0,0.0,0.0,0.0,0.0,0.06607984267756141,0.0,0.0,0.0,0.0,0.0,0.0,0.0,0.0,0.0,0.0,0.0,0.0,0.0,0.0,0.0,0.0,0.0,0.0,0.0,0.0,0.0,0.0,0.0,0.0,0.0,0.0,0.0,0.0,0.0,0.0,0.09476926370999732,0.0,0.07449129598051536,0.0,0.08406285742516706,0.0,0.0,0.0,0.0,0.0,0.0,0.0,0.0,0.0,0.0,0.0,0.0,0.08534102080896352
2024-05-01,0.0,0.0,0.0,0.0,0.0,0.0,0.0,0.0,0.0,0.0,0.0,0.0,0.0,0.0,0.08074662207893007,0.0,0.0,0.0,0.0,0.0,0.0,0.0,0.0,0.0,0.058451691880856214,0.0,0.0,0.0,0.0,0.0,0.0,0.0,0.0,0.0,0.0,0.03975923310191054,0.0,0.0,0.0,0.0,0.0,0.0,0.0,0.0,0.0,0.0,0.0,0.0,0.0,0.0,0.0,0.03290668706439571,0.0,0.0,0.0,0.0,0.0,0.0,0.0,0.0,0.0,0.0,0.0,0.0,0.06678533267284441,0.0,0.0,0.0,0.0,0.06508532895055665,0.0,0.0,0.0,0.0,0.0,0.0,0.0,0.0,0.0,0.0,0.0,0.0753949962296885,0.0,0.0,0.0,0.03412150328306125,0.0,0.0,0.0,0.0,0.0,0.0,0.0,0.0,0.0,0.0,0.0,0.0,0.0,0.0,0.0,0.0,0.0,0.0,0.0,0.0,0.0,0.0,0.0,0.0,0.0,0.0,0.0,0.0,0.0,0.0,0.0753949962296885,0.095063389956204,0.0,0.0,0.0,0.0,0.0,0.0,0.0,0.0,0.0,0.03290668706439571,0.0,0.05606189099200276,0.0,0.0,0.0,0.0,0.0,0.0,0.0,0.0,0.0,0.0,0.0,0.0,0.0,0.0,0.0,0.0,0.0,0.0,0.0,0.0,0.0,0.0,0.0,0.0,0.0,0.0,0.0,0.0,0.0,0.0,0.08040188832511155,0.0,0.06319813646485485,0.0,0.07131861333934857,0.0,0.0,0.0,0.0,0.0,0.0,0.0,0.0,0.0,0.0,0.0,0.0,0.07240300236615083
2024-06-03,0.0,0.0,0.0,0.0,0.0,0.0,0.0,0.0,0.0,0.0,0.0,0.0,0.0,0.0,0.07085994629586877,0.0,0.0,0.0,0.0,0.0,0.0,0.0,0.0,0.0,0.05129482374546189,0.0,0.0,0.0,0.0,0.0,0.0,0.0,0.0,0.0,0.0,0.03489108336460629,0.0,0.0,0.0,0.0,0.0353189026344628,0.0,0.0,0.0,0.0,0.0,0.0,0.0,0.0,0.0,0.0,0.0,0.0,0.0,0.0,0.0,0.0,0.0,0.0,0.0,0.0,0.0,0.0,0.0,0.05860808743087164,0.0,0.0,0.0,0.0,0.09068430050095956,0.0,0.0,0.0,0.0,0.0,0.0,0.035295835245415116,0.0,0.0,0.0,0.0,0.06616357745083948,0.0,0.0,0.0,0.0,0.0,0.0,0.0,0.0,0.0,0.0,0.0,0.0,0.0,0.0,0.0,0.0,0.0,0.0,0.0,0.0,0.0,0.0,0.0,0.0,0.0,0.0,0.0,0.0,0.0,0.0,0.0,0.0,0.0353189026344628,0.0,0.10148248008530228,0.08342375858664652,0.0,0.0,0.0,0.0,0.0,0.0,0.0,0.0,0.0,0.0,0.0,0.04919763183474092,0.0,0.0,0.0,0.0,0.0,0.0,0.0,0.0,0.0,0.0,0.0,0.0,0.0,0.0,0.0,0.0,0.0,0.0,0.0,0.0,0.0,0.0,0.0,0.0,0.0,0.0,0.0,0.0,0.0,0.0,0.07055742199636215,0.0,0.0907790127988376,0.0,0.06258630987909472,0.0,0.0,0.0,0.0,0.0,0.0,0.0,0.0,0.0,0.0,0.0,0.0,0.06353792551606745
2024-07-01,0.0,0.0,0.0,0.0,0.0,0.0,0.0,0.0,0.0,0.0,0.0,0.0,0.0,0.0,0.09530477388375892,0.0,0.0,0.0,0.0,0.0,0.0,0.0,0.0,0.0,0.03811968141292745,0.0,0.0,0.0,0.0,0.0,0.0,0.0,0.0,0.0,0.0,0.0,0.0,0.0,0.0,0.0,0.0,0.0,0.0,0.0,0.0,0.0,0.0,0.0,0.0,0.0,0.0,0.0,0.0,0.0,0.0,0.0,0.0,0.0,0.0,0.0,0.0,0.0,0.0,0.0,0.04355452378922503,0.0,0.0,0.0,0.0,0.10816187909407413,0.0,0.0,0.0,0.0,0.0,0.0,0.0,0.0,0.0,0.0,0.0,0.049169376350351304,0.0,0.0,0.0,0.0,0.0,0.0,0.0,0.0,0.0,0.0,0.04264529714709032,0.0,0.0,0.0,0.0,0.0,0.0,0.0,0.0,0.0,0.0,0.0,0.0,0.0,0.0,0.0,0.0,0.0,0.0,0.0,0.0,0.0,0.0688924936080985,0.0,0.1180618699584498,0.10464155461299657,0.0,0.0,0.0,0.0,0.0,0.0,0.0,0.0,0.0,0.0,0.0,0.03656115597778499,0.0,0.0,0.0,0.0,0.0,0.0,0.0,0.0,0.0,0.0,0.0,0.0,0.0,0.0,0.0,0.0,0.0,0.0,0.0,0.0,0.0,0.0,0.04264529714709032,0.0,0.0,0.0,0.0,0.0,0.0,0.0,0.052434656197775896,0.0,0.06746230504745432,0.0,0.04651093461672956,0.0,0.0,0.0,0.0,0.0,0.0,0.0,0.0,0.0,0.0,0.0,0.03861607461910568,0.047218126537087214
2024-08-01,0.0,0.0,0.0,0.0,0.0,0.0,0.0,0.0,0.0,0.0,0.0,0.0,0.0,0.0,0.08328040064593455,0.0,0.0,0.0,0.0,0.0,0.0,0.0,0.0,0.0,0.0,0.0,0.0,0.0,0.0,0.0,0.0,0.0,0.0,0.0,0.0,0.0,0.0,0.0,0.0,0.0,0.0,0.0,0.0,0.0,0.0,0.0,0.0,0.0,0.0,0.0,0.0,0.0,0.0,0.0,0.0,0.0,0.0,0.0,0.0,0.0,0.0,0.0,0.0,0.0,0.054371852317267384,0.0,0.0,0.0,0.0,0.09451535593125893,0.0,0.0,0.0,0.0,0.0,0.0,0.0,0.0,0.0,0.0,0.0,0.042965794840061064,0.0,0.0,0.035543461363892956,0.0,0.0,0.0,0.0,0.0,0.0,0.0,0.03726484295955958,0.0,0.0,0.0,0.0,0.0,0.0,0.0,0.0,0.0,0.0,0.0,0.0,0.0,0.0,0.0,0.0,0.0,0.0,0.0,0.0,0.0,0.06020049400859707,0.0,0.10316628884865812,0.0914391822912542,0.0,0.0,0.0,0.0,0.0,0.0,0.0,0.0,0.0,0.0,0.0,0.0,0.0,0.035543461363892956,0.0,0.0,0.0,0.0,0.0,0.0,0.0,0.0,0.0,0.0,0.0,0.0,0.0,0.0,0.0,0.0,0.0,0.0,0.0,0.0,0.03726484295955958,0.0,0.0,0.0,0.0,0.0,0.0,0.0,0.08136256357600956,0.0,0.09202707381541594,0.0,0.07425019420968128,0.0,0.0,0.0,0.035543461363892956,0.0,0.0,0.0,0.0,0.0,0.0,0.0,0.0,0.041260729505063924
2024-09-03,0.0,0.0,0.0,0.0,0.0,0.0,0.0,0.0,0.0,0.0,0.0,0.0,0.0,0.0,0.07068970158898608,0.0,0.0,0.0,0.0,0.0,0.0,0.0,0.0,0.0,0.0,0.0,0.0,0.0,0.0,0.0,0.0,0.0,0.0,0.0,0.0,0.0,0.0,0.0,0.0,0.0,0.0,0.0,0.0,0.0,0.0,0.03616959637100305,0.0,0.0,0.0,0.0,0.0,0.0,0.0,0.0,0.0,0.0,0.0,0.0,0.0,0.0,0.0,0.0,0.0,0.0,0.046151675368239,0.0,0.0,0.0,0.0,0.0802261066774017,0.0,0.0,0.0,0.0,0.0,0.0,0.0,0.0,0.0,0.0,0.0,0.03647003607355702,0.0,0.0,0.0,0.036169596371003046,0.0,0.0,0.0,0.0,0.0,0.0,0.0,0.0,0.0,0.0,0.0,0.0,0.0,0.0,0.0,0.0,0.0,0.0,0.0,0.0,0.0,0.0,0.0,0.0,0.0,0.0,0.0,0.0,0.05109911724692227,0.0,0.08756915332047928,0.11378459893553741,0.0,0.0,0.0,0.0,0.0,0.0,0.0,0.0,0.0,0.0,0.0,0.0,0.0,0.06467209204967767,0.0,0.0,0.0,0.0,0.0,0.0,0.0,0.0,0.0,0.0,0.0,0.0,0.0,0.0,0.0,0.0,0.0,0.0,0.0,0.0,0.0,0.0,0.0,0.0,0.0,0.0,0.0,0.0,0.06906181160385413,0.0,0.07811401404967805,0.0,0.09919431804497178,0.0,0.0,0.03272639725773806,0.06287903498890507,0.0,0.0,0.0,0.0,0.0,0.0,0.0,0.0,0.03502275005204631
2024-10-01,0.0,0.0,0.0,0.0,0.0,0.0,0.0,0.0,0.0,0.0,0.0,0.0,0.0,0.0,0.05987591341482547,0.0,0.0,0.0,0.0,0.0,0.0,0.0,0.0,0.0,0.0,0.0,0.0,0.0,0.0,0.0,0.0,0.0,0.0,0.0,0.0,0.0,0.0,0.0,0.0,0.0,0.0,0.0,0.0,0.0,0.0,0.0653424861524615,0.0,0.0,0.0,0.03470594968564478,0.0,0.0,0.0,0.0,0.0,0.0,0.0,0.0,0.0,0.0,0.0,0.0,0.0,0.0,0.07379755222720032,0.0,0.0,0.0,0.0,0.06795348274285387,0.0,0.0,0.0,0.0,0.0,0.0,0.0,0.0,0.0,0.0,0.0,0.0,0.0,0.0,0.03398735645547156,0.0,0.0,0.0,0.0,0.0,0.03470594968564478,0.0,0.0,0.0,0.0,0.0,0.0,0.0,0.0,0.0,0.0,0.0,0.0,0.0,0.0,0.0,0.0,0.0,0.0,0.0,0.0,0.0,0.0,0.0,0.043282207324064285,0.0,0.07417322359787033,0.09637834989625113,0.0,0.0,0.0,0.0,0.0,0.0,0.0,0.0,0.0,0.0,0.0,0.0,0.0,0.05477885033999708,0.0,0.0,0.0,0.0,0.0,0.0,0.0,0.0,0.0,0.0,0.0,0.0,0.0,0.0,0.0,0.0,0.0,0.0,0.0,0.0,0.0,0.0,0.0,0.0,0.0,0.0,0.0,0.0,0.09320300030139728,0.0,0.06616448841328414,0.0,0.0840200236384755,0.0,0.0,0.0,0.08796603665692806,0.0,0.0,0.0,0.0,0.0,0.0,0.0,0.0,0.029665129467629954
2024-11-01,0.0,0.0,0.0,0.0,0.0,0.0,0.0,0.0,0.0,0.0,0.0,0.0,0.0,0.0,0.0858718595775108,0.0,0.0,0.0,0.0,0.0,0.0,0.0,0.0,0.0,0.0,0.0,0.0,0.0,0.0,0.0,0.0,0.0,0.0,0.03821306340718255,0.0,0.0,0.0,0.0,0.0,0.0,0.0,0.0,0.0,0.0,0.0,0.05127417402551088,0.0,0.0,0.0,0.0,0.0,0.0,0.0,0.0,0.039059608542096017,0.0,0.0,0.0,0.0,0.0,0.0,0.0,0.0,0.0,0.09696846323007537,0.0,0.0,0.0,0.0,0.05332302005875521,0.0,0.0,0.0,0.0,0.0,0.0,0.0,0.0,0.0,0.0,0.0,0.0,0.0,0.0,0.06572944821576246,0.0,0.0,0.0,0.0,0.0,0.0,0.0,0.0,0.0,0.0,0.0,0.0,0.0,0.0,0.0,0.0,0.0,0.0,0.0,0.0,0.0,0.0,0.0,0.0,0.0,0.0,0.0,0.0,0.0,0.033963498501789285,0.0,0.05820364358216364,0.07562798074963972,0.0,0.0,0.0,0.0,0.0,0.0,0.0,0.0,0.0,0.0,0.0,0.0,0.0,0.04298490110549028,0.0,0.0,0.0,0.0,0.0,0.0,0.0,0.0,0.0,0.0,0.0,0.0,0.0,0.0,0.0,0.0,0.0,0.0,0.0,0.0,0.0,0.0,0.0,0.0,0.0,0.0,0.0,0.0,0.0731362875603343,0.0,0.08834898531223453,0.0,0.104990024835331,0.0,0.0,0.0,0.06902684818814303,0.0,0.0,0.0,0.0,0.0,0.0,0.0,0.0,0.023278193107980936
2024-12-02,0.0,0.0,0.0,0.0,0.035122033114120196,0.0,0.0,0.0,0.0,0.0,0.0,0.0,0.0,0.0,0.07636855744429025,0.0,0.0,0.0,0.0,0.0,0.0,0.0,0.0,0.0,0.0,0.0,0.0,0.0,0.0,0.0,0.0,0.0,0.0,0.0691061175661355,0.0,0.0,0.0,0.0,0.0,0.0,0.0,0.0,0.0,0.0,0.0,0.04559974272993693,0.0,0.0,0.0,0.0,0.0,0.0,0.0,0.0,0.0,0.0,0.0,0.0,0.0,0.0,0.0,0.0,0.0,0.0,0.08623711761809758,0.0,0.0,0.0,0.0,0.04742184623106226,0.0,0.0,0.0,0.0,0.0,0.0,0.0,0.0,0.0,0.0,0.0,0.0,0.0,0.0,0.09357730782860384,0.03512203311412019,0.0,0.0,0.0,0.0,0.0,0.0,0.0,0.0,0.0,0.0,0.0,0.0,0.0,0.0,0.0,0.0,0.0,0.0,0.0,0.0,0.0,0.0,0.0,0.0,0.0,0.0,0.0,0.0,0.0,0.0,0.05176233891102963,0.06725835239495763,0.0,0.0,0.0,0.0,0.0,0.0,0.0,0.0,0.0,0.0,0.0,0.0,0.0,0.038227830461138444,0.0,0.0,0.0,0.0,0.0,0.0,0.0,0.0,0.0,0.0,0.0,0.0,0.0,0.0,0.0,0.0,0.0,0.0,0.0,0.0,0.0,0.0,0.0,0.0,0.0,0.0,0.0,0.0,0.06504241092825096,0.0,0.11369357672756664,0.0,0.09337094575758173,0.0,0.0,0.0,0.061387756675937474,0.0,0.0,0.0,0.0,0.0,0.0,0.0,0.0,0.020702032497170883
2025-01-02,0.0,0.0,0.0,0.0,0.05975587883835461,0.0,0.0,0.0,0.0,0.0,0.0,0.0,0.0,0.0,0.06562584659121372,0.0,0.0,0.0,0.0,0.0,0.0,0.0,0.0,0.0,0.0,0.0,0.0,0.0,0.0,0.0,0.0,0.0,0.0,0.08895944621512131,0.0,0.0,0.0,0.0,0.0,0.0,0.0,0.0,0.0,0.0,0.0,0.03918525923678283,0.0,0.0,0.0,0.0,0.0,0.0,0.0,0.0,0.0,0.0,0.0,0.0,0.0,0.0,0.0,0.0,0.0,0.0,0.07410620339924796,0.0,0.0,0.0,0.0,0.04075104872973474,0.0,0.0,0.0,0.0,0.0,0.0,0.0,0.0,0.0,0.0,0.0,0.0,0.0,0.0,0.0804138542548558,0.030181441607040706,0.0,0.0,0.0,0.0,0.0,0.0,0.0,0.0,0.0,0.0,0.0,0.0,0.0,0.0,0.0,0.0,0.0,0.0,0.0,0.0,0.0,0.0,0.0,0.0,0.0,0.0,0.0,0.0,0.0,0.0,0.04448096738053049,0.05779716762974275,0.0,0.0,0.0,0.0,0.0,0.0,0.0,0.0,0.0,0.0,0.0,0.0,0.0,0.03285034864234123,0.0,0.0,0.0,0.0,0.0,0.0,0.0,0.0,0.0,0.0,0.0,0.0,0.0,0.0,0.0,0.0,0.0,0.0,0.0,0.0,0.0,0.0,0.0,0.0,0.0,0.0,0.0,0.0,0.05589294107871374,0.0,0.12727481909557184,0.0,0.080236520990115,0.0,0.0,0.0,0.05275238445000943,0.0,0.0,0.0,0.0,0.0,0.0,0.0,0.0,0.06973587186062383
2025-02-03,0.0,0.0,0.0,0.0,0.05042488244183027,0.0,0.0,0.0,0.0,0.0,0.0,0.0,0.0,0.0,0.05537824334337342,0.0,0.0,0.0,0.0,0.0,0.0,0.0,0.0,0.0,0.0,0.0,0.0,0.0,0.0,0.0,0.0,0.0,0.0,0.11471624663193489,0.0,0.0,0.0,0.0,0.0,0.0,0.0,0.0,0.0,0.0,0.0,0.0,0.0,0.0,0.0,0.03874689981562759,0.0,0.0,0.0,0.0,0.0,0.0,0.0,0.0,0.0,0.0,0.0,0.0,0.0,0.0,0.06253437598542957,0.0,0.0,0.0,0.0,0.0,0.0,0.0,0.0,0.0,0.0,0.03964799050901429,0.0,0.0,0.0,0.0,0.0,0.0,0.0,0.0,0.06785707492419883,0.0,0.0,0.0,0.0,0.0,0.0,0.0,0.03964799050901429,0.0,0.0,0.0,0.0,0.0,0.0,0.0,0.0,0.0,0.0,0.0,0.0,0.0,0.0,0.0,0.0,0.0,0.0,0.0,0.0,0.0,0.0,0.0,0.0,0.048772027787999064,0.0,0.0,0.0,0.0,0.0,0.0,0.0,0.0,0.0,0.0,0.03964799050901429,0.0,0.0,0.0,0.0,0.0,0.0,0.0,0.0,0.0,0.0,0.0,0.0,0.0,0.0,0.0,0.0,0.0,0.0,0.0,0.0,0.0,0.0,0.0,0.0,0.0,0.0,0.0,0.0,0.0,0.0,0.0,0.04716514990677847,0.0,0.14704859971200565,0.0,0.10735542310175701,0.0,0.0,0.0,0.0445149972877749,0.0,0.0,0.0,0.0,0.0,0.0,0.0,0.03769562734000979,0.05884648019423759
2025-03-03,0.0,0.0,0.0,0.0,0.03676495143418874,0.0,0.0,0.0,0.0,0.0,0.0,0.0,0.0,0.0,0.04037646353223525,0.0,0.0,0.0,0.0,0.0,0.0,0.0,0.0,0.0,0.0,0.0,0.0,0.0,0.0,0.0,0.0,0.0,0.0,0.08364000136243886,0.0,0.0,0.0,0.0,0.0,0.0,0.0,0.04152735382582639,0.0,0.0,0.0,0.0,0.0,0.0,0.0,0.058324874298948115,0.0,0.0,0.0,0.0,0.0,0.0,0.0,0.0,0.0,0.0,0.0,0.0,0.0,0.0,0.0871213777429631,0.0,0.0,0.0,0.0,0.0,0.0,0.0,0.0,0.0,0.0,0.0653400839459187,0.0,0.0,0.0,0.0,0.0,0.0,0.0,0.0,0.049474821620699126,0.0,0.0,0.0,0.0,0.0,0.04152735382582639,0.0,0.07043483709479835,0.0,0.0,0.0,0.0,0.0,0.0,0.0,0.0,0.0,0.0,0.0,0.0,0.0,0.0,0.0,0.0,0.0,0.0,0.0,0.0,0.0,0.0,0.0,0.0,0.035559849545335004,0.0,0.0,0.0,0.0,0.0,0.0,0.0,0.0,0.0,0.0,0.07043483709479835,0.0,0.0,0.0,0.0,0.0,0.0,0.0,0.0,0.0,0.0,0.0,0.0,0.0,0.0,0.0,0.0,0.0,0.0,0.0,0.0,0.0,0.0,0.0,0.0,0.0,0.0,0.0,0.0,0.0,0.0,0.0,0.03438826947607261,0.0,0.12487899468096302,0.0,0.11730076383050082,0.0,0.0,0.0,0.0,0.0,0.0,0.0,0.0,0.0,0.0,0.0,0.0,0.04290516668848711
2025-04-01,0.0,0.0,0.0,0.0,0.029080682062138447,0.0,0.0,0.0,0.0,0.0,0.0,0.0,0.0,0.0,0.031937349376791595,0.0,0.0,0.0,0.0,0.0,0.0,0.0,0.0,0.0,0.0,0.0,0.0,0.0,0.0,0.0,0.0,0.0,0.0,0.06615834354226947,0.0,0.0,0.0,0.0,0.0,0.0,0.0,0.03284769124889323,0.0,0.0,0.0,0.0,0.0,0.0,0.0,0.06363755980966657,0.0,0.0,0.0,0.0,0.0,0.0,0.0,0.0,0.0,0.0,0.0,0.0,0.0,0.0,0.08641528502047517,0.0,0.0,0.0,0.0,0.0,0.0,0.0,0.0,0.0,0.0,0.05168330524102668,0.0,0.0,0.0,0.0,0.0,0.0,0.0,0.0,0.039134052990877084,0.0,0.0,0.0,0.0,0.0,0.0434887074947191,0.0,0.07321641042996026,0.0,0.0,0.0,0.0,0.0,0.0,0.0,0.0,0.0,0.0,0.0,0.0,0.0,0.0,0.0,0.0,0.0,0.0,0.0,0.0,0.0,0.0,0.0,0.0,0.028127459399925208,0.0,0.0,0.0,0.0,0.0,0.0,0.0,0.0,0.0,0.0,0.0557132003103255,0.0,0.0,0.0,0.0,0.0,0.0,0.0,0.0,0.0,0.0,0.0,0.0,0.0,0.0,0.0,0.0,0.0,0.0,0.0,0.0,0.0,0.0,0.0,0.0,0.0,0.0,0.0,0.0,0.0,0.0,0.0,0.027200752137288245,0.0,0.09877794472426449,0.0,0.09278364544305172,0.0,0.0,0.0,0.0,0.0,0.0,0.0,0.0,0.0,0.0,0.0,0.0,0.17979761076832715
2025-05-01,0.0,0.0,0.0,0.0,0.02395343340762312,0.0,0.0,0.0,0.0,0.0,0.0,0.0,0.0,0.0,0.02630643840740496,0.0,0.0,0.0,0.0,0.0,0.0,0.0,0.0,0.0,0.0,0.0,0.0,0.0,0.0,0.0,0.0,0.0,0.0,0.054493889552254635,0.0,0.0,0.0,0.0,0.0,0.0,0.0,0.027056276852217346,0.0,0.0,0.0,0.0,0.0,0.0,0.0,0.05241754811208817,0.0,0.0,0.0,0.0,0.0,0.0,0.0,0.0,0.0,0.0,0.0,0.0,0.0,0.0,0.09206111648104742,0.0,0.0,0.0,0.0,0.0,0.0,0.0,0.0,0.0,0.0,0.04257096197852231,0.0,0.0,0.0,0.0,0.0,0.0,0.0,0.0,0.03223428289214057,0.0,0.0,0.0,0.0,0.0,0.03582116322899452,0.0,0.06030754051200859,0.0,0.0,0.0,0.0,0.0,0.0,0.0,0.0,0.0,0.0,0.0,0.0,0.0,0.0,0.0,0.0,0.0,0.0,0.0,0.0,0.0,0.0,0.0,0.0,0.02316827453434864,0.0,0.0,0.0,0.0,0.0,0.0,0.0,0.0,0.0,0.0,0.06677215179967036,0.0,0.0,0.0,0.0,0.0,0.0,0.0,0.0,0.0,0.0,0.0,0.0,0.0,0.0,0.0,0.0,0.0,0.0,0.0,0.0,0.0,0.0,0.0,0.0,0.0,0.0,0.0,0.0,0.0,0.0,0.0,0.0,0.0,0.08136229116080636,0.0,0.0764248537117435,0.0,0.0,0.0,0.0,0.0,0.0,0.0,0.0,0.0,0.0,0.0,0.0,0.3050497773691296
2025-06-02,0.0,0.0,0.0,0.0,0.0,0.0,0.0,0.0,0.0,0.0,0.0,0.0,0.0,0.0,0.0,0.0,0.0,0.0,0.0,0.0,0.0,0.0,0.0,0.0,0.0,0.0,0.0,0.0,0.0,0.0,0.0,0.0,0.0,0.0739251413657856,0.0,0.02682679411835731,0.0,0.0,0.0,0.0,0.0,0.0,0.03428427931548798,0.0,0.0,0.0,0.0,0.036432002866454885,0.0,0.0360645644366661,0.0,0.0,0.036432002866454885,0.0,0.0,0.0,0.0,0.0,0.0,0.0,0.0,0.0,0.036432002866454885,0.0,0.09977231898239487,0.0,0.0,0.0,0.0,0.0,0.0,0.0,0.0,0.0,0.0,0.02928987060062848,0.0,0.0,0.0,0.0,0.0,0.0,0.0,0.0,0.0,0.0,0.0,0.0,0.0,0.0,0.02464584277589443,0.0,0.04149307358217714,0.0,0.0,0.0,0.0,0.0,0.0,0.0,0.0,0.0,0.0,0.0,0.0,0.0,0.0,0.0,0.0,0.0,0.0,0.0,0.0,0.0,0.0,0.0,0.0,0.0,0.0,0.0,0.0,0.0,0.0,0.0,0.0,0.0,0.0,0.0,0.08110748073467873,0.0,0.0,0.0,0.0,0.0,0.0,0.0,0.0,0.0,0.0,0.0,0.0,0.0,0.0,0.0,0.0,0.0,0.0,0.0,0.0,0.0,0.0,0.0,0.0,0.0,0.0,0.0,0.0,0.0,0.025162340793720706,0.0,0.0,0.0,0.055979260724081874,0.0,0.05258218212259973,0.0,0.0,0.0,0.0,0.0,0.0,0.0,0.0,0.0,0.0,0.0,0.0,0.30957084184816236
2025-07-01,0.0,0.0,0.0,0.0,0.0,0.0,0.0,0.0,0.0,0.0,0.0,0.0,0.0,0.0,0.0,0.0,0.0,0.0,0.0,0.0,0.0,0.0,0.0,0.0,0.0,0.0,0.0,0.046921627094043,0.0,0.0,0.0,0.0,0.0,0.08602880491403626,0.0,0.06278068768892554,0.0,0.0,0.0,0.0,0.0,0.0,0.036053057565947164,0.0,0.0,0.0,0.0,0.06752189480123295,0.0,0.0,0.0,0.0,0.06752189480123295,0.0,0.0,0.0,0.0,0.0,0.0,0.0,0.0,0.0,0.06752189480123295,0.0,0.04924840685679279,0.0,0.0,0.0,0.0,0.0,0.0,0.0,0.0,0.0,0.0,0.0,0.0,0.0,0.0,0.0,0.0,0.0,0.0,0.0,0.0,0.0,0.0,0.0,0.0,0.0,0.0,0.0,0.0,0.0,0.0,0.0,0.0,0.0,0.0,0.0,0.0,0.0,0.0,0.0,0.0,0.0,0.0,0.0,0.0,0.0,0.0,0.0,0.0,0.0,0.0,0.0,0.0,0.0,0.0,0.0,0.0,0.0,0.0,0.0,0.0,0.0,0.0,0.0,0.08957406451139235,0.0,0.0,0.0,0.0,0.0,0.0,0.0,0.0,0.0,0.0,0.0,0.0,0.0,0.0,0.0,0.0,0.0,0.0,0.0,0.0,0.0,0.0,0.0,0.0,0.0,0.0,0.0,0.0,0.0,0.06195910034524248,0.0,0.0,0.0,0.027631806454939938,0.0,0.025954981552034573,0.0,0.0,0.0,0.0,0.0,0.0,0.0,0.0,0.0,0.0,0.0,0.0,0.31128177861294715
2025-08-01,0.0,0.0,0.0,0.0,0.0,0.04106967394032723,0.0,0.0,0.0,0.0,0.0,0.0,0.0,0.0,0.0,0.0,0.0,0.0,0.0,0.0,0.0,0.0,0.0,0.0,0.0,0.0,0.0,0.033289031990245944,0.0,0.0,0.0,0.0,0.0,0.06103402239496423,0.0,0.08561007993813222,0.0,0.0,0.0,0.0,0.0,0.0,0.06664788725022677,0.0,0.0,0.0,0.0,0.08897377819432549,0.0,0.04106967394032723,0.0,0.0,0.04790410425399826,0.0,0.0,0.0,0.0,0.0,0.0,0.0,0.0,0.0,0.08897377819432548,0.0,0.03493978987639496,0.0,0.0,0.0,0.0,0.0,0.0,0.0,0.0,0.0,0.0,0.0,0.0,0.0,0.0,0.0,0.0,0.0,0.0,0.0,0.0,0.0,0.0,0.0,0.0,0.0,0.0,0.0,0.0,0.0,0.0,0.0,0.0,0.0,0.0,0.0,0.0,0.0,0.0,0.0,0.0,0.0,0.0,0.0,0.0,0.0,0.0,0.0,0.0,0.0,0.0,0.0,0.0,0.0,0.0,0.0,0.0,0.0,0.0,0.0,0.0,0.0,0.0,0.0,0.10461891729967904,0.0,0.0,0.0,0.0,0.0,0.0,0.0,0.0,0.0,0.0,0.0,0.0,0.0,0.0,0.0,0.0,0.0,0.0,0.0,0.0,0.0,0.0,0.0,0.0,0.0,0.0,0.0,0.0,0.0,0.08502719632857984,0.0,0.0,0.0,0.0,0.0,0.0,0.0,0.0,0.0,0.0,0.0,0.0,0.0,0.0,0.0,0.0,0.0,0.0,0.22084206639847342
2025-09-02,0.0,0.0,0.0,0.0,0.0,0.03142387619275038,0.0,0.03282957160638448,0.0,0.0,0.0,0.0,0.0,0.0,0.0,0.0,0.0,0.0,0.0,0.0,0.0,0.0,0.0,0.0,0.0,0.0,0.0,0.0,0.0,0.0,0.0,0.0,0.0,0.04669931312509536,0.0,0.06550333359685533,0.0,0.0,0.0,0.0,0.0,0.0,0.08382425348534234,0.0,0.0,0.0,0.0,0.06807701941929371,0.0,0.0626785975006736,0.0,0.0,0.06948271483292781,0.0,0.0,0.0,0.0,0.0,0.0,0.0,0.0,0.0,0.06807701941929371,0.0,0.026733682689368835,0.0,0.0,0.0,0.0,0.0,0.0,0.0,0.0,0.0,0.0,0.0,0.0,0.0,0.0,0.0,0.0,0.0,0.0,0.0,0.0,0.0,0.0,0.0,0.0,0.0,0.03210271762247928,0.0,0.0,0.0,0.0,0.0,0.0,0.0,0.0,0.0,0.0,0.0,0.0,0.0,0.0,0.0,0.0,0.0,0.0,0.0,0.0,0.0,0.0,0.0,0.03282957160638448,0.03282957160638448,0.0,0.0,0.0,0.0,0.0,0.0,0.0,0.0,0.0,0.0,0.0,0.0,0.08004767482258009,0.0,0.0,0.0,0.0,0.0,0.0,0.0,0.0,0.0,0.0,0.0,0.0,0.0,0.0,0.0,0.0,0.0,0.0,0.0,0.0,0.0,0.0,0.0,0.0,0.0,0.0,0.0,0.0,0.0,0.09788692010951906,0.0,0.0,0.0,0.0,0.0,0.0,0.0,0.0,0.0,0.0,0.0,0.0,0.0,0.0,0.0,0.0,0.0,0.0,0.16897416236466706
2025-10-01,0.0,0.0,0.0,0.0,0.0,0.0,0.0,0.0,0.0,0.0,0.0,0.0,0.0,0.0,0.0,0.0,0.0,0.0,0.0,0.0,0.0,0.0,0.0,0.0,0.0,0.0,0.0,0.0,0.0,0.0,0.0,0.0,0.0,0.04072765990820362,0.0,0.05712712489881797,0.0,0.0,0.0,0.0,0.0,0.0,0.07310526557135746,0.0,0.0,0.0,0.0,0.05937170182880515,0.0,0.05466360063353509,0.0,0.0,0.06059764458705624,0.0,0.0,0.0,0.0,0.0,0.0,0.0,0.0,0.0,0.05937170182880515,0.0,0.053711790867857705,0.0,0.0,0.0,0.0,0.0,0.0,0.0,0.030985748239775287,0.0,0.0,0.0,0.0,0.0,0.0,0.0,0.0,0.0,0.0,0.0,0.0,0.0,0.0,0.0,0.0,0.0,0.05756954719227513,0.0,0.0,0.0,0.0,0.0,0.0,0.0,0.0,0.0,0.0,0.0,0.0,0.0,0.0,0.0,0.0,0.0,0.0,0.0,0.0,0.0,0.0,0.0,0.059617253455605264,0.059617253455605264,0.0,0.0,0.0,0.0,0.0,0.0,0.0,0.0,0.0,0.0,0.0,0.0,0.06981161517051454,0.0,0.0,0.0,0.0,0.0,0.0,0.0,0.0,0.0,0.0,0.0,0.0,0.0,0.0,0.0,0.0,0.0,0.0,0.0,0.0,0.0,0.0,0.0,0.0,0.0,0.0,0.0,0.0,0.0,0.08536967515994595,0.0,0.0,0.0,0.0,0.0,0.0,0.0,0.0,0.0,0.0,0.0,0.0,0.030985748239775283,0.0,0.0,0.0,0.0,0.0,0.14736666896206493
2025-11-03,0.0,0.0,0.0,0.0,0.0,0.0,0.0,0.0,0.0,0.0,0.0,0.0,0.0,0.0,0.0,0.0,0.0,0.0,0.0,0.0,0.0,0.0,0.0,0.0,0.0,0.0,0.0,0.0,0.0,0.0,0.0,0.0,0.0,0.03622363581790342,0.0,0.0508095032300602,0.0,0.0,0.0,0.0,0.0,0.0,0.06502064008579489,0.0,0.0,0.0,0.0,0.052805855032751065,0.0,0.048618417220814655,0.0,0.0,0.0538962222207647,0.0,0.0,0.0,0.0,0.0,0.0,0.0,0.0,0.0,0.052805855032751065,0.0,0.047771866979589614,0.0,0.0,0.0,0.0,0.0,0.0,0.0,0.057648859603340145,0.0,0.0,0.0,0.0,0.0,0.0,0.0,0.0,0.0,0.0,0.0,0.0,0.0,0.0,0.0,0.0,0.0,0.05120299856153849,0.0,0.0,0.0,0.0,0.0,0.0,0.0,0.0,0.0,0.0,0.0,0.0,0.0,0.0,0.0,0.0,0.0,0.0,0.0,0.0,0.0,0.0,0.0,0.05302425139344916,0.05302425139344916,0.0,0.0,0.0,0.0,0.0,0.0,0.0,0.0,0.0,0.0,0.0,0.0,0.06209123061565753,0.0,0.0,0.0,0.0,0.0,0.0,0.0,0.0,0.0,0.0,0.0,0.0,0.0,0.0,0.0,0.0,0.0,0.0,0.0,0.0,0.0,0.0,0.0,0.0,0.0,0.0,0.0,0.0,0.0,0.07592874301780612,0.0,0.0,0.0,0.0,0.0,0.0,0.0,0.0,0.0,0.0,0.0,0.0,0.057648859603340145,0.0,0.0,0.0,0.0,0.0,0.1814788101909897
2025-12-01,0.0,0.0,0.0,0.0,0.0,0.0,0.0,0.0,0.0,0.0,0.0,0.0,0.0,0.0,0.0,0.0,0.0,0.0,0.0,0.0,0.0,0.0,0.0,0.0,0.0,0.0,0.0,0.0,0.0,0.0,0.0,0.0,0.0,0.0,0.0,0.04289848683612783,0.0,0.0,0.0,0.0,0.0,0.0,0.054896956188834854,0.0,0.0,0.0,0.0,0.07851934079891468,0.0,0.04104855191551175,0.0,0.0,0.04550460509298224,0.0,0.0,0.0,0.0,0.0,0.0,0.0,0.0,0.0,0.07969771336283542,0.0,0.07544751494515024,0.0,0.0,0.0,0.0,0.0,0.0,0.0,0.04867295855292972,0.0,0.0,0.0,0.0,0.0,0.0,0.0,0.0,0.0,0.0,0.0,0.0,0.0,0.0,0.0,0.0,0.0,0.0432307151246247,0.0,0.0,0.0,0.0,0.0,0.0,0.0,0.0,0.0,0.0,0.0,0.0,0.0,0.0,0.0,0.0,0.0,0.0,0.0,0.0,0.0,0.0,0.0,0.0798821055101478,0.04476839972431898,0.0,0.0,0.0,0.0,0.0,0.0,0.0,0.0,0.0,0.0,0.0,0.0,0.05242365443220662,0.0,0.0,0.0,0.0,0.0,0.0,0.0,0.0,0.0,0.0,0.0,0.0,0.0,0.0,0.0,0.0,0.0,0.0,0.0,0.0,0.0,0.0,0.0,0.0,0.0,0.0,0.0,0.0,0.0,0.06410667248771741,0.03511370578582881,0.0,0.0,0.0,0.0,0.0,0.0,0.0,0.0,0.0,0.0,0.0,0.04867295855292972,0.0,0.0,0.0,0.0,0.0,0.16511566068893915
2026-01-02,0.0,0.0,0.0,0.0,0.0,0.0,0.0,0.0,0.0,0.0,0.0,0.0,0.0,0.0,0.0,0.0,0.0,0.0,0.0,0.0,0.0,0.0,0.0,0.0,0.0,0.0,0.0,0.0,0.0,0.0,0.0,0.0,0.0,0.03643527929390867,0.0,0.03661673186922421,0.0,0.0,0.0,0.0,0.0,0.0,0.04685822912313607,0.0,0.0,0.0,0.0,0.10345679591674567,0.0,0.0,0.0,0.0,0.03884122836009721,0.0,0.0,0.0,0.0,0.0,0.0,0.0,0.0,0.0,0.06802733653392062,0.0,0.10012909850938438,0.0,0.0,0.0,0.0,0.0,0.0,0.0,0.041545630255506755,0.0,0.0,0.0,0.0,0.0,0.0,0.0,0.0,0.0,0.0,0.0,0.0,0.0,0.0,0.0,0.0,0.0,0.036900310966215016,0.0,0.0,0.0,0.0,0.0,0.0,0.0,0.0,0.0,0.0,0.0,0.0,0.0,0.0,0.0,0.0,0.0,0.0,0.0,0.0,0.0,0.0,0.0,0.06818472758229768,0.03821282776666828,0.0,0.0,0.0,0.0,0.0,0.0,0.0,0.0,0.0,0.0,0.0,0.0,0.04474710041129845,0.0,0.0,0.0,0.0,0.0,0.0,0.0,0.0,0.0,0.0,0.0,0.0,0.0,0.0,0.0,0.0,0.0,0.0,0.0,0.0,0.0,0.0,0.0,0.0,0.0,0.0,0.0,0.0,0.0,0.05471933885402293,0.06640717910953807,0.0,0.0,0.0,0.0,0.0,0.0,0.0,0.0,0.0,0.0,0.0,0.07798090954941542,0.0,0.0,0.0,0.0,0.0,0.1409372758986205
2026-02-02,0.0,0.0,0.0,0.0,0.0,0.0,0.0,0.03617242229108986,0.0,0.0,0.0,0.0,0.0,0.0,0.0,0.0,0.0,0.0,0.0,0.0,0.0,0.0,0.0,0.0,0.0,0.0,0.0,0.0,0.0,0.0,0.0,0.0,0.0,0.06812699908967418,0.0,0.0,0.0,0.0,0.0,0.0,0.0,0.0,0.041095743196656084,0.0,0.0,0.0,0.0,0.09073398624968972,0.0,0.0,0.0,0.0,0.051133028669084146,0.0,0.0,0.0,0.0,0.0,0.0,0.0,0.0,0.0,0.05966153661513787,0.0,0.09552839977365914,0.0,0.0,0.0,0.0,0.0,0.0,0.0,0.03643647196817633,0.0,0.0,0.0,0.0,0.0,0.0,0.0,0.0,0.0,0.0,0.0,0.0,0.0,0.0,0.0,0.0,0.0,0.0,0.0,0.0,0.0,0.03617242229108986,0.0,0.0,0.0,0.0,0.0,0.0,0.0,0.0,0.0,0.0,0.0,0.0,0.0,0.0,0.0,0.0,0.0,0.0,0.0,0.059799572179575426,0.0,0.0,0.0,0.0,0.0,0.0,0.0,0.0,0.0,0.0,0.0,0.0,0.03617242229108986,0.039244234827255725,0.0,0.0,0.0,0.0,0.0,0.0,0.0,0.0,0.0,0.0,0.0,0.0,0.0,0.0,0.0,0.0,0.0,0.0,0.0,0.0,0.0,0.0,0.0,0.0,0.0,0.0,0.0,0.0,0.0,0.04799011698727276,0.09441304363272016,0.0,0.0,0.0,0.0,0.0,0.0,0.0,0.0,0.0,0.0,0.0,0.08371437187968535,0.0,0.0,0.0,0.0,0.0,0.1236052280581435
2026-03-02,0.0,0.0,0.0,0.0,0.0,0.0,0.0,0.06594368600218024,0.0,0.0,0.0,0.0,0.0,0.0,0.0,0.0,0.0,0.0,0.0,0.0,0.0,0.0,0.0,0.0,0.0,0.0,0.0,0.0,0.0,0.0,0.0,0.0,0.0,0.09030821406931516,0.0,0.0,0.0,0.0,0.0,0.0,0.0,0.0,0.032775768206806416,0.0,0.0,0.0,0.0,0.07236457770257264,0.0,0.0,0.0,0.0,0.040780970606859764,0.037094495398226214,0.0,0.0,0.0,0.0,0.0,0.0,0.0,0.0,0.0475828526960127,0.0,0.11247640364320202,0.0,0.0,0.0,0.0,0.0,0.0,0.0,0.0,0.0,0.0,0.0,0.0,0.0,0.0,0.0,0.0,0.0,0.0,0.0,0.0,0.0,0.0,0.0,0.0,0.0,0.0,0.0,0.0,0.0,0.06594368600218026,0.0,0.0,0.0,0.0,0.0,0.0,0.0,0.0,0.0,0.0,0.0,0.0,0.0,0.0,0.0,0.0,0.0,0.0,0.0,0.04769294248420928,0.0,0.0,0.0,0.0,0.0,0.0,0.0,0.0,0.0,0.0,0.03689955630185368,0.0,0.0,0.0,0.0,0.0,0.0,0.0,0.0,0.0,0.0,0.0,0.0,0.0,0.0,0.0,0.0,0.0,0.0,0.0,0.0,0.0,0.0,0.0,0.0,0.0,0.0,0.0,0.0,0.0,0.0,0.0,0.0,0.07239652258167806,0.07529879722571675,0.0,0.0,0.0,0.037094495398226214,0.0,0.0,0.0,0.0,0.0,0.0,0.0,0.06676610847933807,0.0,0.0,0.0,0.0,0.0,0.09858092320162255
2026-04-01,0.0,0.0,0.0,0.0,0.0,0.0,0.0,0.05269682654444633,0.0,0.0,0.0,0.0,0.0,0.0,0.0,0.0,0.0,0.0,0.0,0.0,0.0,0.0,0.0,0.0,0.0,0.0,0.0,0.0,0.0,0.0,0.0,0.0,0.0,0.07216697429064076,0.0,0.0,0.0,0.0,0.0,0.0,0.0,0.0,0.02619172625561076,0.0,0.0,0.0,0.0,0.05782788058023477,0.0,0.0,0.0,0.0,0.03258883245187115,0.02964290151583975,0.0,0.0,0.0,0.0,0.0,0.0,0.0,0.0,0.03802434299667172,0.0,0.08988198707808027,0.0,0.0,0.0,0.0,0.0,0.0,0.0,0.0,0.0,0.0,0.0,0.0,0.0,0.0,0.0,0.0,0.0,0.0,0.0,0.0,0.0,0.0,0.0,0.0,0.0,0.0,0.0,0.0,0.0,0.07056931296397269,0.0,0.0,0.0,0.0,0.0,0.0,0.0,0.0,0.0,0.0,0.0,0.0,0.0,0.0,0.0,0.0,0.0,0.0,0.0,0.038112317794936984,0.0,0.0,0.0,0.0,0.0,0.0,0.0,0.0,0.0,0.0,0.04735960847608724,0.0,0.0,0.0,0.0,0.0,0.0,0.0,0.0,0.0,0.0,0.0,0.0,0.0,0.0,0.0,0.0,0.0,0.0,0.0,0.0,0.0,0.0,0.0,0.0,0.0,0.0,0.0,0.0,0.0,0.0,0.0,0.0,0.057853408327548525,0.07804515641977232,0.0,0.0,0.0,0.02964290151583975,0.0,0.0,0.0,0.0,0.0,0.0,0.0,0.05335403964933111,0.0,0.0,0.0,0.0,0.0,0.22604178313911585
2026-05-01,0.0,0.0,0.0,0.0,0.0,0.0,0.0,0.04804457694734661,0.0,0.0,0.0,0.0,0.0,0.0,0.0,0.0,0.0,0.0,0.0,0.0,0.0,0.0,0.0,0.0,0.0,0.0,0.0,0.0,0.0,0.0,0.0,0.0,0.0,0.09908719279967373,0.0,0.0,0.0,0.0,0.0,0.0,0.0,0.0,0.0,0.0,0.0,0.0,0.0,0.052722644614960484,0.0,0.0,0.03329135694531749,0.0,0.0,0.0,0.0,0.0,0.0,0.0,0.0,0.0,0.0,0.0,0.03466742862466404,0.0,0.08194690890372691,0.0,0.0,0.0,0.0,0.0,0.0,0.0,0.0,0.0,0.0,0.0,0.0,0.0,0.0,0.0,0.0,0.0,0.0,0.0,0.0,0.0,0.0,0.0,0.03329135694531749,0.0,0.0,0.0,0.03278879167758369,0.0,0.09431137307775284,0.0,0.0,0.0,0.0,0.0,0.0,0.0,0.0,0.0,0.0,0.0,0.0,0.0,0.0,0.0,0.0,0.0,0.0,0.0,0.03474763671767166,0.0,0.0,0.0,0.0,0.0,0.0,0.0,0.0,0.0,0.0,0.04317854608771277,0.0,0.0,0.0,0.0,0.0,0.0,0.0,0.0,0.0,0.0,0.0,0.0,0.0,0.0,0.0,0.0,0.0,0.0,0.0,0.0,0.0,0.0,0.0,0.0,0.0,0.0,0.0,0.0,0.0,0.0,0.0,0.0,0.052745918688572375,0.07115507268383366,0.0,0.0,0.0,0.0,0.0,0.0,0.0,0.0,0.0,0.0,0.0,0.048643769112396804,0.03329135694531749,0.0,0.0,0.0,0.0,0.20608606922815206
2026-06-01,0.0,0.0,0.0,0.0,0.0,0.0,0.0,0.03799070214020219,0.0,0.0,0.03444130526360986,0.0,0.0,0.0,0.0,0.0,0.0,0.0,0.0,0.03444130526360986,0.0,0.0,0.0,0.0,0.0,0.0,0.0,0.0,0.0,0.0,0.0,0.0,0.0,0.11169251103106327,0.0,0.0,0.0,0.0,0.0,0.0,0.0,0.0,0.0,0.0,0.0,0.0,0.0,0.04168983087947282,0.0,0.0,0.060766066681299025,0.0,0.0,0.0,0.0,0.0,0.0,0.0,0.0,0.0,0.0,0.0,0.0,0.0,0.06479858509075097,0.0,0.0,0.0,0.0,0.0,0.0,0.0,0.0,0.0,0.0,0.0,0.0,0.0,0.0,0.0,0.0,0.0,0.0,0.0,0.0,0.0,0.0,0.0,0.060766066681299025,0.0,0.0,0.0,0.0,0.0,0.07457564434289955,0.0,0.0,0.0,0.0,0.0,0.0,0.0,0.0,0.0,0.0,0.0,0.0,0.0,0.0,0.0,0.0,0.0,0.0,0.0,0.0,0.0,0.03444130526360986,0.0,0.0,0.0,0.0,0.0,0.0,0.03444130526360986,0.03444130526360986,0.0,0.0,0.0,0.0,0.0,0.0,0.0,0.0,0.0,0.0,0.0,0.0,0.0,0.0,0.0,0.0,0.0,0.0,0.0,0.0,0.0,0.0,0.0,0.0,0.0,0.0,0.0,0.0,0.0,0.0,0.0,0.0,0.0,0.04170823458816085,0.056265063485906174,0.0,0.0,0.0,0.0,0.0,0.0,0.0,0.0,0.0,0.0,0.0,0.03846450652174793,0.0,0.0,0.0,0.0,0.0,0.23907626223914893
2026-07-01,0.0,0.0,0.0,0.0,0.0,0.0,0.0,0.03259691912060334,0.0,0.0,0.06308512363020552,0.0,0.0,0.0,0.0,0.0,0.0,0.0,0.0,0.06038086906960986,0.0,0.0,0.0,0.0,0.0,0.0,0.0,0.0,0.0,0.0,0.0,0.0,0.0,0.0958348107129059,0.0,0.0,0.0,0.0,0.0,0.0,0.0,0.0,0.0,0.0,0.0,0.0,0.0,0.03577085888843682,0.0,0.0,0.08567239026283603,0.0,0.0,0.0,0.0,0.0,0.0,0.0,0.0,0.0,0.0,0.0,0.0,0.0,0.0555987154314148,0.0,0.0,0.0,0.0,0.0,0.0,0.0,0.0,0.0,0.0,0.0,0.0,0.0,0.0,0.0,0.03353367080517684,0.0,0.0,0.0,0.0,0.032132985473969415,0.0,0.0,0.05213871945765917,0.0,0.0,0.0,0.0,0.0,0.06398766303505436,0.0,0.0,0.0,0.0,0.0,0.0,0.0,0.0,0.0,0.0,0.0,0.0,0.0,0.0,0.0,0.0,0.0,0.0,0.0,0.0,0.0,0.0,0.0,0.0,0.0,0.0,0.0,0.0,0.0,0.0,0.0,0.0,0.0,0.0,0.0,0.0,0.0,0.0,0.0,0.0,0.0,0.0,0.0,0.0,0.0,0.0,0.0,0.0,0.0,0.0,0.0,0.0,0.0,0.0,0.0,0.0,0.0,0.0,0.0,0.0,0.0,0.0,0.0,0.03578664970486893,0.08181042328522288,0.0,0.0,0.0,0.0,0.0,0.03353367080517684,0.0,0.0,0.0,0.0,0.0,0.03300345446304678,0.0,0.0,0.0,0.0,0.0,0.20513307585381246
