Date,Strategy,SPY,QQQ,VTI
2022-11-03,0.0,0.0,0.0,0.0
2022-11-04,0.0,0.0,0.0,0.0
2022-11-07,0.0,0.0,0.0,0.0
2022-11-08,-3.718732648283485e-05,0.0,0.0,0.0
2022-11-09,-0.016441200458206184,-0.020602131707665894,-0.023076401036184913,-0.021548554528571295
2022-11-10,-0.003176684008194597,0.0,0.0,0.0
2022-11-11,0.0,0.0,0.0,0.0
2022-11-14,-0.0019656478081258033,-0.0085067069033129,-0.008750939582895634,-0.009042684671033974
2022-11-15,0.0,-5.0365536327756644e-05,0.0,0.0
2022-11-16,-0.0052218629604734446,-0.007678571974523818,-0.013649312615620413,-0.01018152919410753
2022-11-17,-0.007804400491610908,-0.010714905801160524,-0.015826398364731764,-0.014323985403086659
2022-11-18,-0.008031725172440107,-0.006223201069358697,-0.01579198869550691,-0.009682364624876039
2022-11-21,-0.011705885108480918,-0.009836646704428742,-0.02591641362795505,-0.013874801471372211
2022-11-22,0.0,0.0,-0.011887084508637513,-0.0009481078237186802
2022-11-23,-0.0032484982730458523,0.0,-0.0019695490607453126,0.0
2022-11-25,-0.0018643194523313422,-0.0002237257135500048,-0.008535215977304556,0.0
2022-11-28,-0.010621126795861802,-0.01617709005669088,-0.02308295534833027,-0.01622492600436165
2022-11-29,-0.005843064805691411,-0.01786690439382832,-0.030477906079940387,-0.01776302078784764
2022-11-30,0.0,0.0,0.0,0.0
2022-12-01,-0.002416525996711938,-0.00073589454836398,0.0,0.0
2022-12-02,-0.0038469057274466145,-0.001888615120702264,-0.003983160601111924,-0.0009305270254726938
2022-12-05,-0.019147648872962275,-0.01984406459796706,-0.020699915679724068,-0.020570079273502406
2022-12-06,-0.02581965593999136,-0.0339727365894682,-0.04099162089842001,-0.0352630380258846
2022-12-07,-0.030412779728919648,-0.035616210820221705,-0.044906657858417964,-0.03683005498375569
2022-12-08,-0.030378662482726804,-0.028061199812475568,-0.03360344729005005,-0.02850419984949415
2022-12-09,-0.03854478670358574,-0.035321837271592216,-0.039765820466892476,-0.03663426642941148
2022-12-12,-0.026716508946477147,-0.021413847133538777,-0.027713356123401534,-0.022774058512515682
2022-12-13,-0.018358140533722533,-0.014006062223317128,-0.017261212821868543,-0.015476506593713024
2022-12-14,-0.02188854854300082,-0.020310123280622427,-0.024547360384264305,-0.02096173510698196
2022-12-15,-0.028782116817062775,-0.044274867034464704,-0.05729963413034833,-0.0453520135715243
2022-12-16,-0.03334809856020782,-0.05555826885703252,-0.06628749111788901,-0.05627389740223154
2022-12-19,-0.03428920520951784,-0.06356691241313428,-0.07940963478714103,-0.06577519238567531
2022-12-20,-0.02837490497406414,-0.06228560494472091,-0.08012647403724116,-0.06381628341995293
2022-12-21,-0.018847658041154847,-0.048264363962417844,-0.06678242371799525,-0.049662038409982956
2022-12-22,-0.02742893790371126,-0.0618419604916568,-0.08961383354153052,-0.06314129706492744
2022-12-23,-0.01806549588917017,-0.05644540047032143,-0.08756608577712321,-0.05797411670588115
2022-12-27,-0.018608776000368143,-0.06016631987527954,-0.10046653535064376,-0.06191090731187221
2022-12-28,-0.02972440332506332,-0.07184641423839966,-0.11234268593343566,-0.07372190892817088
2022-12-29,-0.02070036826267263,-0.05513931937972849,-0.0907057247877171,-0.05669444523387934
2022-12-30,-0.022127180287418113,-0.05762808532853425,-0.09125230807359774,-0.05910594302104344
2023-01-03,-0.02697432221217755,-0.06159571855183332,-0.09739480742690143,-0.06294432763872315
2023-01-04,-0.023381933096518037,-0.054350889023059845,-0.09309494097474458,-0.05462744713059575
2023-01-05,-0.0251217337256171,-0.06514400906573015,-0.10729186527205614,-0.06570024638497751
2023-01-06,-0.009100498219502762,-0.043705781542110134,-0.082652043783628,-0.04508025559420359
2023-01-09,-0.010716668873298918,-0.044247734019696394,-0.07671327769087899,-0.04468655291616708
2023-01-10,-0.008376113915174677,-0.03754525020060717,-0.06889850767777916,-0.03715723521369341
2023-01-11,-0.0066160667255052985,-0.025372357372161813,-0.05278997662115692,-0.02446026480342922
2023-01-12,0.0,-0.021823752272586372,-0.04767124487292562,-0.01973591139178421
2023-01-13,0.0,-0.018029141172446472,-0.04111862207023187,-0.015552790915852044
2023-01-17,0.0,-0.01982786343552556,-0.039173325460323594,-0.01688150793242804
2023-01-18,-0.007464175805694029,-0.035302883484463976,-0.051664182970110106,-0.03238352135831124
2023-01-19,-0.006866710643059437,-0.042325772817075946,-0.06098086140165515,-0.040257417469456214
2023-01-20,0.0,-0.0244851471124532,-0.03528283851763825,-0.021852033764432788
2023-01-23,0.0,-0.012780436419992602,-0.013850885958049175,-0.009450360043893546
2023-01-24,0.0,-0.013840039631503265,-0.01586409365480912,-0.011074452474985064
2023-01-25,0.0,-0.013470322812879854,-0.018048194978575793,-0.010582422533428004
2023-01-26,0.0,-0.002627891465109111,0.0,-0.0003954346234302797
2023-01-27,-0.0038639750510695015,-0.00033637073670489404,0.0,0.0
2023-01-30,-0.010733866128426417,-0.012878980383773553,-0.02021904977939648,-0.013386365593779814
2023-01-31,-0.006143240180317977,0.0,-0.005536054518158973,0.0
2023-02-01,-0.008736933748320186,0.0,0.0,0.0
2023-02-02,-0.013678635390655947,0.0,0.0,0.0
2023-02-03,-0.017220417525786846,-0.010629199802429823,-0.017772301866691542,-0.010332823386423162
2023-02-06,-0.02274314278309253,-0.01667569005984526,-0.026081274322166115,-0.01776097556368106
2023-02-07,-0.019144569110809084,-0.00381509574113692,-0.005902954894064005,-0.00538064576280417
2023-02-08,-0.024411218821384195,-0.014708028777859705,-0.023579052022687175,-0.015999190747464476
2023-02-09,-0.027397222200488236,-0.02324987651862931,-0.03220860703731154,-0.025570064481217347
2023-02-10,-0.022288171007824986,-0.020970391273217426,-0.03856041747461658,-0.023808355837114603
2023-02-13,-0.017640464683108315,-0.009477549363831717,-0.023161765220078956,-0.012189671000453428
2023-02-14,-0.013782003948093924,-0.009933415781876342,-0.015943912338002852,-0.011808962776515886
2023-02-15,-0.011325368187146467,-0.006718152335808081,-0.00840507729246498,-0.0073805446062370494
2023-02-16,-0.012699441061987393,-0.020394680920309605,-0.027011752962216917,-0.02061796302971186
2023-02-17,-0.019380253056026975,-0.022841717941747497,-0.03387645553373053,-0.02347487432362938
2023-02-21,-0.0286280587751907,-0.0424445099608306,-0.05674980634176052,-0.043712129129404254
2023-02-22,-0.030368577379298878,-0.043764171641019645,-0.05604400522602526,-0.0445213816646407
2023-02-23,-0.02762852103848734,-0.03867742837123289,-0.047799468965830205,-0.03942660984430091
2023-02-24,-0.03320145822234133,-0.04894679005869673,-0.06374298169952142,-0.050140293798888846
2023-02-27,-0.028155094576026163,-0.045707634403249875,-0.05703822075380971,-0.04675947070740416
2023-02-28,-0.030579048510545492,-0.04923464523515053,-0.05825751341022145,-0.049949787342693064
2023-03-01,-0.02127405388986847,-0.052881806312291,-0.06582841670178219,-0.04766431924524983
2023-03-02,-0.022867505735872484,-0.045515730952280675,-0.058097272081185314,-0.04618810368304327
2023-03-03,-0.011431561754419728,-0.03020786987935198,-0.038624653867740166,-0.030664988645784486
2023-03-06,-0.011665643811798576,-0.029535978068177093,-0.03753363419541966,-0.031950697751795154
2023-03-07,-0.022987079245734066,-0.044412018087627736,-0.04933934418139163,-0.04637868631135311
2023-03-08,-0.0215332025613586,-0.042852515382524214,-0.044591645352771714,-0.04514050860424956
2023-03-09,-0.03382672276977561,-0.06051146175140609,-0.06114485436520767,-0.06399683916197263
2023-03-10,-0.04459745523227443,-0.07406791666826196,-0.07432939902908131,-0.07975806822644815
2023-03-13,-0.05854852387686904,-0.07538765492604493,-0.06746459655648962,-0.08356728328500473
2023-03-14,-0.052007968003979554,-0.06010368606249483,-0.046035116028108725,-0.06723476336828238
2023-03-15,-0.07593928787846038,-0.06598216507831955,-0.0410304716269948,-0.07442487769043737
2023-03-16,-0.06613707696157112,-0.04959471308289898,-0.01575140296078803,-0.05842553459874522
2023-03-17,-0.08026876720522413,-0.0607075003924602,-0.020402897051339686,-0.07056797888874644
2023-03-20,-0.07276593236197426,-0.05167555604905549,-0.016926639241822583,-0.06247309220085917
2023-03-21,-0.05844509721836033,-0.039223426617605694,-0.00288594233989492,-0.04909300340854983
2023-03-22,-0.06532843276306943,-0.05560130641375616,-0.01644471644177925,-0.06609202931956071
2023-03-23,-0.06829306293787218,-0.0530482860019984,-0.0047816651951237965,-0.06439003961254608
2023-03-24,-0.06808210506201051,-0.04683447370133931,-0.0011185923698353584,-0.05850962861219611
2023-03-27,-0.060041356910365384,-0.045052130197225315,-0.00796241561605715,-0.056119195342166805
2023-03-28,-0.05443900693901971,-0.04719561363540614,-0.013231697972667544,-0.057457844067152375
2023-03-29,-0.0458078599088666,-0.033346785464040796,0.0,-0.04388031715630636
2023-03-30,-0.0443188297850583,-0.027686858901953548,0.0,-0.0387169142615833
2023-03-31,-0.04183431797802106,-0.013982226340394588,0.0,-0.024230958723550744
2023-04-03,-0.040205050125181496,-0.010225252993226297,-0.002430435964174138,-0.02164925727618905
2023-04-04,-0.04255423320889917,-0.01571640253778106,-0.005795513391570473,-0.028199068811145422
2023-04-05,-0.05006887390836878,-0.018293621469293808,-0.01561084734399365,-0.03173688262882768
2023-04-06,-0.04921021131978254,-0.014464205718048406,-0.008973895048299485,-0.028533921422675856
2023-04-10,-0.04475428247509872,-0.013452615699171888,-0.00953475743355836,-0.026334527813637987
2023-04-11,-0.04073954439846361,-0.013187580645778185,-0.0158914238628588,-0.02533057935595595
2023-04-12,-0.03858425207332283,-0.0172097422015286,-0.024584742392293024,-0.029442045361408042
2023-04-13,-0.033304907232259096,-0.004155866035156053,-0.005483837058287366,-0.016820706992996315
2023-04-14,-0.03622920715739619,-0.006588276736109067,-0.007353604405516689,-0.019545688186101473
2023-04-17,-0.034741356917441846,-0.0030237428830690583,-0.0065123592697069466,-0.01562564270220912
2023-04-18,-0.0334597174241934,-0.0023735225310418384,-0.006449965872555974,-0.015147510344935
2023-04-19,-0.0353451762881849,-0.0025420698157917476,-0.006917335046245698,-0.014669377987660992
2023-04-20,-0.03509326530344126,-0.007985281786401233,-0.01448902568931909,-0.0207887409084776
2023-04-21,-0.03792852527545498,-0.007214528301163536,-0.013460600362056652,-0.01992822454076626
2023-04-24,-0.03577846428180487,-0.006178892917720558,-0.01551716036411066,-0.019545688186101473
2023-04-25,-0.0443732546782154,-0.021954719668571543,-0.03408840001143287,-0.03589626089375497
2023-04-26,-0.04718600344602775,-0.02609718462474986,-0.02823059010686857,-0.04024667881967381
2023-04-27,-0.03855069301876879,-0.006708733291725388,-0.0018070832976078144,-0.022223061808186118
2023-04-28,-0.036581453162733424,0.0,0.0,-0.013713189445226703
2023-05-01,-0.03757376724537553,-0.0010100327524887875,-0.0011470954194456873,-0.014191245630387095
2023-05-02,-0.041799643616312276,-0.012237732035016213,-0.009858562170836693,-0.026239007983142604
2023-05-03,-0.03985489834812461,-0.01901770970467731,-0.016338108977535182,-0.031928150806160294
2023-05-04,-0.04069120908896595,-0.025965784098982536,-0.019810241499251813,-0.039147210531495946
2023-05-05,-0.03460269604174693,-0.00793410424932306,0.0,-0.021410229183609242
2023-05-08,-0.03350444301879807,-0.007669766607750095,0.0,-0.02035844463856551
2023-05-09,-0.03296724489522873,-0.012021323746035928,-0.006333012179202235,-0.024374390813521774
2023-05-10,-0.03146307302053453,-0.007405046754433653,0.0,-0.020071732802851017
2023-05-11,-0.036720894493968204,-0.009136236623926819,0.0,-0.021362621612588617
2023-05-12,-0.03709888532989658,-0.010434609915459303,-0.003586850147920595,-0.023657230363667514
2023-05-15,-0.03265660417233529,-0.007020465298460676,0.0,-0.01949792827085406
2023-05-16,-0.03783131875414458,-0.01365611981390269,0.0,-0.02709937200662693
2023-05-17,-0.03604436959747026,-0.0016831076322028071,0.0,-0.014478109810328932
2023-05-18,-0.03712415446553452,0.0,0.0,-0.004677272465518412
2023-05-19,-0.03788460061728027,-0.0014550026494927204,-0.002253315970821901,-0.0070677057355477135
2023-05-22,-0.03971973009767704,-0.0010494069148309082,0.0,-0.00534674917223843
2023-05-23,-0.045838015679321886,-0.012260397618816365,-0.012676367106957964,-0.015864442278448965
2023-05-24,-0.05047806211033756,-0.01941649274512247,-0.01774081763870905,-0.02346603835844907
2023-05-25,-0.05233783303311679,-0.010924616453034997,0.0,-0.016820706992997092
2023-05-26,-0.04623342478421821,0.0,0.0,-0.003864668357282497
2023-05-30,-0.04984028980543298,0.0,0.0,-0.0035298919178656796
2023-05-31,-0.05547980515166173,-0.005545112789066553,-0.005686085641500971,-0.009506203609279673
2023-06-01,-0.04615103304095913,0.0,0.0,0.0
2023-06-02,-0.03885400980159781,0.0,0.0,0.0
2023-06-05,-0.04062778166913017,-0.001916061383806733,0.0,-0.002632720048184156
2023-06-06,-0.03088053562669313,0.0,-0.00016917623090606515,0.0
2023-06-07,-0.03405883633433826,-0.0034576509440906733,-0.017131568381058893,-0.001970592059035048
2023-06-08,-0.028595666210115223,0.0,-0.004930904519861334,0.0
2023-06-09,-0.02792973936635368,0.0,-0.0011271990610235427,0.0
2023-06-12,-0.024457005831064693,0.0,0.0,0.0
2023-06-13,-0.019926195501830724,0.0,0.0,0.0
2023-06-14,-0.015336175205609703,0.0,0.0,0.0
2023-06-15,-0.008865696366040732,0.0,0.0,0.0
2023-06-16,-0.01037889844993145,-0.003406181627724769,-0.006292924962641222,-0.0037714155987492726
2023-06-20,-0.017287467660691447,-0.008576658446459051,-0.007715397919153655,-0.008678302600197085
2023-06-21,-0.01641184723207867,-0.013656549913570348,-0.021238170376805532,-0.014130737098663193
2023-06-22,-0.020402658259243034,-0.010096136128879274,-0.00968976250269249,-0.011495154863531587
2023-06-23,-0.028920507585546762,-0.017579807957617932,-0.01950700088636892,-0.01967301029720936
2023-06-26,-0.027114205413216852,-0.02159365135328839,-0.03265120860655335,-0.023093758157694544
2023-06-27,-0.018423023585806608,-0.010867153241465033,-0.016018293376754644,-0.011189659847950617
2023-06-28,-0.019402959406205955,-0.010368323200489082,-0.014098177422409042,-0.010368949660357618
2023-06-29,-0.017243160995072615,-0.006467765371439893,-0.016072374053535676,-0.005625379425533428
2023-06-30,-0.011909935312239162,0.0,-0.0008999730016497898,0.0
2023-07-03,-0.00791110715786314,0.0,0.0,0.0
2023-07-05,-0.017016234089055504,-0.001487096790771747,-2.6833402722803434e-05,-0.003032634985806082
2023-07-06,-0.030563036031546864,-0.009306025304485877,-0.007642572367381084,-0.011903886146373943
2023-07-07,-0.023153687576894177,-0.011807408617138582,-0.010937294949827758,-0.013125805141815716
2023-07-10,-0.01656211523558382,-0.009306025304485877,-0.010613281611949521,-0.008825992240753422
2023-07-11,-0.00994905262107848,-0.0029967491438880334,-0.005725158034067479,-0.0010409551557382102
2023-07-12,0.0,0.0,0.0,0.0
2023-07-13,0.0,0.0,0.0,0.0
2023-07-14,-0.003416639526967691,-0.000622956551370013,-0.00021104308104225034,-0.0014713732588261808
2023-07-17,0.0,0.0,0.0,0.0
2023-07-18,0.0,0.0,0.0,0.0
2023-07-19,-0.0016910054096967997,0.0,-0.00023319626512474656,0.0
2023-07-20,-0.012695434882685208,-0.006634563319860787,-0.023279620111451127,-0.007218938077964809
2023-07-21,-0.012790316944911506,-0.006634563319860787,-0.02620934440053657,-0.007306899781716725
2023-07-24,-0.011858649953086497,-0.002197069752511105,-0.0246537635156433,-0.0037853575133234285
2023-07-25,-0.008204855411517054,0.0,-0.018043128349227944,-0.0012765276324461228
2023-07-26,-0.0058729054801516245,0.0,-0.021309646968062035,-0.0005283291531146261
2023-07-27,-0.00671579237049047,-0.0066301173393076285,-0.023642575568630142,-0.008231301133853508
2023-07-28,0.0,0.0,-0.005858804611957202,0.0
2023-07-31,0.0,0.0,-0.005340411809953816,0.0
2023-08-01,-0.007810762176644004,-0.002861440885259303,-0.007647340274644976,-0.0027154127721434884
2023-08-02,-0.0247603451228805,-0.01673243697502247,-0.02942386274761699,-0.01686035976265121
2023-08-03,-0.02857613859649344,-0.019550423095792135,-0.03097936313673344,-0.01970686526218568
2023-08-04,-0.024433363323561497,-0.02398481574280309,-0.03551610511202907,-0.023866939352514382
2023-08-07,-0.018659551287420695,-0.015465467647304942,-0.027349889060720334,-0.01637852795656658
2023-08-08,-0.026443172248107993,-0.019747007468268518,-0.03561978367242968,-0.020932922854154157
2023-08-09,-0.03102525528850486,-0.026300235057061805,-0.04622276787626045,-0.02793971096903458
2023-08-10,-0.02917524740794708,-0.025950728663053035,-0.04445982987056574,-0.02776454995470501
2023-08-11,-0.035436060305200634,-0.02651875439823781,-0.05055207223497782,-0.028684214788274653
2023-08-14,-0.032396825625446546,-0.02114517143527328,-0.03989716825517009,-0.023866939352514605
2023-08-15,-0.04027157127578518,-0.03254768779827566,-0.05008535772162159,-0.034946707608931815
2023-08-16,-0.04795676762471357,-0.039646936958069534,-0.06014394898757214,-0.04291667277760802
2023-08-17,-0.05782487145837012,-0.04696477465452409,-0.07040997787010084,-0.050755475710554165
2023-08-18,-0.05555934183511291,-0.04650607778541216,-0.07157660316193826,-0.04966085838767198
2023-08-21,-0.050764615275775804,-0.04030214900417317,-0.0566184754550666,-0.044186868164853954
2023-08-22,-0.05174502293106331,-0.042901823370221526,-0.05796637723605158,-0.0467266333642945
2023-08-23,-0.040005706118969364,-0.03224184375521133,-0.04311192808958042,-0.03630413596164739
2023-08-24,-0.05205106978627272,-0.04565400458489299,-0.06356590495123038,-0.04922295585184788
2023-08-25,-0.048623434445333236,-0.03892619678780729,-0.05630743977386443,-0.04274165077995662
2023-08-28,-0.04101516609220612,-0.03283159687264103,-0.0492040899582159,-0.036610598228385305
2023-08-29,-0.0296153202129098,-0.018851341112290032,-0.028438835928033868,-0.022597021998624678
2023-08-30,-0.02650216050436338,-0.01481025560120175,-0.023020665197779455,-0.018261647877288456
2023-08-31,-0.03197456992349745,-0.01625208191915084,-0.020091182396024254,-0.019312613963266334
2023-09-01,-0.02961730601810375,-0.014417225247218446,-0.021128048495807517,-0.01607206568982933
2023-09-05,-0.03837266866783262,-0.01867683009948251,-0.01988358378789301,-0.021940168194889087
2023-09-06,-0.04371725697817397,-0.025273581648250443,-0.028516594848334575,-0.028071081729782232
2023-09-07,-0.04774192274272626,-0.028266217172797203,-0.03546426583182882,-0.03139934952706236
2023-09-08,-0.04755671375921733,-0.02680273266808808,-0.034116122563513374,-0.030348313932745508
2023-09-11,-0.042917289762439026,-0.020402288709857386,-0.022735307669347615,-0.02426119065143495
2023-09-12,-0.048248686806398156,-0.0257760100637916,-0.033571810121410084,-0.0289907465633521
2023-09-13,-0.047840446401794856,-0.024639958593422162,-0.029890416269419906,-0.02885937580260478
2023-09-14,-0.041952611725833644,-0.016230077754966765,-0.021957798962119468,-0.02053881057191309
2023-09-15,-0.050549950253188425,-0.02808305672438316,-0.038704703819009145,-0.032056203330798505
2023-09-18,-0.05029949889318641,-0.02751281673368311,-0.03770261189476398,-0.03196855331529458
2023-09-19,-0.05116446118722695,-0.029529726726272187,-0.039753644285298595,-0.0344210160409264
2023-09-20,-0.05354744568097247,-0.03845158495717893,-0.053591190284610235,-0.042960671556208085
2023-09-21,-0.06603357059014803,-0.054344473114440794,-0.07093376388914341,-0.05901230179436523
2023-09-22,-0.06417020542251628,-0.056470711973102716,-0.07080392420131254,-0.06098995305615362
2023-09-25,-0.06377861872278745,-0.052503042871446914,-0.06639034076438133,-0.05721015908860161
2023-09-26,-0.07337801024645652,-0.0664230293644883,-0.08040956573172409,-0.07079146295799876
2023-09-27,-0.0714802947256381,-0.06605027328756785,-0.07825477428501204,-0.06982453245389564
2023-09-28,-0.06706624121444726,-0.06063579579305334,-0.07054416432987387,-0.06367116772549919
2023-09-29,-0.06824137467500357,-0.06291564862809618,-0.06986920724217249,-0.06639617264842734
2023-10-02,-0.07160381861880827,-0.06328833550953172,-0.06210675800683407,-0.06762688729911004
2023-10-03,-0.07445597330919806,-0.07582718012484291,-0.07856637343665096,-0.08116440091492472
2023-10-04,-0.07321565421385345,-0.0690972964632115,-0.06602690233254183,-0.07452753618030716
2023-10-05,-0.07313163591204797,-0.06944811757143254,-0.06877881145087794,-0.07501096667818918
2023-10-06,-0.0688782619867977,-0.0583998128954093,-0.05317567108524057,-0.0639788811423393
2023-10-09,-0.0715914404994018,-0.05237157145022009,-0.04834697092782303,-0.05808916154384458
2023-10-10,-0.06880104892416361,-0.04743931728966855,-0.04307659044360557,-0.05224323219893212
2023-10-11,-0.06732913463451962,-0.04353738389862627,-0.03624877767163037,-0.048507437009979726
2023-10-12,-0.0682693157953691,-0.04936821062552055,-0.0395978849573676,-0.056155300535638664
2023-10-13,-0.07116090375340567,-0.05410325765423185,-0.0516699975819066,-0.06147352257071359
2023-10-16,-0.06854727762081769,-0.04415100945833117,-0.04094787962854718,-0.05057315533730611
2023-10-17,-0.06872026890153493,-0.044195017786699875,-0.04408922731459952,-0.04934257970330136
2023-10-18,-0.07226138981340069,-0.05693120792482098,-0.05662885941026208,-0.06340745308725859
2023-10-19,-0.07343788420835984,-0.06521729804086873,-0.0654557847967947,-0.07224196297666174
2023-10-20,-0.0783586284038168,-0.07670416369991084,-0.07939725084383698,-0.08371368875681118
2023-10-23,-0.08026275481789258,-0.078304309287211,-0.0766192610938472,-0.08621897782009813
2023-10-24,-0.07769964932715467,-0.07135528352503984,-0.06763641538782994,-0.07931846795557884
2023-10-25,-0.08275856604969156,-0.08468330264513624,-0.09045688758893544,-0.09298783889051387
2023-10-26,-0.08537118292319223,-0.09564386744636189,-0.1077993002019153,-0.10239370732665909
2023-10-27,-0.0858974880370107,-0.0997431463602142,-0.10351555645281485,-0.10722856837219108
2023-10-30,-0.08364080507424643,-0.08897978869082901,-0.09341647581117962,-0.096943419447447
2023-10-31,-0.08153375390982687,-0.08325829083000735,-0.0890808122861021,-0.09109783764422985
2023-11-01,-0.07662353235638053,-0.07348159157918688,-0.07327015380810997,-0.08199940459156896
2023-11-02,-0.06989963845200309,-0.05572547660120142,-0.056447099946453805,-0.06375916528269865
2023-11-03,-0.06757774435650998,-0.047110431150147125,-0.04536130207392497,-0.05321030171971375
2023-11-06,-0.06990817518775994,-0.04491838738538667,-0.04146731887564736,-0.05281479927069155
2023-11-07,-0.0700405321461145,-0.04219997356732508,-0.032406392266222994,-0.05000179679056449
2023-11-08,-0.07210776794317197,-0.04149874652379215,-0.03178343545027529,-0.050133654109684844
2023-11-09,-0.07207195182635939,-0.04897379636184018,-0.03923444652552832,-0.05822101886296538
2023-11-10,-0.06847042714732876,-0.03413323313827166,-0.01763437079510166,-0.04420000524092971
2023-11-13,-0.06712482609447723,-0.035053740673314016,-0.020697879065076807,-0.044771294279332574
2023-11-14,-0.06203668512054794,-0.01633317902740239,0.0,-0.02358619517121474
2023-11-15,-0.0627115104993129,-0.01425074091065448,0.0,-0.021168695140109883
2023-11-16,-0.06270772230441357,-0.013044940391549797,0.0,-0.02182791222737268
2023-11-17,-0.059859825731912064,-0.011817412490200407,0.0,-0.01936669145102432
2023-11-20,-0.058250327250390144,-0.004210752839955978,0.0,-0.011982403546928144
2023-11-21,-0.05906088208660765,-0.006381069222471392,-0.005809673155398154,-0.014663687724612795
2023-11-22,-0.058238036287838524,-0.002544871542042526,-0.0017404817454143018,-0.010444184004422152
2023-11-24,-0.05736001814349678,-0.001931107591367831,-0.003147927934819439,-0.009389394959798292
2023-11-27,-0.057799646407598715,-0.0037284603105081082,-0.004018168807526368,-0.010663899864063353
2023-11-28,-0.057602419454758746,-0.002742217064852559,-0.0014076048911233485,-0.01004861204706109
2023-11-29,-0.05821147498778412,-0.0034435133038703825,-0.002380208372182002,-0.009609110819439604
2023-11-30,-0.0551986734795169,0.0,-0.004888171627655757,-0.005521603435047373
2023-12-01,-0.05338342680515684,0.0,-0.0020474108687505987,0.0
2023-12-04,-0.05236459650291947,-0.005249483147646505,-0.011311782380585944,-0.003593680777460473
2023-12-05,-0.053337624389003135,-0.005445505105130977,-0.008829528803488862,-0.0055222086006589954
2023-12-06,-0.05586726623923344,-0.009453332507350476,-0.01456223162547532,-0.009729483513565063
2023-12-07,-0.053258823632081786,-0.0018950393518720743,-0.0007934292410138877,-0.001796979007082311
2023-12-08,-0.05134302073176755,0.0,0.0,0.0
2023-12-11,-0.05260151544350733,0.0,0.0,0.0
2023-12-12,-0.0519327439523668,0.0,0.0,0.0
2023-12-13,-0.04551343241699102,0.0,0.0,0.0
2023-12-14,-0.04000455363881528,0.0,-0.0008668714863021565,0.0
2023-12-15,-0.042711844638852914,-0.001646595592390887,0.0,-0.0013580020711644325
2023-12-18,-0.03897338701497488,0.0,0.0,0.0
2023-12-19,-0.03793024694818092,0.0,0.0,0.0
2023-12-20,-0.04503666217019897,-0.013857132046325216,-0.014859595262753378,-0.014912289442514548
2023-12-21,-0.03641971124026877,-0.0045066449310275924,-0.003397112027481275,-0.004019798731058288
2023-12-22,-0.03468920791136687,-0.0025059059175304155,-0.00190626696419538,-0.00174172235142811
2023-12-26,-0.03236114654549582,0.0,0.0,0.0
2023-12-27,-0.03114612593036592,0.0,0.0,0.0
2023-12-28,-0.03231967455413998,0.0,-0.00048627162020353776,-0.0005036301356146078
2023-12-29,-0.034225834218341356,-0.002894986310545189,-0.004811909460883945,-0.004323155796660538
2024-01-02,-0.037716860438343325,-0.00847503681056605,-0.0216527658370661,-0.010996849932297326
2024-01-03,-0.04280233437779024,-0.016572701840811832,-0.032005015136425397,-0.020482743364557243
2024-01-04,-0.04091068527686592,-0.01974032969973949,-0.03698693176962797,-0.023001026229017674
2024-01-05,-0.040555971122957835,-0.018397632727432445,-0.035844681988506544,-0.021532171093335273
2024-01-08,-0.033328523359477114,-0.004384292417359714,-0.015917466403102654,-0.007555179059349881
2024-01-09,-0.03252209549098217,-0.005894834755083567,-0.013973432132903474,-0.00940182288993685
2024-01-10,-0.029381672288108063,-0.0002727074994101075,-0.007290541881702417,-0.004281186618692923
2024-01-11,-0.030077657805038682,-0.0007131944132093837,-0.005224977285402943,-0.004952693466179214
2024-01-12,-0.025476156349553025,-2.0906475771131916e-05,-0.004714805452645243,-0.004784948940695033
2024-01-16,-0.03199214290298047,-0.0036921363819768516,-0.004811909460883723,-0.009401822889937184
2024-01-17,-0.03672754819764956,-0.009230307979428143,-0.01042545309504328,-0.015362041000119953
2024-01-18,-0.033987395485673866,-0.00041951448700072724,0.0,-0.00667356194924984
2024-01-19,-0.028455773076863977,0.0,0.0,0.0
2024-01-22,-0.026291230115312425,0.0,0.0,0.0
2024-01-23,-0.03018612426306677,0.0,0.0,0.0
2024-01-24,-0.02880047236066774,0.0,0.0,-0.00016594735457375887
2024-01-25,-0.027024265705065886,0.0,0.0,0.0
2024-01-26,-0.023411611852618863,-0.001270334286663788,-0.005957719991512844,-0.0008255451642540379
2024-01-29,-0.017865767078031225,0.0,0.0,0.0
2024-01-30,-0.0167585353930908,-0.0007734921111419713,-0.006656469951546118,-0.0013917578596550628
2024-01-31,-0.02148010521915511,-0.01707813243027101,-0.026112287821860036,-0.018214084764846872
2024-02-01,-0.013128276658002536,-0.0042135386013005816,-0.014644450598879866,-0.004993609669733279
2024-02-02,-0.011912776297955618,0.0,0.0,0.0
2024-02-05,-0.02015501098528305,-0.0036411961637196066,-0.0013051958907632777,-0.004731140641946352
2024-02-06,-0.018303777723425618,-0.0007484497284269143,-0.0033099565936758335,-0.0013458365866012567
2024-02-07,-0.011634508545403599,0.0,0.0,0.0
2024-02-08,-0.012409002649230727,0.0,0.0,0.0
2024-02-09,-0.008597396876867891,0.0,0.0,0.0
2024-02-12,-0.005363524227072314,-0.00043908088327770933,-0.003912551328795644,0.0
2024-02-13,-0.020993965658019142,-0.014206085623406639,-0.019448472498635017,-0.016015006709446222
2024-02-14,-0.006532635052952762,-0.005247518361892078,-0.008763223347876048,-0.005137556762939033
2024-02-15,-0.001514308336449277,0.0,-0.005811578774257087,0.0
2024-02-16,-0.00437916137725014,-0.004979911268401915,-0.014826651826947201,-0.005244824461792752
2024-02-20,-0.006321571310728968,-0.01045793891292146,-0.022262834569489298,-0.011490548447042226
2024-02-21,-0.00991721014042568,-0.009561592459392365,-0.02617545666246157,-0.011290444196131899
2024-02-22,-0.0022212801734365906,0.0,0.0,0.0
2024-02-23,-0.0024236676871416396,0.0,-0.002944771849192729,0.0
2024-02-26,0.0,-0.0036623936883167785,-0.0034697490367593398,-0.003015993337895151
2024-02-27,0.0,-0.0018115112149894586,-0.0010728285828757178,-0.00023820011196407087
2024-02-28,-0.006635378284311044,-0.003130695987276222,-0.0063915760788029186,-0.0019048510527576168
2024-02-29,-0.0036707810018191678,0.0,0.0,0.0
2024-03-01,0.0,0.0,0.0,0.0
2024-03-04,-0.0028449949277459252,-0.0010724601789006138,-0.0035681020972749833,-0.0009807559085354134
2024-03-05,-0.012802384188097538,-0.011055994742830255,-0.02145358691080501,-0.011572993851928004
2024-03-06,-0.0038995422746204156,-0.006044641806269402,-0.015304735768887356,-0.005727686166016488
2024-03-07,0.0,0.0,-0.0003588923545032596,0.0
2024-03-08,-0.006828619866155905,-0.0060023313154980995,-0.014788641483819753,-0.0057832267411058735
2024-03-11,-0.011356841248251315,-0.006856910870173705,-0.018446414616101192,-0.0073852790614420405
2024-03-12,-0.005795473282166341,0.0,-0.004375904865417168,0.0
2024-03-13,-0.011918929115105503,-0.0015676510887687733,-0.01202841155951262,-0.0012474350146942648
2024-03-14,-0.01742415498084071,-0.0035412525720177612,-0.014519281354671176,-0.00510667558200284
2024-03-15,-0.018143605347295422,-0.010383460389784105,-0.026233566672357878,-0.010992859935366806
2024-03-18,-0.016530375969941336,-0.004502137703264908,-0.016946368114867827,-0.0059642027523245655
2024-03-19,-0.017892062672303477,0.0,-0.014497071810397388,-0.0002339938134049424
2024-03-20,-0.0037610787872537355,0.0,-0.0028122835436995564,0.0
2024-03-21,0.0,0.0,0.0,0.0
2024-03-22,-0.004990841545122082,-0.0018959333639739784,0.0,-0.002812239789582338
2024-03-25,-0.005179619514546374,-0.004653349080163238,-0.003629203986519669,-0.005049549995629565
2024-03-26,-0.0053642330266645555,-0.006491786269313349,-0.006855286096481561,-0.006824216823391072
2024-03-27,-0.0003567753045728983,0.0,-0.003472618884107881,0.0
2024-03-28,0.0,-0.00019115878345854487,-0.005309570408114195,0.0
2024-04-01,0.0,-0.0019306378167666116,-0.0032036633856218355,-0.0007694841600373037
2024-04-02,-0.0040837820396140145,-0.008276558296030578,-0.011806295302343117,-0.01000383745886324
2024-04-03,0.0,-0.007187234786657171,-0.009588225464557176,-0.008464748388037902
2024-04-04,-0.010607834659525195,-0.019305359772392228,-0.024732419724187493,-0.020353988071274753
2024-04-05,-0.0024253253620806214,-0.009060303317650287,-0.013239986562604278,-0.010465648705636377
2024-04-08,0.0,-0.008506056666268802,-0.012948681533371698,-0.009311150776390997
2024-04-09,-0.005252331218162487,-0.007359103965517422,-0.009297197209699348,-0.007887559798790522
2024-04-10,-0.013110971013876038,-0.01729852202690152,-0.017944528187913256,-0.018968856207832285
2024-04-11,-0.009447204610545268,-0.009882268114840942,-0.00226283809287231,-0.012312350314350406
2024-04-12,-0.02635280604906587,-0.023548773256029887,-0.018168507850532034,-0.026548682717983385
2024-04-15,-0.0377902878214561,-0.035781917002103536,-0.03432071438233808,-0.03851478025416111
2024-04-16,-0.04365259679998856,-0.03754050592319691,-0.034231039484978076,-0.04140054207427102
2024-04-17,-0.04572423274923387,-0.04323657040654805,-0.04601477767579387,-0.04701804813173249
2024-04-18,-0.043754626167253896,-0.04520530818767676,-0.05145858365557343,-0.04898030820904686
2024-04-19,-0.045309632392446786,-0.05353901643025061,-0.07108320149070657,-0.05644481775209942
2024-04-22,-0.03491444628719231,-0.04482299062075956,-0.061741236025921076,-0.047172005339115475
2024-04-23,-0.023828782692057238,-0.03348825122301835,-0.04773977396528739,-0.03582155550634314
2024-04-24,-0.027178370238922334,-0.033947008341077,-0.044513761048919354,-0.035590619695268666
2024-04-25,-0.028700624463706137,-0.03761694547433858,-0.04912869697046218,-0.04016924666746058
2024-04-26,-0.020784847543472096,-0.028499372398936518,-0.03445508834119082,-0.031242807783400384
2024-04-29,-0.019030066050613192,-0.025058813824704318,-0.030534579325438682,-0.02743354422049482
2024-04-30,-0.03712882162254716,-0.040503137585980675,-0.0488150424104834,-0.04343978075527677
2024-05-01,-0.03683695277947463,-0.04361870825665204,-0.0556925396505239,-0.04582533258983079
2024-05-02,-0.025742987181442523,-0.03467330388813161,-0.04364005354200273,-0.03593687247344146
2024-05-03,-0.01699971048047011,-0.022707818382262435,-0.024418695970614857,-0.024509444036977746
2024-05-06,-0.004439529276571763,-0.01261546131299085,-0.013732852530115691,-0.014043795331341369
2024-05-07,-0.008786181560361261,-0.011525778369991468,-0.013576198234110493,-0.01315881307807909
2024-05-08,-0.009997290899069089,-0.011430528459086098,-0.014158531518201012,-0.013851499760551222
2024-05-09,-0.0038301978721098084,-0.005734463975735182,-0.012007925434215916,-0.00804139625542255
2024-05-10,-0.00840650633285267,-0.004453622249277256,-0.009678038749104556,-0.007118196389504283
2024-05-13,-0.008818860478603807,-0.004319972845987952,-0.0073929203190793435,-0.006579466914415022
2024-05-14,0.0,0.0,-0.0010082198529568487,-0.0017313846416154854
2024-05-15,0.0,0.0,0.0,0.0
2024-05-16,-0.003920587096630235,-0.002057639461244154,-0.002031398393458339,-0.002703543499471661
2024-05-17,0.0,-0.000622935527770041,-0.0025171690570566785,-0.0012946251815439958
2024-05-20,0.0,0.0,0.0,-0.0002665246635685792
2024-05-21,-0.001962890706111997,0.0,0.0,0.0
2024-05-22,-0.009149026739882604,-0.002879396361313069,-0.00019746308053669726,-0.003382652424367416
2024-05-23,-0.01775325834941921,-0.010162526819237239,-0.004694932076834024,-0.011858099522943255
2024-05-24,-0.007562178947212561,-0.0036132537403014142,0.0,-0.004712716677408468
2024-05-28,-0.008620670615268722,-0.0029170270483241945,0.0,-0.004712716677408468
2024-05-29,-0.018782786111097294,-0.009898994045621778,-0.007048400134114452,-0.012884125234059796
2024-05-30,-0.018966578716913207,-0.016467023485795207,-0.01768624339086511,-0.017711229107115867
2024-05-31,-0.01407945147129841,-0.007509032544527838,-0.019513519288360315,-0.010147659079161375
2024-06-03,-0.009939111025833447,-0.006699913791516798,-0.014249056461783871,-0.009843620537236641
2024-06-04,-0.02352352140434777,-0.005589277684270977,-0.011551514801304563,-0.009957888455307984
2024-06-05,-0.0076803375764255,0.0,0.0,0.0
2024-06-06,-0.0027369284666455274,-1.8757478811859407e-05,-0.00034522830645555835,-0.0008721766138599651
2024-06-07,-0.015851958646556974,-0.0012342421058270103,-0.00122972175171554,-0.0027684585325724598
2024-06-10,-0.009369687024973206,0.0,0.0,0.0
2024-06-11,-0.01589549848806937,0.0,0.0,0.0
2024-06-12,-0.0018393553386346628,0.0,0.0,0.0
2024-06-13,-0.006895402261075212,0.0,0.0,0.0
2024-06-14,-0.007141551323619599,0.0,0.0,-0.000749507246608605
2024-06-17,-0.0002015408314908207,0.0,0.0,0.0
2024-06-18,0.0,0.0,0.0,0.0
2024-06-20,0.0,-0.0027163301738238887,-0.007707942643185195,-0.002524046120369605
2024-06-21,-0.007437268217063364,-0.004053410532010693,-0.010366672650352848,-0.004046139008575311
2024-06-24,-0.007265350968257311,-0.007290973484782359,-0.021633189852177548,-0.0057165270327587114
2024-06-25,-0.006106783064076526,-0.0034682950248383637,-0.010444969820578631,-0.002449956798703079
2024-06-26,-0.00804558666504096,-0.0022243531702348385,-0.008401477333924157,-0.0024870014595365086
2024-06-27,-0.004431260971726414,-0.0006513981232193489,-0.005841732773667729,-7.408932166685922e-05
2024-06-28,-0.00504059274858204,-0.004584014301503125,-0.011002407478843956,-0.003493847382753934
2024-07-01,-0.0026191756048459247,-0.002535310063792595,-0.005201732977367701,-0.0014822524039130869
2024-07-02,-0.00020517677237086307,0.0,0.0,0.0
2024-07-03,0.0,0.0,0.0,0.0
2024-07-05,0.0,0.0,0.0,0.0
2024-07-08,-0.000154942410432235,0.0,0.0,0.0
2024-07-09,-0.0004088875972702022,0.0,0.0,-0.0002566137135011637
2024-07-10,0.0,0.0,0.0,0.0
2024-07-11,-0.0014456720229458764,-0.008622786297442397,-0.021930116870412464,-0.0044717467735253535
2024-07-12,0.0,-0.0023694379789285236,-0.016184236059655688,0.0
2024-07-15,0.0,0.0,-0.013539837197488969,0.0
2024-07-16,0.0,0.0,-0.013162092208158782,0.0
2024-07-17,-0.018576399005188038,-0.014021015983044616,-0.04213061417435793,-0.01411664233013954
2024-07-18,-0.026121411623681423,-0.021598131902786255,-0.046663737983175246,-0.022715660622423473
2024-07-19,-0.03286189078105539,-0.028095346757968542,-0.055113674509632005,-0.02880673929080757
2024-07-22,-0.02217367569951667,-0.018075263009500575,-0.04103710956719964,-0.018667079894622463
2024-07-23,-0.028506047641446597,-0.019615418947524166,-0.04441713322761043,-0.019383618066218578
2024-07-24,-0.04625119796285482,-0.041833307653006635,-0.07869413416170312,-0.04145467445076978
2024-07-25,-0.05376261101335522,-0.04682576228261648,-0.08885400901106644,-0.045145154162711365
2024-07-26,-0.04260746910692892,-0.03615052601900115,-0.07950928099389654,-0.03371538991777556
2024-07-29,-0.04424346861361428,-0.03558397339658259,-0.07766022509579273,-0.03364379212392887
2024-07-30,-0.04906826602097325,-0.04047024088883966,-0.09032531991984027,-0.03765674202474523
2024-07-31,-0.030102624073803486,-0.02487334142051656,-0.06340462828047533,-0.023396567967035042
2024-08-01,-0.05170066280779306,-0.03868220435205805,-0.08609029644183341,-0.038695862431841976
2024-08-02,-0.06746581710831367,-0.05658037818770234,-0.10778184721039819,-0.05804373762445014
2024-08-05,-0.08783766117803404,-0.08405613406037626,-0.13438451202625135,-0.08570407186401663
2024-08-06,-0.08329081987068399,-0.07561171257398436,-0.12611348474810913,-0.07642414622712124
2024-08-07,-0.08480280017501429,-0.08179020009970572,-0.13557728122320456,-0.08348257943881676
2024-08-08,-0.07290016697677615,-0.06056350195445226,-0.10913390572439075,-0.06202066453509181
2024-08-09,-0.07019439308830822,-0.05642098687007169,-0.1044814682085069,-0.057971915737352164
2024-08-12,-0.068878231672716,-0.05592533628415641,-0.10255282896416862,-0.05858111324149118
2024-08-13,-0.0644441385620117,-0.04039944946393814,-0.08028469746525813,-0.04292360571419884
2024-08-14,-0.06366176288407333,-0.03737200993336487,-0.07998641319759203,-0.04020064861550743
2024-08-15,-0.05642880684813811,-0.020872298574338588,-0.056743968174018944,-0.023575730521590677
2024-08-16,-0.05152011206939988,-0.018677321955971937,-0.055531149859794016,-0.02124661731236932
2024-08-19,-0.04540640804541107,-0.009294471643223168,-0.04312479287943638,-0.012002770688961606
2024-08-20,-0.04641892001565717,-0.010905308394547175,-0.04513277022086826,-0.014403593738655518
2024-08-21,-0.042682357069894095,-0.007506324494840011,-0.04067922975828553,-0.009459088191451137
2024-08-22,-0.04678098377723472,-0.015295814689287313,-0.05588909098099348,-0.01784286491569187
2024-08-23,-0.03908594777801955,-0.004833063311979191,-0.0456497554099663,-0.005410283370398727
2024-08-26,-0.03844097347752884,-0.0072052397158035575,-0.05491483876861647,-0.007918222994298452
2024-08-27,-0.036894273056246596,-0.005842172951636471,-0.05209153065813554,-0.007022410221520947
2024-08-28,-0.04024390531727673,-0.011613443866769324,-0.06284791273054591,-0.013077633969668767
2024-08-29,-0.039794684615523046,-0.011524954585641956,-0.06421977511266919,-0.012110223403044462
2024-08-30,-0.03537567601441771,-0.002088900092615309,-0.053065905495083054,-0.002579649464372613
2024-09-03,-0.04437212140774105,-0.022625050010270487,-0.08181566522756523,-0.024041620391410556
2024-09-04,-0.04175640933639624,-0.02462535021015677,-0.08420157149518293,-0.026227089826435512
2024-09-05,-0.04255243147563492,-0.02699785844878544,-0.08334651036530183,-0.02923666219376564
2024-09-06,-0.0532890085482538,-0.04337357420263166,-0.10790116091746493,-0.04536005959087763
2024-09-09,-0.046965468299205004,-0.03266283161496386,-0.09642908053951149,-0.03514846626096846
2024-09-10,-0.044561291542643655,-0.028449525105681217,-0.08807853122742004,-0.03138661284843158
2024-09-11,-0.043964640511098385,-0.018482534925889804,-0.06827576671779112,-0.02174847414905101
2024-09-12,-0.036261482521412924,-0.010214870778549878,-0.059129874441636865,-0.013615121633335447
2024-09-13,-0.027206395891535062,-0.005045437586684964,-0.05491483876861647,-0.006735794952882568
2024-09-16,-0.02294171751652896,-0.003576073073563557,-0.05909020539309007,-0.004765342992649191
2024-09-17,-0.02315499553729017,-0.003168801157174328,-0.058593146696693355,-0.0037621895524144744
2024-09-18,-0.026495153889948497,-0.006125228039642883,-0.06266900348223126,-0.006270017129688665
2024-09-19,-0.018989025396737746,0.0,-0.03896929143537886,0.0
2024-09-20,-0.014748878420162592,-0.001728493464093095,-0.04079835952849631,-0.002091873227182739
2024-09-23,-0.012543195755069236,0.0,-0.038255922996674685,0.0
2024-09-24,-0.008846445313804296,0.0,-0.03361685155897198,0.0
2024-09-25,-0.010645070385198907,-0.002205682811472598,-0.032720895134839334,-0.0032877444706491676
2024-09-26,-0.008832177866612612,0.0,-0.025453672590557197,0.0
2024-09-27,-0.009543611683600628,-0.0014503989358952696,-0.030869264120755635,-0.0009881886664068196
2024-09-30,-0.010363872921611117,0.0,-0.02824105170189084,0.0
2024-10-01,-0.011678850425693388,-0.008958604559465067,-0.04178003052738666,-0.009111360745476804
2024-10-02,-0.012690597197398512,-0.0085402034206844,-0.040426132644836965,-0.00889930732519062
2024-10-03,-0.018087022253594487,-0.010352876958364843,-0.04114293457151419,-0.011018300122090374
2024-10-04,-0.013014718793520341,-0.0013594237311393975,-0.0297343737210638,-0.0014478206006044436
2024-10-07,-0.02168631105162211,-0.010387725626125222,-0.04012748050345949,-0.010559291446507135
2024-10-08,-0.025302017874535787,-0.0010284156688294965,-0.02579211640505208,-0.002224689205765462
2024-10-09,-0.023882064345509435,0.0,-0.018126670568171632,0.0
2024-10-10,-0.024174422677425977,-0.0017499291458935584,-0.01924163447516203,-0.0020737268863117997
2024-10-11,-0.01714160415308552,0.0,-0.017708459470586524,0.0
2024-10-14,-0.014053848591887741,0.0,-0.00946569715593737,0.0
2024-10-15,-0.01657732425426206,-0.007769709751462295,-0.022705901215485103,-0.00686696643262108
2024-10-16,-0.010246304831245556,-0.003456959052906994,-0.022586587508418576,-0.0018033747402761424
2024-10-17,-0.012417329646454922,-0.0033714651690244235,-0.021909638567143896,-0.0020114023798403213
2024-10-18,-0.004579309156527933,0.0,-0.015498519461591975,0.0
2024-10-21,-0.010997968844102535,-0.0016422798462758514,-0.013607035462105843,-0.003150085550884585
2024-10-22,-0.013009405753161118,-0.002172693722533592,-0.01253192454051777,-0.00429249067735471
2024-10-23,-0.01768711455966565,-0.01129010122828411,-0.027663735224122132,-0.013292627191853645
2024-10-24,-0.017742337479816905,-0.009151823673293813,-0.01977915927981333,-0.010661728403055681
2024-10-25,-0.024593210804027432,-0.009494173971489106,-0.013806177764547622,-0.011596286158131464
2024-10-28,-0.02008865125263204,-0.0064318809213388395,-0.013646888447508165,-0.007580817392702777
2024-10-29,-0.022338051141312376,-0.004824017242606504,-0.004169603269661204,-0.00626563778980338
2024-10-30,-0.024525943555466778,-0.00783463276564067,-0.011695624969918383,-0.008723330435772891
2024-10-31,-0.030628152095664607,-0.02728402949177866,-0.03664322595814984,-0.027207825248491746
2024-11-01,-0.032310616577524764,-0.02317891590990173,-0.029515304925920804,-0.02305389948539993
2024-11-04,-0.03256987029584013,-0.02528288384895072,-0.03234253702265677,-0.024819307143054026
2024-11-05,-0.023393307180483047,-0.013496784911952275,-0.019998228074956548,-0.012427136060709998
2024-11-06,-0.0170657184495544,0.0,0.0,0.0
2024-11-07,-0.011106041278753698,0.0,0.0,0.0
2024-11-08,-0.013426151856252733,0.0,0.0,0.0
2024-11-11,-0.014082618077999043,0.0,-0.0005834360231046221,0.0
2024-11-12,-0.021530085585299674,-0.0031065437781114813,-0.0023923212847595243,-0.003932261867328202
2024-11-13,-0.025552623433623745,-0.0026221801108793352,-0.0036759284514934487,-0.004402825645903996
2024-11-14,-0.028149578867240344,-0.009035525411823508,-0.010600195808340818,-0.011763151450810638
2024-11-15,-0.029254066453859084,-0.021728433437238515,-0.03417344287388102,-0.024299259702902587
2024-11-18,-0.021651933657559908,-0.01772005361289941,-0.027463239817062113,-0.020333573242974468
2024-11-19,-0.01941684832531454,-0.014129458257547411,-0.020772502596143827,-0.015829949922835373
2024-11-20,-0.018888822134075278,-0.013795313906355355,-0.021336532678227438,-0.015258588470024481
2024-11-21,-0.012772556493218401,-0.008501019285912959,-0.01781603143954147,-0.008368721664406387
2024-11-22,-0.007845485927241103,-0.005427869136921393,-0.016240616418935705,-0.003461802868039654
2024-11-25,-0.005407193086752304,-0.002054384385846375,-0.014684607339351063,0.0
2024-11-26,-0.0046588205624726875,0.0,-0.009394332195450605,0.0
2024-11-27,-0.002153506229638613,-0.0030300887114236286,-0.01719372363951499,-0.002842174309738321
2024-11-29,0.0,0.0,-0.008558019990275612,0.0
2024-12-02,-0.005609986433456671,0.0,0.0,0.0
2024-12-03,-0.0056343418723686645,0.0,0.0,0.0
2024-12-04,-0.0027578899784997946,0.0,0.0,0.0
2024-12-05,-0.002832760888803354,-0.0016456371446975648,-0.002770820940301788,-0.0027776506478882634
2024-12-06,-0.004388108311699779,0.0,0.0,-1.1102230246251565e-16
2024-12-09,-0.009117721556669789,-0.005149468635669563,-0.007787495086753915,-0.0063813707020993204
2024-12-10,-0.010740806662440039,-0.008242552188483132,-0.011168510303778967,-0.010117443279110128
2024-12-11,-0.007549364028015426,-0.0005756361512210262,0.0,-0.0021490792428776606
2024-12-12,-0.012434527812212659,-0.005725309749023855,-0.006453727405591025,-0.007836217670010193
2024-12-13,-0.014723457124437789,-0.005922790764406161,0.0,-0.008332127317354554
2024-12-16,-0.013226226988603762,-0.0016781274659505296,0.0,-0.004298261564044004
2024-12-17,-0.017604828245808002,-0.005791307555928826,-0.004403918093211834,-0.00922478529823223
2024-12-18,-0.04265766807962412,-0.03542206827288641,-0.04032190876581354,-0.03987449599870696
2024-12-19,-0.04220925549291077,-0.035718341036493295,-0.04459559301488836,-0.04123007857451799
2024-12-20,-0.03352490179659695,-0.024136340811034995,-0.036252387239006034,-0.030319138628341347
2024-12-23,-0.03342061483081582,-0.01829256294899495,-0.026862961952491604,-0.024809810249362685
2024-12-24,-0.025770043088745087,-0.007380993861383911,-0.013667343852138747,-0.014460750055352856
2024-12-26,-0.024053531026231423,-0.007314893573412196,-0.01433739583581306,-0.013896911815698965
2024-12-27,-0.031002059045721064,-0.017764170569487203,-0.027439973413069807,-0.02457747178644132
2024-12-30,-0.03764209601747537,-0.02897324219350461,-0.040374894943173145,-0.035357708462438686
2024-12-31,-0.03653979780208916,-0.03250576455999743,-0.048526698166930116,-0.03870775284794992
2025-01-02,-0.03486442792753908,-0.034882915381383106,-0.050387851951813944,-0.04053203240286618
2025-01-03,-0.02864455118339071,-0.02281576978653177,-0.03484728079057675,-0.027927619250241453
2025-01-06,-0.02727355529975084,-0.017186587278000154,-0.023754859164342945,-0.022487868716192794
2025-01-07,-0.030796938684730546,-0.02829635474846004,-0.04117535243246617,-0.03340056099327893
2025-01-08,-0.02993923474750737,-0.02687678701359897,-0.041007639164818976,-0.03250501682031526
2025-01-10,-0.039253392094322215,-0.041733774685126734,-0.056045699948547356,-0.047033489311399945
2025-01-13,-0.04020617936479132,-0.040248004181227315,-0.05907947331510832,-0.04547443019352748
2025-01-14,-0.03427496078563197,-0.03892733067565746,-0.05997279966601543,-0.043318341627012424
2025-01-15,-0.02340194610933244,-0.0214454954447163,-0.03834642843409941,-0.025771530683726507
2025-01-16,-0.019283777381925327,-0.023327457752179925,-0.045083512166450346,-0.02650153112490161
2025-01-17,-0.01600074197632806,-0.01352176185449716,-0.028966158426610322,-0.017512382794831693
2025-01-21,-0.007342127885249128,-0.004491950112216481,-0.023271002667848317,-0.007760352049464347
2025-01-22,-0.00855761391376475,0.0,-0.01078262987221057,-0.002917630964058171
2025-01-23,-0.007518504249415803,0.0,-0.008679547839079538,0.0
2025-01-24,-0.004992318975544641,-0.0029189598199630407,-0.01428177751573334,-0.002912102869002786
2025-01-27,-0.009964460430152644,-0.017023328872595278,-0.0429804301333192,-0.016811051449413084
2025-01-28,-0.007419750976473849,-0.008577180677809548,-0.028835581259510024,-0.008372360022999015
2025-01-29,-0.00891096608090547,-0.013021696617142475,-0.030659656164340854,-0.01260831429690601
2025-01-30,-0.002936901510517398,-0.007724400508573037,-0.026528222063123774,-0.00642015997489076
2025-01-31,-0.004396007285872416,-0.013005304830221887,-0.0279424837905784,-0.011847200007486736
2025-02-03,-0.005695630046047895,-0.01964723652798739,-0.03572195326046945,-0.019061382875041555
2025-02-04,-0.0019869769694611517,-0.013070871977904353,-0.02388509300847974,-0.011946440014146575
2025-02-05,0.0,-0.009069239722451439,-0.019455769015972346,-0.007379651438244816
2025-02-06,-0.0006446104369387529,-0.005625233659322881,-0.014337395835812838,-0.004930737159911436
2025-02-07,-0.0022913223206534328,-0.014727256955615609,-0.026769921429395382,-0.01383272001638014
2025-02-10,0.0,-0.008036048084747116,-0.01498902282044845,-0.007512005726919568
2025-02-11,-0.002166967985046564,-0.007281618637034359,-0.017333918660838887,-0.00804152572100425
2025-02-12,-0.004737173940755013,-0.010479747896353642,-0.01675702164124837,-0.011317680013401943
2025-02-13,0.0,-3.278357384151054e-05,-0.002612115546945293,-0.0009926057453690795
2025-02-14,-0.000744207152941212,-8.18571222623854e-05,0.0,-0.00112516571281418
2025-02-18,0.0,0.0,0.0,0.0
2025-02-19,-0.000510893227178677,0.0,0.0,0.0
2025-02-20,-0.004427788203489436,-0.004160346116164559,-0.004244730045244172,-0.0053773009437009245
2025-02-21,-0.015045729372140215,-0.021193294951382113,-0.024911062853324006,-0.023752966685974708
2025-02-24,-0.017036996652296632,-0.025647162419300762,-0.03642154805683151,-0.028734538632274487
2025-02-25,-0.02149741909639058,-0.03049299939421979,-0.048561665177827784,-0.03355095010841547
2025-02-26,-0.01932392935196936,-0.030003392004855134,-0.04626332917491738,-0.03322114177042601
2025-02-27,-0.025882875080944667,-0.04548639009959976,-0.0727499249502006,-0.04819876667879819
2025-02-28,-0.018066073549655948,-0.030590839844804374,-0.05810723607715118,-0.03351804103894229
2025-03-03,-0.023365831368769352,-0.04757476717061926,-0.0787182360413643,-0.05083795102597333
2025-03-04,-0.030726755439612896,-0.0588486002080173,-0.08149844076490864,-0.06268152529948767
2025-03-05,-0.02196949478127086,-0.04873315354053287,-0.06952483504430162,-0.052025650620505015
2025-03-06,-0.034637625987029574,-0.06561913913165274,-0.09512166045487591,-0.06964235735558688
2025-03-07,-0.032995463899930466,-0.06038214292261557,-0.08846752982104078,-0.06525468646678578
2025-03-10,-0.04935977362361643,-0.0854094465866595,-0.12379529970570446,-0.0907231281044476
2025-03-11,-0.05068007461138435,-0.09301223704492656,-0.12588974187199842,-0.09709026414397948
2025-03-12,-0.047666016394173116,-0.08819921612175641,-0.1160290985795358,-0.0926365700753009
2025-03-13,-0.05200126675601746,-0.10035401835085755,-0.1319321909959843,-0.10537073963389909
2025-03-14,-0.03799765942583411,-0.08177101749105675,-0.11095050086766,-0.08620351337635745
2025-03-17,-0.028138737264370772,-0.07469034662157237,-0.10518619758395498,-0.07864857522182822
2025-03-18,-0.032616844547552204,-0.08469154481259766,-0.12044045399601166,-0.08857881004495483
2025-03-19,-0.026129109554505647,-0.0747229601051006,-0.10867068512660016,-0.07821983463448867
2025-03-20,-0.029228410015189943,-0.07739868373195902,-0.11169193818130363,-0.08043038091478982
2025-03-21,-0.03274038028963355,-0.07709442626450946,-0.10876345739211479,-0.0800673559459304
2025-03-24,-0.024377368615901895,-0.06056648000342768,-0.0892057759511039,-0.06304424270694997
2025-03-25,-0.022941721598288445,-0.05830814819526431,-0.08400824966543874,-0.06146101915594859
2025-03-26,-0.027226903914327694,-0.06955038059023755,-0.10086316957014996,-0.07244659965245526
2025-03-27,-0.025258684231578843,-0.072021510314217,-0.10598644385215072,-0.07636975031140569
2025-03-28,-0.03518493117252908,-0.09070934022821575,-0.12952381614497288,-0.09477668479570212
2025-03-31,-0.03187296223815639,-0.08460555460292252,-0.12956097063951566,-0.09010872295381955
2025-04-01,-0.029373056397839492,-0.08202007511837361,-0.12254424177136247,-0.08702982832948014
2025-04-02,-0.024063758878580144,-0.07621062111771704,-0.11614016316521669,-0.07981269510926103
2025-04-03,-0.03734484116881198,-0.12173580303157538,-0.16345641196538852,-0.12612836587503773
2025-04-04,-0.06532027689913,-0.173151972654911,-0.215413097574769,-0.17740982043540443
2025-04-07,-0.07607000895793459,-0.17462474490330793,-0.21351975695945868,-0.1800913969951251
2025-04-08,-0.08225264688046685,-0.1875523448942733,-0.22768308447040164,-0.19303593854923284
2025-04-09,-0.052467865293057026,-0.10222980007428195,-0.13498125293617402,-0.11116417114766541
2025-04-10,-0.06015836910791039,-0.14156905494936478,-0.171772408434116,-0.14774660016505792
2025-04-11,-0.05036142318725689,-0.1262521627955714,-0.15651393510089961,-0.13347785301640835
2025-04-14,-0.04454364163075186,-0.1177754930333248,-0.1507965878041626,-0.12549930029782186
2025-04-15,-0.04219452366235632,-0.12024662275730436,-0.14985000297463913,-0.12702213929455664
2025-04-16,-0.042392438487046546,-0.1398018497922211,-0.17548495163191435,-0.14516436593655013
2025-04-17,-0.039243547246594734,-0.1385745902272788,-0.17563345563924315,-0.14337661405658098
2025-04-21,-0.043361909168456725,-0.15907879873398945,-0.19603383748715275,-0.16373692223310077
2025-04-22,-0.034214509370914525,-0.13719996228179765,-0.174928033111721,-0.14244967526642494
2025-04-23,-0.031366560377619646,-0.12383035843332568,-0.15621687010082108,-0.1278497870137324
2025-04-24,-0.024024960285228714,-0.10538793991867146,-0.13247531904427723,-0.10947586411937471
2025-04-25,-0.026560463380145727,-0.09892398799702329,-0.12280420926231939,-0.10401326614825468
2025-04-28,-0.02392696546147066,-0.09858043229476332,-0.1230826400297057,-0.10272212340388431
2025-04-29,-0.021888927408299397,-0.0929020399328816,-0.11729109771472535,-0.09732585617403866
2025-04-30,-0.02368402064372488,-0.09254217748885751,-0.11740250421293252,-0.09679603040757012
2025-05-01,-0.02486170007805555,-0.0861110416189581,-0.10587515132478609,-0.09116816944582573
2025-05-02,-0.016618261385989097,-0.07254514916465471,-0.09260279087239487,-0.07699871336815622
2025-05-05,-0.014363055142282533,-0.0778634765142916,-0.09798597565993172,-0.08222941004598061
2025-05-06,-0.011284607567520477,-0.08557089345853586,-0.1063762241323235,-0.08967834203902969
2025-05-07,-0.01232671339461422,-0.08172533835729578,-0.10286797366908895,-0.08590425613713149
2025-05-08,-0.01355919000886463,-0.07532701853914547,-0.09360510744373252,-0.07872013450685111
2025-05-09,-0.012443157923345494,-0.07650525659468499,-0.09419918045846876,-0.07974646688845288
2025-05-12,-0.012541896235964245,-0.0459861258999984,-0.05729661846231948,-0.04895772568599033
2025-05-13,-0.011042767739019355,-0.0396858491006532,-0.042929169173075765,-0.04250201196413861
2025-05-14,-0.01323404902078551,-0.038458386967490266,-0.03719335859990969,-0.04187294638692263
2025-05-15,-0.009680560035297714,-0.03376194405531685,-0.03613525330133682,-0.03796640404340734
2025-05-16,-0.00839163444611013,-0.027641851688259722,-0.031939986601588366,-0.03137843892086967
2025-05-19,-0.006088253706204361,-0.02657816596151019,-0.031011922033915118,-0.030616814381571156
2025-05-20,-0.004680266291229973,-0.029851161987020425,-0.03424185570060556,-0.0337949488166579
2025-05-21,-0.008559424027939633,-0.04619882253170415,-0.04766266317490453,-0.05061291860387673
2025-05-22,-0.009654572033680475,-0.04582245077769531,-0.045880615086959176,-0.05077859167636378
2025-05-23,-0.007411139719497251,-0.05233542420874604,-0.05471648955217956,-0.05634032693776536
2025-05-27,-0.004424957533254781,-0.032632828793290214,-0.032478498830773805,-0.03694017418227158
2025-05-28,-0.006030827630611912,-0.038229383594020394,-0.036766423825194905,-0.04260125177488605
2025-05-29,-0.004289115554600431,-0.03443295128629331,-0.03487302622446331,-0.03952245967101231
2025-05-30,-0.004996283655583578,-0.035512943754806736,-0.03639522079229396,-0.040316993279783886
2025-06-02,-0.002045737550381066,-0.030080165360490185,-0.028784247953141273,-0.0354173351855368
2025-06-03,-0.002590462492084944,-0.02454893881092679,-0.021192422215470907,-0.02876293680125941
2025-06-04,-0.0012035411525366246,-0.024810859520255857,-0.018463618341738708,-0.028862176612006518
2025-06-05,-0.0009283214620658953,-0.02952381174241403,-0.025851550242792953,-0.034225329731447984
2025-06-06,-0.001557360442988709,-0.019557961705895965,-0.01632894446816391,-0.022969402767027636
2025-06-09,-0.000746966438576302,-0.0186744604114345,-0.014881058889418819,-0.022174766637790277
2025-06-10,-0.0020800601585956313,-0.013110417810122343,-0.008365459814223764,-0.017010195660308702
2025-06-11,-0.0016623744396956353,-0.01592520452047219,-0.011706856964542323,-0.019625697779919515
2025-06-12,-0.00010675645217728125,-0.012014118599844581,-0.009386638559938154,-0.016480574934771397
2025-06-13,-0.005121741893686194,-0.02305985982076586,-0.021823364797644462,-0.028100757113638797
2025-06-16,0.0,-0.013765017015224368,-0.008217183748579382,-0.018500023067104632
2025-06-17,-0.00323385721141356,-0.02219256398395808,-0.017888179559695128,-0.026677260448116802
2025-06-18,-0.004539305745118405,-0.02233993236449705,-0.018055260814295315,-0.0263131077541352
2025-06-20,-0.003704844846661337,-0.02463594186170548,-0.02206475504133032,-0.02856435465929863
2025-06-23,0.0,-0.015001797286538165,-0.012009221608781484,-0.019228328455067722
2025-06-24,0.0,-0.0041202376084717995,0.0,-0.007773614307756027
2025-06-25,-0.0006562214169831826,-0.003562263444630287,0.0,-0.00893219809004353
2025-06-26,0.0,0.0,0.0,-0.0003908080150497595
2025-06-27,-0.0013991400275620292,0.0,0.0,0.0
2025-06-30,0.0,0.0,0.0,0.0
2025-07-01,-0.0012176734661281108,-0.0003237141327537829,-0.008429363446313398,0.0
2025-07-02,0.0,0.0,-0.0015226663381787686,0.0
2025-07-03,0.0,0.0,0.0,0.0
2025-07-07,-0.0032973815035397536,-0.0074520706056897534,-0.007532999876067148,-0.007888820620966408
2025-07-08,-0.005938003143715176,-0.007995625508040893,-0.006975522601866402,-0.007953970269709454
2025-07-09,-0.0011319443699120413,-0.002046916445999636,0.0,-0.0017206523384213357
2025-07-10,-0.0030644100023440313,0.0,-0.0014382709964962936,0.0
2025-07-11,-0.0038158803840435684,-0.003515507092989867,-0.0036854798466756655,-0.004216424639733374
2025-07-14,-0.0033548959503648668,-0.001613932416789421,-7.199624075981959e-05,-0.0019460421414152496
2025-07-15,-0.007992147603132493,-0.0058803465394031695,0.0,-0.007200375950427773
2025-07-16,-0.0023632288077819474,-0.0025567324312653072,0.0,-0.003438067864739769
2025-07-17,0.0,0.0,0.0,0.0
2025-07-18,0.0,-0.0007325310505224003,-0.0009610921430172059,-0.0005495729802967864
2025-07-21,0.0,0.0,0.0,0.0
2025-07-22,0.0,0.0,-0.005175531054490645,0.0
2025-07-23,0.0,0.0,-0.0006380002469817958,0.0
2025-07-24,-0.0019289498785067805,0.0,0.0,-0.00035221230139992343
2025-07-25,-0.0002035646527165369,0.0,0.0,0.0
2025-07-28,-0.007427383442252133,-0.0002510690047468067,0.0,-0.0002868010025239842
2025-07-29,-0.006570737121359804,-0.0028880684589235317,-0.0015488262955902776,-0.0034427930913830673
2025-07-30,-0.012008671794298653,-0.004143800934825248,-0.00021114470547634046,-0.004590587632026577
2025-07-31,-0.015117300294444913,-0.00787942101085315,-0.0055091928367538845,-0.008925869224057692
2025-08-01,-0.014525403235237988,-0.024140691631178712,-0.025099449048332168,-0.025343405816037
2025-08-04,-0.00253144873918576,-0.0093078602905603,-0.0071108053087131085,-0.010073663764701202
2025-08-05,-0.002526656988681819,-0.014330596468083101,-0.01385221533003378,-0.014440932428050224
2025-08-06,0.0,-0.006780703525960163,-0.0014431459956611992,-0.007778271526930114
2025-08-07,0.0,-0.007612660193309639,0.0,-0.008352168797251869
2025-08-08,0.0,0.0,0.0,-0.0021038634968956194
2025-08-11,-0.002837336735429963,-0.0019774044951013092,-0.002958912426759608,-0.004399255734666707
2025-08-12,0.0,0.0,0.0,0.0
2025-08-13,0.0,0.0,0.0,0.0
2025-08-14,-0.005044207563702718,0.0,-0.0007752531091494985,-0.0014795494542053644
2025-08-15,-0.003749148535916458,-0.002341293610408912,-0.0051693403881082345,-0.0037461574041181
2025-08-18,-0.003367489183093375,-0.002558400774658409,-0.005565738208776261,-0.003368470405560653
2025-08-19,-0.010119109189134279,-0.007969622220138528,-0.019057741984436438,-0.009412531491330145
2025-08-20,-0.0071838245404628465,-0.010605431410785182,-0.024881862670294574,-0.012025530708062115
2025-08-21,-0.006984763466513777,-0.014574789542878941,-0.02939652843855811,-0.015425296845361092
2025-08-22,0.0,0.0,-0.01442260340477286,0.0
2025-08-25,-0.004023526456061077,-0.004400924825375907,-0.017265761753813447,-0.0048086579713571
2025-08-26,0.0,-0.00023247823230099218,-0.013319748790939112,-0.0002828508179775202
2025-08-27,-0.0026138888650439895,0.0,-0.011803376535869825,0.0
2025-08-28,-0.0010943912574902237,0.0,-0.005617414704192747,0.0
2025-08-29,-0.002373325184008679,-0.005963734491660877,-0.017127852088132056,-0.005935681750775856
2025-09-02,-0.003990958506618014,-0.013329794393760475,-0.02536438798332319,-0.012839826484921102
2025-09-03,-0.002503518088625145,-0.007982489666813142,-0.017696504893521037,-0.008653763150470506
2025-09-04,0.0,0.0,-0.008805188700580224,0.0
2025-09-05,0.0,-0.0028961943811889324,-0.007375049615776175,-0.0018431384272952211
2025-09-08,0.0,-0.0004466360688951676,-0.0025329936986376866,0.0
2025-09-09,-0.0035832279238695586,0.0,0.0,0.0
2025-09-10,0.0,0.0,0.0,0.0
2025-09-11,0.0,0.0,0.0,0.0
2025-09-12,-0.0004043807934367427,-0.000334630409346115,0.0,-0.001447114032737895
2025-09-15,0.0,0.0,0.0,0.0
2025-09-16,-0.002728908252644824,-0.0013768848246955567,-0.0008450788899231343,-0.0013501004356870627
2025-09-17,-0.008793676699404007,-0.0026176311661139096,-0.00283935312543393,-0.002240062086998895
2025-09-18,-0.007290206731447979,0.0,0.0,0.0
2025-09-19,-0.0005511230959379665,0.0,0.0,0.0
2025-09-22,0.0,0.0,0.0,0.0
2025-09-23,-0.001663291226606023,-0.005443470649980853,-0.006642261760471335,-0.005365918582925788
2025-09-24,-0.010627992152608567,-0.008607815584989464,-0.010129558537849803,-0.009003754926246499
2025-09-25,-0.01051674932833424,-0.013181571271498549,-0.014397178913013398,-0.014309116221135398
2025-09-26,-0.0002039610434066974,-0.0075280548599659936,-0.01034541653217913,-0.008124785077785801
2025-09-29,0.0,-0.00473876527423045,-0.005762248796784886,-0.005610487661195207
2025-09-30,0.0,-0.0009897806646046448,-0.003038898078507768,-0.002357709560507848
2025-10-01,0.0,0.0,0.0,0.0
2025-10-02,0.0,0.0,0.0,0.0
2025-10-03,0.0,-1.4713447336833774e-05,-0.004209781352692121,0.0
2025-10-06,0.0,0.0,0.0,0.0
2025-10-07,-0.006133996894387761,-0.0037075138893177817,-0.005265569704058781,-0.004800492598473705
2025-10-08,0.0,0.0,0.0,0.0
2025-10-09,-0.010249073705078215,-0.002896974724933221,-0.0012102542195093768,-0.0034658561853405656
2025-10-10,-0.026264474966501528,-0.02984653787017777,-0.03588253480933601,-0.030167943521167695
2025-10-13,-0.002769620745175949,-0.014960388538015179,-0.01542262618352963,-0.014707248262177286
2025-10-14,-0.003980410879088736,-0.016163758522537375,-0.0219808415154068,-0.015008719849941676
2025-10-15,0.0,-0.011795988102344501,-0.015079186492761631,-0.010337162891621898
2025-10-16,0.0,-0.018525973253589068,-0.018726279568324178,-0.01820326088519819
2025-10-17,-0.013970465798201825,-0.012954741421280391,-0.012282477342297926,-0.013592295169356228
2025-10-20,-0.000970772348715121,-0.0026889769499152116,0.0,-0.0025918762268450912
2025-10-21,-0.026671541617478534,-0.002703879647641849,-0.00026144432462960054,-0.0027124091885273316
2025-10-22,-0.027286500363252975,-0.007888738470180678,-0.009892913005653092,-0.008770141600712988
2025-10-23,-0.015391092385014016,-0.002005555689141625,-0.001569567479931977,-0.002411030389802171
2025-10-24,-0.012491196676023941,0.0,0.0,0.0
2025-10-27,-0.016106326711217922,0.0,0.0,0.0
2025-10-28,-0.010688522290289826,0.0,0.0,0.0
2025-10-29,-0.008830355147191216,0.0,0.0,-0.0007100585247108437
2025-10-30,-0.005943870763628345,-0.010998097614260183,-0.015288556288274302,-0.0114514018964047
2025-10-31,-0.010195913463937445,-0.007754041551313318,-0.010538469402316175,-0.007486225192592122
2025-11-03,-0.009772868516255362,-0.005891943523074317,-0.005804184342953045,-0.006361920310188118
2025-11-04,-0.02815307018163682,-0.01767565151272743,-0.02598427313572904,-0.01837542909618317
2025-11-05,-0.019575676513743256,-0.014271429414272951,-0.01964542820878501,-0.014173657320690758
2025-11-06,-0.021851131570304272,-0.02484766992439058,-0.03790684765410812,-0.02538837304219177
2025-11-07,-0.017018741117567404,-0.02388756899382516,-0.04094262905973278,-0.023257741951941302
2025-11-10,0.0,-0.008656038648986675,-0.019724244636556643,-0.0089657415437987
2025-11-11,0.0,-0.0063864975645184785,-0.022335207423544223,-0.00653938938975418
2025-11-12,0.0,-0.005833660633686399,-0.02310593188044552,-0.006184269024175237
2025-11-13,-0.011536425121060123,-0.02233085181920058,-0.04305014950551389,-0.023790422500309827
2025-11-14,-0.015586318287181267,-0.022491017854708195,-0.04232673417579558,-0.02393846523865406
2025-11-17,-0.026789363905603714,-0.03159783123191151,-0.050505817432825784,-0.03408781986341802
2025-11-18,-0.030424647193993404,-0.03973004010238812,-0.06206649158114341,-0.040627300356395724
2025-11-19,-0.028089794916580257,-0.036020347622071514,-0.05646705651571482,-0.0374907074711931
2025-11-20,-0.04501679928161162,-0.050713544612239314,-0.07880216758665748,-0.05281836932518014
2025-11-21,-0.04268548824952645,-0.04125757106819472,-0.07188144930114038,-0.041870130532698724
2025-11-24,-0.02860000938962859,-0.027146218161181235,-0.048146431287539926,-0.0275483393704401
2025-11-25,-0.022100938550323912,-0.017995535942503027,-0.04227952140121394,-0.01713269002310358
2025-11-26,-0.008963587297742048,-0.011216367482660083,-0.03381735420189402,-0.01038613190289106
2025-11-28,0.0,-0.005819157057525226,-0.025984273135729485,-0.00485270430808904
2025-12-01,-0.0020905481686626093,-0.010358060169965766,-0.02925602206166289,-0.009735108267070691
2025-12-02,-0.0004888758717466191,-0.008525058822297038,-0.021658812163206087,-0.008551586289329172
2025-12-03,0.0,-0.005091740043272619,-0.01926801506993292,-0.004112946132485806
2025-12-04,-0.0003496962865475739,-0.004364412557267827,-0.020180281497979125,-0.002544695241496253
2025-12-05,0.0,-0.0024732178484587752,-0.01618521359492875,-0.0011540045332961713
2025-12-08,-0.0009896817315566686,-0.005470086418931763,-0.018072568346995666,-0.004083428688040458
2025-12-09,0.0,-0.006328304203377932,-0.0168615125026661,-0.005089481586216249
2025-12-10,0.0,0.0,-0.012834937299027405,0.0
2025-12-11,0.0,0.0,-0.016027869797189176,0.0
2025-12-12,-0.008541298887073001,-0.010751986278262682,-0.03483975165309827,-0.011416150961117366
2025-12-15,-0.006156667208171096,-0.012246550500768727,-0.039684264088220456,-0.013358188417311068
2025-12-16,-0.010201818817536679,-0.01494546363102045,-0.03778101115695742,-0.016212090274757007
2025-12-17,-0.008812531328262763,-0.02578460380073122,-0.05561780468884592,-0.026951544725109966
2025-12-18,-0.0037727496063225674,-0.018427958111125187,-0.041933519210348935,-0.01947798888333474
2025-12-19,0.0,-0.00953156390693033,-0.029444776807390327,-0.010739454450352848
2025-12-22,0.0,-0.003361050533005061,-0.024792391459036556,-0.0038614277734727587
2025-12-23,0.0,0.0,-0.020225181810132886,-0.0005567572630731377
2025-12-24,0.0,0.0,-0.017358788277396675,0.0
2025-12-26,0.0,-0.00010140966545213459,-0.01742170652597219,-0.0006178549233282205
2025-12-29,-0.017299799023603457,-0.0036647017840369944,-0.022178056331007556,-0.004383879406281266
2025-12-30,-0.013410797587380507,-0.004881351135810563,-0.024446003857766407,-0.005972778251506883
2025-12-31,-0.023913550709477316,-0.012254127111194224,-0.03250956034597219,-0.013563631830729617
2026-01-02,-0.00868950164395399,-0.010443595739656586,-0.034383714791676456,-0.010503714355913463
2026-01-05,0.0,-0.003853034019876689,-0.026713855031923806,-0.0030600078044835666
2026-01-06,0.0,0.0,-0.018161983560897932,0.0
2026-01-07,-0.004150417629121939,-0.003223412281198157,-0.01721695724844796,-0.0033997127915723624
2026-01-08,-0.0068500403094834406,-0.0033246123310797238,-0.022808009637573345,-0.0031358085565075244
2026-01-09,0.0,0.0,-0.013074951628585962,0.0
2026-01-12,0.0,0.0,-0.012256050871090718,0.0
2026-01-13,-0.0008370647876124737,-0.0019995067653818532,-0.01372070676174686,-0.0020114272048885606
2026-01-14,0.0,-0.00690484332033392,-0.02425696005423572,-0.0059178418712484415
2026-01-15,-6.118209481908998e-05,-0.00420043826208405,-0.020744811388338613,-0.0028568459722364548
2026-01-16,-0.0005708901555271373,-0.005034823882229644,-0.02156380849843509,-0.0034399396911938274
2026-01-20,0.0,-0.025289130990863273,-0.04235274937811684,-0.023088363266223322
2026-01-21,0.0,-0.014039886333605867,-0.029406910235123096,-0.01151500457211696
2026-01-22,0.0,-0.008889962604907375,-0.022351298307943024,-0.0062968751636173215
2026-01-23,0.0,-0.00853045211819925,-0.019264450023688928,-0.0072005585527674665
2026-01-26,0.0,-0.0034956282359697166,-0.014949106074290341,-0.0029151105940384836
2026-01-27,0.0,0.0,-0.00601933970140589,0.0
2026-01-28,0.0,-0.0001006645803248718,-0.0027278384922289067,-0.0005535293960867715
2026-01-29,-0.005390886633238834,-0.0020848419786650974,-0.008696785783212979,-0.0028548486545630913
2026-01-30,-0.0600291145875812,-0.0050611963010486205,-0.020603173064592473,-0.00786550156882504
2026-02-02,-0.06404672632136432,-0.00011495700978370049,-0.013878146912087885,-0.0023013192584762088
2026-02-03,-0.044170989698115615,-0.008569458383974382,-0.0290289189806634,-0.00996290306626113
2026-02-04,-0.05134169500826258,-0.01337180290704476,-0.04599092724636766,-0.014623944345476647
2026-02-05,-0.07954013025604734,-0.025694082722464207,-0.05972415984626822,-0.027296270505138165
2026-02-06,-0.047751837172199774,-0.007002231736392472,-0.03984864162584689,-0.006729375551941641
2026-02-09,-0.02811734489238138,-0.0022141796427810334,-0.032493758519377525,-0.0018352598493616146
2026-02-10,-0.0330703002972107,-0.004845486486066752,-0.0369823444457118,-0.004282362419458674
2026-02-11,-0.019928785215177047,-0.00507548873050756,-0.03439942026567,-0.0052436379000114774
2026-02-12,-0.04039628136389495,-0.020445937915097967,-0.05403868190797889,-0.02114940213637795
2026-02-13,-0.02890299983068567,-0.01975584295690247,-0.052022889138528594,-0.019285075062306256
2026-02-17,-0.03634859072919261,-0.018174235654988546,-0.052999326398965874,-0.018061568496064884
2026-02-18,-0.024227005667925794,-0.013228084588596811,-0.04592781629258991,-0.012934467807734995
2026-02-19,-0.020304794213728328,-0.015830630123218392,-0.049581795987435395,-0.014798794881806687
2026-02-20,-0.0054622488617120935,-0.008713176702422554,-0.041171659192757004,-0.00873948593763385
2026-02-23,0.0,-0.018835569304519906,-0.05282608442203052,-0.019838604458392917
2026-02-24,0.0,-0.011703999904011497,-0.04265202055740647,-0.011827409015561341
2026-02-25,0.0,-0.003364455539604627,-0.02877695692855775,-0.004194981870100589
2026-02-26,-0.0001748679732839209,-0.008900213433613358,-0.0404943967590079,-0.008098575992188994
2026-02-27,0.0,-0.013659415993687363,-0.04356544321666722,-0.013109228906451054
2026-03-02,-0.0034695001415523397,-0.013098570474734395,-0.04230553660353531,-0.012089550663635262
2026-03-03,-0.04632942126533379,-0.021797454747697786,-0.05255832054332965,-0.021965162618153067
2026-03-04,-0.03541865087455842,-0.01489597581650337,-0.03811631820909167,-0.014798794881806465
2026-03-05,-0.056359948997191656,-0.020388415297769247,-0.04101412268981519,-0.021178558798701785
2026-03-06,-0.05694754006163516,-0.03322831044427199,-0.05544041955005974,-0.03454992935322754
2026-03-09,-0.045643518345849565,-0.024759428415749296,-0.0428252625343426,-0.026189211712963956
2026-03-10,-0.04724980796507927,-0.02632674328820439,-0.042809460707747715,-0.02843230708440636
2026-03-11,-0.04633595638648258,-0.02754883423181531,-0.04293558626270266,-0.029219000341471957
2026-03-12,-0.0724820912861125,-0.04231547238420286,-0.05936197041840385,-0.044716839618143545
2026-03-13,-0.08156740003542873,-0.04773609681868152,-0.06493722098093446,-0.04993149973106026
2026-03-16,-0.06431567117140546,-0.038045035621674717,-0.05444818046302757,-0.04023073831287316
2026-03-17,-0.05671119216868148,-0.03551456980846024,-0.0498336616869407,-0.0369970319233246
2026-03-18,-0.07182154951775788,-0.04897265664149797,-0.06307867565662262,-0.05025195470378263
2026-03-19,-0.07364292805548067,-0.05131626217326812,-0.06603959109112423,-0.051941520679138264
2026-03-20,-0.10200663509299224,-0.06491639105216285,-0.08330077418351656,-0.06679871832320827
2026-03-23,-0.0829380426341032,-0.055098021363123806,-0.07277801025519415,-0.05558306259076684
2026-03-24,-0.08638448100985563,-0.058269882004525764,-0.07911724059254288,-0.05852529179468813
2026-03-25,-0.07248303314921656,-0.053021913646905894,-0.07306186501829337,-0.052786437823237664
2026-03-26,-0.09426658352479178,-0.06993373959122962,-0.09518596389263478,-0.06910012701929902
2026-03-27,-0.09544815837161091,-0.08579313102311237,-0.11286300481175382,-0.0850616108894936
2026-03-30,-0.10762630527113237,-0.08884968175523755,-0.11964372276774504,-0.08918200178910896
2026-03-31,-0.07224599683782207,-0.06236448659476013,-0.08984022522613355,-0.06250150925974363
2026-04-01,-0.06195774237870588,-0.05529987987301288,-0.07859684019352742,-0.05540043098197578
2026-04-02,-0.06945663282946701,-0.05444921564558758,-0.07754033392150306,-0.05388079647415356
2026-04-06,-0.06473634712769116,-0.04997974356911283,-0.07198955691967424,-0.04964351061239802
2026-04-07,-0.062008641407891196,-0.049561734119875966,-0.07184762953812462,-0.04900063303943436
2026-04-08,-0.036510195874383644,-0.02535441696063212,-0.04425176279492837,-0.024833248039660694
2026-04-09,-0.03615787204867127,-0.019731669341644942,-0.0377864069026248,-0.01971920524304671
2026-04-10,-0.03567856645330292,-0.020380386834308206,-0.036398736740317905,-0.02088824430206293
2026-04-13,-0.0305970736830663,-0.010807105843027576,-0.026432698141658606,-0.010309473822414317
2026-04-14,-0.020402426193671053,0.0,-0.00875565722253957,0.0
2026-04-15,-0.024430136150178194,0.0,0.0,0.0
2026-04-16,-0.022978363328232443,0.0,0.0,0.0
2026-04-17,-0.011897196353469086,0.0,0.0,0.0
2026-04-20,-0.01752717915988644,-0.0019997351150194964,-0.003174848913578998,-0.0009129309562785348
2026-04-21,-0.031597278791720806,-0.008533535912035428,-0.00696613494492182,-0.007674085744088899
2026-04-22,-0.019985599303221968,0.0,0.0,0.0
2026-04-23,-0.028515906164422122,-0.0038807408683984024,-0.005632679633709281,-0.004043041658395641
2026-04-24,-0.024064227921530956,0.0,0.0,0.0
2026-04-27,-0.023508519048761722,0.0,0.0,0.0
2026-04-28,-0.028876431801876823,-0.004865992267119479,-0.010056759402575555,-0.005389558373093073
2026-04-29,-0.032352760397325375,-0.005019749750924785,-0.004004673805915626,-0.006581025820134423
2026-04-30,-0.01441870363631692,0.0,0.0,0.0
2026-05-01,-0.015734778934998417,0.0,0.0,0.0
2026-05-04,-0.01648698460473652,-0.0036633921467565944,-0.0018838683316975136,-0.003687132550877603
2026-05-05,-0.005149857503494615,0.0,0.0,0.0
2026-05-06,0.0,0.0,0.0,0.0
2026-05-07,-0.010993937067540815,-0.0030660824190704705,-0.001192941202506459,-0.004587337146275017
2026-05-08,0.0,0.0,0.0,0.0
2026-05-11,0.0,0.0,0.0,0.0
2026-05-12,-0.009202069995747686,-0.0015149526145865622,-0.008481790799397815,-0.00231002610752018
2026-05-13,-0.0038590656445437466,0.0,0.0,0.0
2026-05-14,-0.004712967859932915,0.0,0.0,0.0
2026-05-15,-0.02116772417414836,-0.012029343756796096,-0.015087656778261405,-0.012683732141595683
2026-05-18,-0.019683896021911007,-0.01272439031910877,-0.019325059657848143,-0.013718100115024168
2026-05-19,-0.0249369277556587,-0.019300423939144107,-0.025368390555150944,-0.019978204716391446
2026-05-20,-0.0144991831345479,-0.009249239296974077,-0.009224799838167708,-0.00873710642869252
2026-05-21,-0.013615487590335706,-0.007284493648601065,-0.007335425959710373,-0.006287427843316595
2026-05-22,-0.012416032633460028,-0.003381583916076236,-0.003125866663361898,-0.0016603034612548973
2026-05-26,0.0,0.0,0.0,0.0
2026-05-27,-0.006636750203505959,-0.00017324216474590148,-0.0011365676760621835,-0.00027071490936692033
2026-05-28,-0.001734174825494872,0.0,0.0,0.0
2026-05-29,-0.003087720587881093,0.0,0.0,0.0
2026-06-01,-2.862442125450837e-05,0.0,0.0,0.0
2026-06-02,0.0,0.0,0.0,0.0
2026-06-03,-0.004552844950360346,-0.00701718232049986,-0.002613320951729503,-0.007239056289391477
2026-06-04,-0.006649782497450962,-0.003265012285285529,-0.007438052059240197,-0.0026177576020226523
2026-06-05,-0.04936204554344481,-0.028990115620007972,-0.055082005606934104,-0.029330003663388893
2026-06-08,-0.03720698235059505,-0.026791581636948503,-0.04032644197167223,-0.026418422800227104
2026-06-09,-0.04264327084630404,-0.02964838682468307,-0.05136965352390532,-0.028555386134370586
2026-06-10,-0.054299111595171534,-0.04494652583696368,-0.0703199768418149,-0.04359441173337486
2026-06-11,-0.02514443990358639,-0.02871362721290449,-0.03891926285236291,-0.026872565319878694
2026-06-12,-0.019984702467870208,-0.023460669725494765,-0.03326360492201519,-0.021369878602921943
2026-06-15,-0.013990064939314428,-0.006240404575368008,-0.002894773153374275,-0.004888306692621969
2026-06-16,-0.025761860833324324,-0.012164764855552623,-0.021845178360199058,-0.010658164922489832
2026-06-17,-0.03141734852182099,-0.024500723727740925,-0.03169559597319449,-0.022972498911243644
2026-06-18,-0.020474223560622118,-0.014358465125201114,-0.0074246222771423565,-0.011673302216191228
2026-06-22,-0.016933678293875265,-0.017460259020978253,-0.009916092523009845,-0.014825321090207066
2026-06-23,-0.04116558358164657,-0.03172865595295604,-0.04251860823237463,-0.028475267382029212
2026-06-24,-0.04313767170077254,-0.032177466243158426,-0.04658390154004399,-0.028608853138484602
2026-06-25,-0.035795285534033994,-0.030778347896372127,-0.03885588083197511,-0.027727301601238596
2026-06-26,-0.04468838285230248,-0.03778715178029324,-0.05208470753169214,-0.02964540993536291
2026-06-29,-0.03671226861766441,-0.021934827525452283,-0.02852502095332632,-0.016518769902458597
2026-06-30,-0.02932915875285025,-0.01431882867523171,-0.011995661525271206,-0.008696318289893035
2026-07-01,-0.04364093082358367,-0.015651966833959086,-0.02706264870515207,-0.010759130901205949
2026-07-02,-0.047105640804110616,-0.016945468542717057,-0.043927425129988484,-0.012125319136290558
2026-07-06,-0.03761839892365482,-0.00836594948592273,-0.030215535719330666,-0.004329682779610766
2026-07-07,-0.04729477521085157,-0.013078095004542822,-0.04818048972027977,-0.009848311493206974
2026-07-08,-0.04855139225942806,-0.016127120862250877,-0.04548372396393119,-0.013491589125203984
2026-07-09,-0.04251419675296764,-0.00779839096959245,-0.029598338965243554,-0.00491904613229599
2026-07-10,-0.04347456389050408,-0.0035218435911850143,-0.026606445558406744,-0.0015972245556129527
2026-07-13,-0.056284505835921594,-0.011151054591395648,-0.04508123994557678,-0.009392860912292744
2026-07-14,-0.04946762583222786,-0.007640006293495372,-0.034414963070146576,-0.005695952768523971
2026-07-15,-0.05125742406546152,-0.003706652567262214,-0.03703123202282421,-0.002320500680069282
2026-07-16,-0.058506267096320674,-0.009105185390230641,-0.05286289789312115,-0.0072497660409801545
2026-07-17,-0.06258330756604091,-0.01891222596772424,-0.06709797558318231,-0.01681341070188702
2026-07-20,-0.06560745972099913,-0.020496072728697246,-0.06611858415703364,-0.018849408057314165
2026-07-21,-0.05332879076056307,-0.01232572751213612,-0.04879768647436711,-0.010276865064406171
2026-07-22,-0.05473973949009325,-0.013474137256676788,-0.05365451803664789,-0.011830678336862355
2026-07-23,-0.05902647820164375,-0.025657028537519833,-0.0716193901486818,-0.0230285002840539
2026-07-24,-0.0627792721331416,-0.024667084030966735,-0.08199053937362355,-0.022733859484625696
2026-07-27,-0.06246936895380495,-0.024455850754910302,-0.08482143917311857,-0.021715860806912124
2026-07-28,-0.06914314938333055,-0.02211963650153026,-0.09371670447887337,-0.019545950679713653
2026-07-29,-0.08109201886568496,-0.037166744664004714,-0.11217806908394568,-0.0344674142727307
2026-07-30,-0.0621050232923992,-0.021024075356948946,-0.08290286377819911,-0.018795859299371553
2026-07-31,-0.06294533904098687,-0.013975635023058652,-0.07694585463980552,-0.013598768394918248
2026-08-03,-0.05740144461373953,0.0,-0.06073848242643409,0.0
2026-08-04,-0.045485964598059425,0.0,-0.028833660274827366,0.0
2026-08-05,-0.04736026934840187,-0.0019966020100066206,-0.03762156921271598,-0.0030723528313423287
2026-08-06,-0.04818694989075423,-0.003591224858201514,-0.041176940245249094,-0.004595346794660671
2026-08-07,-0.04288840332578803,0.0,-0.029933755962024744,0.0
2026-08-10,-0.0430952512139221,-0.00029741673673222557,-0.03283180467200819,-0.0003928804467597802
2026-08-11,-0.04144723773104708,-0.0034917261631695062,-0.036078618271955465,-0.0029598325905643152
2026-08-12,-0.0372935758091969,-0.0009958093287190106,-0.029034861339547025,0.0
2026-08-13,-0.03494828022476193,0.0,-0.017805106838420404,0.0
2026-08-14,-0.035245678783088374,-0.0019797115463531245,-0.01914677482554583,-0.0011709125780549057
2026-08-17,-0.03537618244641216,-0.006697719365393873,-0.02075679278787934,-0.005646585946095017
2026-08-18,-0.041242108896937246,-0.013408228274684353,-0.03733978945540983,-0.013687169958695233
2026-08-19,-0.03647522481067045,-0.011338519140298153,-0.03925836485032941,-0.011215190464475389
2026-08-20,-0.04200823309748192,-0.019643170156015466,-0.04616798773959152,-0.020088476362018604
2026-08-21,-0.03659273018493048,-0.015632275033884868,-0.04280038798968022,-0.01576892467105251
2026-08-24,-0.04009866235134063,-0.018524752004467127,-0.052353057506900114,-0.01881337678481776
2026-08-25,-0.036570831125920966,-0.015388018284497318,-0.04644976749689744,-0.016003107186663423
2026-08-26,-0.035652082561891785,-0.015169419086362379,-0.045577650549699755,-0.01579489201001638
2026-08-27,-0.03180567593848238,-0.008716034933815564,-0.03250981745732451,-0.009549786694589613
2026-08-28,-0.031711632608424245,-0.010965739244268358,-0.03878881381040167,-0.009549786694589613
2026-08-31,-0.031711632608424245,-0.013922477788171905,-0.03834604044575385,-0.009549786694589613
2026-09-01,-0.03501380657926234,-0.020697248270783453,-0.050582045937224485,-0.017354949562653377
2026-09-02,-0.03266730255375194,-0.017791981756304476,-0.051346806516555765,-0.014294687544315066
