Date,Strategy,SPY,QQQ,VTI
2023-10-05,0.0,0.0,0.0,0.0
2023-10-06,0.0,0.0,0.0,0.0
2023-10-09,-0.004863107952027379,0.0,0.0,0.0
2023-10-10,0.0,0.0,0.0,0.0
2023-10-11,-0.0010067832669475862,0.0,0.0,0.0
2023-10-12,-0.004415914419224509,-0.006096457711300296,-0.0034750744882543483,-0.008037826267998205
2023-10-13,-0.006474998728474901,-0.011046967444731992,-0.016001329024305733,-0.013627318484319417
2023-10-16,-0.005869957694542793,-0.0006417742747265587,-0.004875761869113426,-0.002171248237623269
2023-10-17,-0.00350588467454227,-0.0006876411319215459,-0.008135345991081788,-0.0008777914952992072
2023-10-18,-0.008388595300080626,-0.014003498758592303,-0.021146453851276448,-0.015659695081416403
2023-10-19,-0.008649083798816348,-0.022666836533197565,-0.030305462605614286,-0.024944736246155563
2023-10-20,-0.014475554952307346,-0.03467650156261992,-0.044771213961637524,-0.03700114691465339
2023-10-23,-0.01490168473319875,-0.03634955667222761,-0.0418888215040677,-0.03963430224488451
2023-10-24,-0.00928173982575109,-0.029084145209260837,-0.03256836202181079,-0.032381783781019746
2023-10-25,-0.01833312048376612,-0.043019060717662816,-0.056246994723743504,-0.046748022120111976
2023-10-26,-0.022190883944357198,-0.054478395805946045,-0.0742416931595925,-0.05663354981043045
2023-10-27,-0.025066183581590518,-0.05876427018125441,-0.06979691202305116,-0.06171489308856104
2023-10-30,-0.018900416102339057,-0.04751104656954608,-0.059317983013512654,-0.05090540510924946
2023-10-31,-0.01599752541795474,-0.041529038965631315,-0.054819245762002033,-0.04476174126482069
2023-11-01,-0.011795042883058993,-0.031307168534004615,-0.03841391406260908,-0.03519968733791645
2023-11-02,-0.005504276791488905,-0.012742955982937287,-0.020958025065872854,-0.016029337638524987
2023-11-03,-0.00416619900656523,-0.0037357614697709485,-0.009455433293077853,-0.00494276384515957
2023-11-06,-0.00815415120368479,-0.0014438655140339707,-0.005414738355021709,-0.004527098598134605
2023-11-07,-0.010079044248865965,0.0,0.0,-0.0015706886601556391
2023-11-08,-0.014006903880767196,0.0,0.0,-0.00170926809312677
2023-11-09,-0.012652306557548787,-0.007798757139632295,-0.007695271888937483,-0.010208782298066543
2023-11-10,-0.009284181667578606,0.0,0.0,0.0
2023-11-13,-0.006566279227102845,-0.0009531094371518778,-0.003118582248376578,-0.0005978531247734509
2023-11-14,0.0,0.0,0.0,0.0
2023-11-15,-0.002475265837057372,0.0,0.0,0.0
2023-11-16,-0.0025005049875758134,0.0,0.0,-0.000673473693374671
2023-11-17,0.0,0.0,0.0,0.0
2023-11-20,0.0,0.0,0.0,0.0
2023-11-21,-0.0014124047435583043,-0.002179493691767731,-0.0058095144536796095,-0.002713661728167782
2023-11-22,-0.0008233310903984492,0.0,-0.001740402394554974,0.0
2023-11-24,0.0,0.0,-0.003147848583960111,0.0
2023-11-27,-0.0003929005151482867,-0.001800899271036549,-0.004018168807526368,-0.0012868656485598429
2023-11-28,-6.41561641704369e-05,-0.0008127480040945878,-0.0014076048911234595,-0.0006656056457053916
2023-11-29,-0.002789440916883934,-0.0015156089838362918,-0.0023802083721822243,-0.00022186854856831584
2023-11-30,0.0,0.0,-0.004888250978515085,0.0
2023-12-01,0.0,0.0,-0.0020474108687504877,0.0
2023-12-04,0.0,-0.00524934635847063,-0.01131186173144516,-0.003593749837556781
2023-12-05,-0.003009337155518099,-0.005445368342910206,-0.008829449452629756,-0.0055221389087479755
2023-12-06,-0.007227779535047052,-0.009453196296250299,-0.01456223162547532,-0.009729621457565063
2023-12-07,-0.005994058340169639,-0.0018949708569422352,-0.0007933498901544489,-0.0017969095733640916
2023-12-08,-0.0030387747873050763,0.0,0.0,0.0
2023-12-11,-0.0044508535636830215,0.0,0.0,0.0
2023-12-12,-0.004387359479674835,0.0,0.0,0.0
2023-12-13,0.0,0.0,0.0,0.0
2023-12-14,0.0,0.0,-0.0008667180277350806,0.0
2023-12-15,-0.005178315054197635,-0.0016465287174175502,0.0,-0.0013580691860244354
2023-12-18,0.0,0.0,0.0,0.0
2023-12-19,0.0,0.0,0.0,0.0
2023-12-20,-0.008885168643501418,-0.013857064920894668,-0.014859744270158348,-0.01491222499396816
2023-12-21,0.0,-0.004506710840629369,-0.0033974140236370243,-0.004019599975766286
2023-12-22,0.0,-0.0025061043755527646,-0.0019064935583522624,-0.001741456863684876
2023-12-26,0.0,0.0,0.0,0.0
2023-12-27,0.0,0.0,0.0,0.0
2023-12-28,-0.002678100656833826,0.0,-0.00048619649884407146,-0.0005036962288081925
2023-12-29,-0.004720883503195217,-0.002894986119617804,-0.004811834664630421,-0.004323155796660538
2024-01-02,-0.008985761446203444,-0.008475168153675439,-0.02165254199072253,-0.010996849932297437
2024-01-03,-0.013886642074687927,-0.016572634796802044,-0.03200509269976226,-0.020482743364557243
2024-01-04,-0.01191321340148721,-0.019740394348867984,-0.0369866339178615,-0.023000960135823978
2024-01-05,-0.011588311452972011,-0.018397697465113105,-0.03584453436670454,-0.021532038906947992
2024-01-08,-0.004582712352454332,-0.004384489981281048,-0.015917392441519795,-0.0075551129661560745
2024-01-09,-0.004266568301549589,-0.005894768415289797,-0.013973433183117945,-0.009401955076324131
2024-01-10,-0.002068497357951782,-0.00027277343244791474,-0.00729046727173821,-0.004281252711886396
2024-01-11,-0.002967155236654473,-0.0007133922192431585,-0.0052248273622884644,-0.004952759559372577
2024-01-12,0.0,-2.1104327461940464e-05,-0.004714580333280538,-0.004784882847501115
2024-01-16,-0.009615864416861908,-0.003692268040522917,-0.004811834664630643,-0.009401955076324131
2024-01-17,-0.01605957805661018,-0.009230373321702734,-0.010425453878599167,-0.015362107093313204
2024-01-18,-0.013625975393210532,-0.00041958041035616844,0.0,-0.006673628042443203
2024-01-19,-0.0082321018718291,0.0,0.0,0.0
2024-01-22,-0.00720738863284931,0.0,0.0,0.0
2024-01-23,-0.011656500052568242,0.0,0.0,0.0
2024-01-24,-0.009168641245918763,0.0,0.0,-0.00016594734373187592
2024-01-25,-0.007549934832729255,0.0,0.0,0.0
2024-01-26,-0.002858220222461738,-0.0012704630419710927,-0.005957430695341381,-0.0008254802348072188
2024-01-29,0.0,0.0,0.0,0.0
2024-01-30,0.0,-0.0007733641731894059,-0.0066565421867055274,-0.001391757949355421
2024-01-31,-0.0038776359105495706,-0.01707813352316423,-0.026112287821859925,-0.01821395703648232
2024-02-01,0.0,-0.004213410883489477,-0.014644306128560824,-0.004993481089293872
2024-02-02,0.0,0.0,0.0,0.0
2024-02-05,-0.007193979126266958,-0.0036412592956027723,-0.0013053399773722552,-0.004731204563166003
2024-02-06,-0.00426109045036116,-0.0007485768232449175,-0.0033101005357609736,-0.0013458365001649542
2024-02-07,0.0,0.0,0.0,0.0
2024-02-08,-0.0019310582345125615,0.0,0.0,0.0
2024-02-09,0.0,0.0,0.0,0.0
2024-02-12,0.0,-0.0004390181849750485,-0.003912622092972384,0.0
2024-02-13,-0.01644434205271028,-0.014205961062806582,-0.019448543262811868,-0.01601513210570471
2024-02-14,-0.0016549647700090375,-0.0052474559652027075,-0.008763081819522678,-0.0051376196424612885
2024-02-15,0.0,0.0,-0.005811649538433827,0.0
2024-02-16,-0.0024813711720421683,-0.004979910956536937,-0.014826651826947312,-0.005244887175947399
2024-02-20,-0.004934722130207181,-0.010457938257996902,-0.02226290533366604,-0.011490610767436293
2024-02-21,-0.00777887388468157,-0.009561591860601015,-0.026175456662461682,-0.011290569573955134
2024-02-22,0.0,0.0,0.0,0.0
2024-02-23,-0.0006483088735993459,0.0,-0.0029448422406951336,0.0
2024-02-26,0.0,-0.0036625170438527865,-0.0034698899906003833,-0.0030158685525218942
2024-02-27,0.0,-0.001811634799681272,-0.001072969705938176,-0.00023813763993163484
2024-02-28,-0.007313579494673483,-0.003130819408641128,-0.006391787425766737,-0.0019047886848692075
2024-02-29,-0.004426217507915831,0.0,0.0,0.0
2024-03-01,0.0,0.0,0.0,0.0
2024-03-04,-0.0020243468153972044,-0.0010725214798541494,-0.0035681016019880607,-0.0009808176845438332
2024-03-05,-0.010588472579124764,-0.011055872140923628,-0.021453722742473036,-0.011573179179953152
2024-03-06,-0.001811735466555997,-0.006044580505316088,-0.015304872454075191,-0.00572762439000829
2024-03-07,0.0,0.0,-0.00035916992395024216,0.0
2024-03-08,-0.00797054145730347,-0.00600220881382052,-0.014788778240646172,-0.005783349449640651
2024-03-11,-0.012990389520219692,-0.006856910451438991,-0.01844662027000965,-0.0073854632035937895
2024-03-12,-0.007330867205271097,0.0,-0.004376043067631841,0.0
2024-03-13,-0.01270008424872171,-0.0015673472009858358,-0.01202840988985332,-0.001247373707785715
2024-03-14,-0.018972214305633894,-0.0035410707139800213,-0.01451927933925512,-0.005106553128507385
2024-03-15,-0.01806881536265237,-0.01038340145003347,-0.026233632435702536,-0.010992860610147037
2024-03-18,-0.017405682803122824,-0.004501895185815563,-0.016946435167365048,-0.005964264501908789
2024-03-19,-0.017977090056622957,0.0,-0.014497278012512771,-0.00023387106080730025
2024-03-20,-0.0034255028753746863,0.0,-0.002812352558143827,0.0
2024-03-21,0.0,0.0,0.0,0.0
2024-03-22,-0.005368099348751598,-0.0018958731195212186,0.0,-0.002812421214282934
2024-03-25,-0.005571514709154957,-0.004653468555357865,-0.0036291355462648722,-0.00504961022161543
2024-03-26,-0.0062713496798663115,-0.006491965540710187,-0.0068550107450754405,-0.006824276941953311
2024-03-27,-0.00018787524105490228,0.0,-0.003472273636917156,0.0
2024-03-28,0.0,-0.00019103899513850386,-0.005309294735847181,0.0
2024-04-01,0.0,-0.0019305781424672208,-0.0032033872762088356,-0.0007693030339108731
2024-04-02,-0.005277097938744091,-0.008276319665209253,-0.011806159365887692,-0.010003897834238606
2024-04-03,0.0,-0.007186936119711107,-0.009588158261280899,-0.008464748388037902
2024-04-04,-0.011599404736680863,-0.01930536208539102,-0.02473235566455545,-0.020353988071274864
2024-04-05,-0.004214552451642484,-0.009060124686341764,-0.013239781730147393,-0.010465588330261122
2024-04-08,-0.0005246372625585805,-0.008505818062943815,-0.012948615027661314,-0.009311211151766585
2024-04-09,-0.005250262002702399,-0.007358985035997856,-0.0092968531715788,-0.007887499423415156
2024-04-10,-0.013390477660622624,-0.017298464193847063,-0.017944255138420906,-0.018968856207832285
2024-04-11,-0.009929134519974125,-0.009881969770789922,-0.0022624234009458455,-0.012312410689725883
2024-04-12,-0.024841881393470877,-0.023548776077437106,-0.01816816565392565,-0.02654862234260802
2024-04-15,-0.035956440924850064,-0.03578180147795551,-0.03432044473222817,-0.03851478025416111
2024-04-16,-0.04064070995376157,-0.03754027079852462,-0.03423090820346941,-0.04140054207427113
2024-04-17,-0.04443235010533786,-0.04323645577555113,-0.04601457964675537,-0.047018168882483335
2024-04-18,-0.04356213566468159,-0.04520513388694514,-0.05145831756295671,-0.04898036858442201
2024-04-19,-0.04532198387395037,-0.0535389629392139,-0.07108287027817606,-0.056444697001348354
2024-04-22,-0.03547458195491571,-0.044822876179833826,-0.06174104126139379,-0.04717194496373989
2024-04-23,-0.024388068472059432,-0.03348813542406348,-0.04773950710071706,-0.03582155550634303
2024-04-24,-0.0272373422920823,-0.03394689259708639,-0.04451349351469058,-0.035590619695268666
2024-04-25,-0.027831991807059753,-0.03761677026443622,-0.04912843039420556,-0.04016924666746047
2024-04-26,-0.020327302433358008,-0.02849925600225789,-0.03445468033175825,-0.031242747408024685
2024-04-29,-0.01821198077764219,-0.02505881682703126,-0.03053451647022354,-0.027433604595870187
2024-04-30,-0.03533234694852627,-0.04050296272187637,-0.04881484496272592,-0.04343978075527655
2024-05-01,-0.03544720195505513,-0.04361871348266266,-0.05569241282401094,-0.04582533258983057
2024-05-02,-0.02566505595129498,-0.03467324813677086,-0.04363999340723279,-0.03593693284881683
2024-05-03,-0.017257291606317615,-0.022707641386079502,-0.02441856265225162,-0.02450938366160227
2024-05-06,-0.0057456135460285385,-0.01261528310763027,-0.01373250941275228,-0.014043734955965781
2024-05-07,-0.009267192438700333,-0.011525779750909404,-0.013575785890620473,-0.013158873453454345
2024-05-08,-0.010992708886305658,-0.011430350111757415,-0.014158188489200363,-0.013851439385175746
2024-05-09,-0.0051521132984394535,-0.005734344851565432,-0.012007651152398657,-0.008041577381548981
2024-05-10,-0.006455341682706894,-0.0044534430660367885,-0.009677694790039548,-0.0071180756387534405
2024-05-13,-0.007466573548073563,-0.004319733741123155,-0.007392783466491748,-0.006579406539039656
2024-05-14,0.0,0.0,-0.0010080816750275279,-0.0017313242662401196
2024-05-15,0.0,0.0,0.0,0.0
2024-05-16,-0.003009363762822015,-0.002057639461244154,-0.002031261998494349,-0.002703424169994584
2024-05-17,0.0,-0.0006230538441097666,-0.0025171008595745725,-0.0012947447498941056
2024-05-20,0.0,0.0,0.0,-0.0002665844249931659
2024-05-21,-0.0014838319210064288,0.0,0.0,0.0
2024-05-22,-0.008423481986246428,-0.0028795139861687025,-0.00019739533032991918,-0.003382354432146295
2024-05-23,-0.017060100344093554,-0.010162525620419749,-0.00469500015856672,-0.011857980952562852
2024-05-24,-0.007954824989043319,-0.0036133712785880734,0.0,-0.004712597680885944
2024-05-28,-0.009237167780353439,-0.002917144668740934,0.0,-0.004712597680885944
2024-05-29,-0.018477405574451322,-0.009899228806936278,-0.007048400134114563,-0.012884066363661795
2024-05-30,-0.017910637788164263,-0.01646719849005418,-0.017686310582477383,-0.017710991608225535
2024-05-31,-0.014030859165006793,-0.007509149623250777,-0.019513519288360204,-0.010147659684355603
2024-06-03,-0.012548710259765006,-0.006700030965686943,-0.014249056461783649,-0.009843621124298374
2024-06-04,-0.024313936924642232,-0.005589512953979137,-0.011551581992916726,-0.009957471577642707
2024-06-05,-0.008843701268013704,0.0,0.0,0.0
2024-06-06,-0.004856867667437648,-1.8874713054506387e-05,-0.00034522830645555835,-0.0008721765100537793
2024-06-07,-0.013445325647415407,-0.0012342421058271213,-0.001229721751715429,-0.002768339183350843
2024-06-10,-0.00754739408383831,0.0,0.0,0.0
2024-06-11,-0.013382760383669812,0.0,0.0,0.0
2024-06-12,-0.0008120343907200844,0.0,0.0,0.0
2024-06-13,-0.003216337138377545,0.0,0.0,0.0
2024-06-14,-0.0038081496109254598,0.0,0.0,-0.0007492722464008672
2024-06-17,0.0,0.0,0.0,0.0
2024-06-18,0.0,0.0,0.0,0.0
2024-06-20,-0.000712499720419868,-0.0027163301738238887,-0.007708005808758522,-0.002524162613013914
2024-06-21,-0.007552826982866634,-0.004053639092755579,-0.010366671990449494,-0.004045906023287249
2024-06-24,-0.009440509505055705,-0.00729085920440975,-0.021633252131322167,-0.005716410540114625
2024-06-25,-0.009509711570918622,-0.0034681807444658652,-0.010445032811923105,-0.002449956798702968
2024-06-26,-0.011302316037187232,-0.002224467450607337,-0.008401540455349688,-0.0024871179521804843
2024-06-27,-0.008970615411909688,-0.0006513981232192378,-0.005841923370500934,-7.420581431105688e-05
2024-06-28,-0.009511223864237084,-0.004584128581875513,-0.011002470434704259,-0.0034940803680422183
2024-07-01,-0.006989830235739958,-0.0025354243441648716,-0.005201987271172714,-0.0014826018818455688
2024-07-02,-0.0037041030285297483,0.0,0.0,0.0
2024-07-03,0.0,0.0,0.0,0.0
2024-07-05,0.0,0.0,0.0,0.0
2024-07-08,-0.00036005987249809746,0.0,0.0,0.0
2024-07-09,-1.3557171563483017e-05,0.0,0.0,-0.0002567284781315182
2024-07-10,0.0,0.0,0.0,0.0
2024-07-11,-1.6070819920499524e-05,-0.00862278725723764,-0.021930178182697824,-0.004471746265121923
2024-07-12,0.0,-0.0023694382426687755,-0.01618417474737055,0.0
2024-07-15,0.0,0.0,-0.013539775885203942,0.0
2024-07-16,0.0,0.0,-0.013162030895873755,0.0
2024-07-17,-0.020768037437641218,-0.014021346266925194,-0.04213061417435804,-0.014116752795030663
2024-07-18,-0.02991637364693467,-0.021598571960139035,-0.04666367667089011,-0.022715882170437074
2024-07-19,-0.036884986072971415,-0.028095564873475865,-0.055113674509632116,-0.028806848109723338
2024-07-22,-0.025182101079575303,-0.018075261010166876,-0.04103698694262925,-0.018667189849652766
2024-07-23,-0.03047144694975623,-0.019615638001009517,-0.04441701060304015,-0.019383727940963325
2024-07-24,-0.05002967839487571,-0.04183352424893605,-0.07869413416170323,-0.04145466980591417
2024-07-25,-0.05961778079795166,-0.046825978326322626,-0.08885394769878141,-0.04514514910434997
2024-07-26,-0.04706528536255172,-0.036150853855101195,-0.07950934230618201,-0.03371538614008063
2024-07-29,-0.04924072476589414,-0.03558419068376084,-0.07766022509579285,-0.03364390040086929
2024-07-30,-0.05248906486911031,-0.04047023641236158,-0.09032519729527,-0.03765673780543488
2024-07-31,-0.034016469088324675,-0.024873670504003575,-0.06340468959276091,-0.02339656534552892
2024-08-01,-0.058442978224147124,-0.03868208946176799,-0.08609035775411888,-0.038695746049488666
2024-08-02,-0.07957967878444638,-0.056580593152434244,-0.10778190852268377,-0.058043731120846154
2024-08-05,-0.10702359229140179,-0.08405629068017673,-0.13438445071396632,-0.08570406226116578
2024-08-06,-0.09752161272586002,-0.07561170421045171,-0.12611336212353885,-0.07642430573397441
2024-08-07,-0.10412154762836368,-0.08179019105276064,-0.13557740384777528,-0.08348262610818324
2024-08-08,-0.08138678357704043,-0.06056382709019348,-0.10913390572439108,-0.06202071360919292
2024-08-09,-0.07990254592464607,-0.05642120185243382,-0.1044814068962222,-0.05797224538163481
2024-08-12,-0.07926827269175829,-0.055925219486575806,-0.10255282896416917,-0.0585812187242889
2024-08-13,-0.06887216443983757,-0.0403995556068788,-0.08028482008982896,-0.04292371295136732
2024-08-14,-0.06835955351621681,-0.03737211641117544,-0.07998653582216275,-0.040200532064547656
2024-08-15,-0.05334242348810847,-0.020872517488797704,-0.056744029486304415,-0.023575839926623154
2024-08-16,-0.04714334552605293,-0.01867731989004251,-0.0555312111720796,-0.021246951071597353
2024-08-19,-0.03867597606492423,-0.00929469183832421,-0.04312473156715124,-0.012002881390704934
2024-08-20,-0.04176610137825865,-0.010905417799881745,-0.04513277022086848,-0.014403368031555286
2024-08-21,-0.03411243534423525,-0.007506434276141505,-0.04067922975828564,-0.009458975084979171
2024-08-22,-0.04336395637842849,-0.015295812997391911,-0.055889152293278954,-0.01784308700968562
2024-08-23,-0.025463040705827278,-0.00483328400056382,-0.04564969409768105,-0.0054102827641947515
2024-08-26,-0.028559579163512372,-0.007205460141997966,-0.05491490008090161,-0.007918222107088368
2024-08-27,-0.02878957564572593,-0.005842282917012609,-0.05209153065813532,-0.007022409434683574
2024-08-28,-0.038095449485523014,-0.011613663805365215,-0.0628479127305458,-0.01307785659759042
2024-08-29,-0.03768290993230383,-0.011525063922436463,-0.06421977511266896,-0.012110334092748198
2024-08-30,-0.030847083805990994,-0.0020892316963252444,-0.053065844182797806,-0.0025797612219449206
2024-09-03,-0.055981567453515346,-0.02262515811926591,-0.08181554260299473,-0.02404150565101537
2024-09-04,-0.055655603735598635,-0.02462578993266329,-0.08420151018289768,-0.026227310981005614
2024-09-05,-0.05667015214728144,-0.026998076685686656,-0.08334651036530161,-0.02923688301112326
2024-09-06,-0.07308534928965948,-0.04337345879342147,-0.10790109960517957,-0.04535994246182362
2024-09-09,-0.0629228304961501,-0.03266304922525354,-0.09642920316408177,-0.03514868641592861
2024-09-10,-0.05954497110026302,-0.028449743182011433,-0.08807853122741982,-0.03138672137828136
2024-09-11,-0.05341291567625461,-0.018482754104684695,-0.0682757667177909,-0.021748583758821494
2024-09-12,-0.043496032192050005,-0.010214980260255024,-0.059129935753922114,-0.013615232154420398
2024-09-13,-0.03309634207829826,-0.005045547640189385,-0.05491490008090183,-0.006736018291385815
2024-09-16,-0.030894390581729048,-0.003576183289596635,-0.05909026670537543,-0.00476545450532162
2024-09-17,-0.029869801382556238,-0.003169022029845703,-0.05859308538440844,-0.003762189130873561
2024-09-18,-0.034227222604402696,-0.006125448585298954,-0.06266894216994634,-0.006270128473767178
2024-09-19,-0.019639315147564673,0.0,-0.03896935274766433,0.0
2024-09-20,-0.020942236277068482,-0.0017287121269734529,-0.04079848215306703,-0.0020917623524688844
2024-09-23,-0.01787093264334516,0.0,-0.03825592299667491,0.0
2024-09-24,-0.011993887343797804,0.0,-0.033616912871257565,0.0
2024-09-25,-0.01446280886051221,-0.0022054649913506585,-0.03272095644712503,-0.0032875237275036273
2024-09-26,-0.007355426659499842,0.0,-0.025453611278272503,0.0
2024-09-27,-0.009077907799473928,-0.0014505077756773455,-0.03086920280847094,-0.0009881886664068196
2024-09-30,-0.010977110488712194,0.0,-0.028241174326461893,0.0
2024-10-01,-0.0166139848076976,-0.00895838840635732,-0.04178009183967246,-0.009111688037152232
2024-10-02,-0.014291801179742825,-0.008540204347833202,-0.04042607133255249,-0.008899854887686631
2024-10-03,-0.017877470892897818,-0.01035266095662335,-0.041142934571514966,-0.011018736884291225
2024-10-04,-0.011676469521937682,-0.0013594238787224544,-0.029734373721064467,-0.0014480403231665884
2024-10-07,-0.018949227754285425,-0.010387618191006753,-0.040127480503460156,-0.01055972836031882
2024-10-08,-0.01815316603421324,-0.0010283072176376917,-0.025792116405052745,-0.0022250187721162273
2024-10-09,-0.015652118573826312,0.0,-0.018126731880457547,0.0
2024-10-10,-0.017490603980670705,-0.0017500366951881396,-0.019241634475162694,-0.0020737266590690195
2024-10-11,-0.007394713655741625,0.0,-0.0177085820951578,0.0
2024-10-14,-0.001220468928086027,0.0,-0.009465697155938146,0.0
2024-10-15,-0.008748576056890278,-0.007769709751462295,-0.02270596252777113,-0.006866857567685902
2024-10-16,-0.0018951470675754312,-0.003456959052906994,-0.022586526196134105,-0.00180348266775332
2024-10-17,-0.004187881465176235,-0.003371571769877013,-0.0219096998794297,-0.0020116184072871413
2024-10-18,0.0,0.0,-0.015498519461592641,0.0
2024-10-21,-0.00567203409516559,-0.001642173469649788,-0.01360697414982115,-0.0031499779742195644
2024-10-22,-0.009514244363420299,-0.0021723742991967,-0.012531863228233076,-0.004292383223974183
2024-10-23,-0.016279692108133625,-0.011289995879649073,-0.02766367391183744,-0.013292304876514227
2024-10-24,-0.015392979494555536,-0.009151611545208493,-0.019779220592099023,-0.010661621637021446
2024-10-25,-0.02024960489748806,-0.009493961879881718,-0.013806177764547956,-0.011596179492951553
2024-10-28,-0.012891842762214223,-0.006431881606666412,-0.01364688844750861,-0.007580818210798479
2024-10-29,-0.011925097756382508,-0.004823804653386277,-0.004169541957376399,-0.006265530549357967
2024-10-30,-0.016091379401547257,-0.007834420497206285,-0.011695563657633468,-0.008723007627330026
2024-10-31,-0.027242007030627735,-0.02728413895054993,-0.036643103333579785,-0.02720761235144442
2024-11-01,-0.02591707887219097,-0.023178598724811872,-0.029515366238206386,-0.023053901973298152
2024-11-04,-0.02816549640344468,-0.0252827799912696,-0.03234259833494235,-0.024819093988245777
2024-11-05,-0.017516699235501476,-0.01349678635005691,-0.01999822807495688,-0.012426921568580718
2024-11-06,-0.0015794386536338578,0.0,0.0,0.0
2024-11-07,0.0,0.0,0.0,0.0
2024-11-08,-0.003925547295542731,0.0,0.0,0.0
2024-11-11,0.0,0.0,-0.0005834958480873675,0.0
2024-11-12,-0.007274743141068241,-0.0031063360412689756,-0.0023925605776741188,-0.003932262279347842
2024-11-13,-0.016273715241313158,-0.0026220763536566327,-0.0036761076957724237,-0.004402826107228974
2024-11-14,-0.018397862536035037,-0.009035422321781228,-0.010600314328291005,-0.011763152683345268
2024-11-15,-0.02359509652957681,-0.021728331667639544,-0.03417361846487044,-0.024299262248961728
2024-11-18,-0.014263432898796835,-0.01772005545631683,-0.027463476106737272,-0.0203332610356175
2024-11-19,-0.008957844172737928,-0.014129147637411021,-0.02077267979242825,-0.01582984680218813
2024-11-20,-0.007604503839103716,-0.01379531534148215,-0.021336709806946796,-0.015258485289510348
2024-11-21,-0.0030148268280962842,-0.00850102017027432,-0.017816149095108202,-0.008368617761976949
2024-11-22,0.0,-0.005427869701582599,-0.016240794158093652,-0.0034615936721684726
2024-11-25,0.0,-0.002054072509539928,-0.014684845159775417,0.0
2024-11-26,-0.004724045944904831,0.0,-0.0093944508598508,0.0
2024-11-27,-0.0024881732693894376,-0.003029984694522536,-0.017193961159372995,-0.00284217430973821
2024-11-29,0.0,0.0,-0.008558138754857558,0.0
2024-12-02,-0.002548421711538351,0.0,0.0,0.0
2024-12-03,-6.355486623910167e-05,0.0,0.0,0.0
2024-12-04,0.0,0.0,0.0,0.0
2024-12-05,-0.0021149752628623064,-0.0016456371446975648,-0.0027709386422235527,-0.0027776506478882634
2024-12-06,0.0,0.0,0.0,-1.1102230246251565e-16
2024-12-09,-0.006267109288309203,-0.0051497755511148435,-0.007787378104703646,-0.006381267623810638
2024-12-10,-0.00937136978647457,-0.008242551343777715,-0.011168510303779078,-0.010117443279110239
2024-12-11,-0.0007262724513924512,-0.0005758410543414971,0.0,-0.0021490792428777716
2024-12-12,-0.006961841040648342,-0.005725309162287973,-0.006453843628238531,-0.007836114591721621
2024-12-13,-0.009326028058934344,-0.005922892638488331,0.0,-0.008332127317354776
2024-12-16,-0.003537881572383883,-0.0016781272939742076,0.0,-0.004298364642333019
2024-12-17,-0.010397118605498301,-0.0057913069624294655,-0.0044038036522239254,-0.009224785298232563
2024-12-18,-0.041838355633808,-0.03542216712385149,-0.04032185154531953,-0.03987449599870729
2024-12-19,-0.045139454018801706,-0.03571843985709622,-0.04459559301488836,-0.04123018165280701
2024-12-20,-0.03688607646552522,-0.024136543299629665,-0.03625238723900592,-0.030319241706630362
2024-12-23,-0.03673425522937801,-0.018292561074354063,-0.026862961952491493,-0.024809707171074336
2024-12-24,-0.026514500948291553,-0.007380993104972311,-0.013667458293126544,-0.014460646977064617
2024-12-26,-0.026286762165912192,-0.007314892823774621,-0.014337510276800858,-0.013896808737410948
2024-12-27,-0.03473437016079628,-0.017764578673221232,-0.027439973413069807,-0.02457757486473089
2024-12-30,-0.042596488741989735,-0.028973341705352817,-0.040374952163667266,-0.03535770846243935
2024-12-31,-0.042938199182049774,-0.03250606867194117,-0.04852669816693023,-0.03870775284795047
2025-01-02,-0.038538013950090155,-0.03488311676865796,-0.050387851951814056,-0.04053203240286685
2025-01-03,-0.027179151992339223,-0.02281586992940421,-0.03484728079057686,-0.027927722328530913
2025-01-06,-0.022082546944481418,-0.017186585516701047,-0.023754859164343056,-0.022487765637904777
2025-01-07,-0.029986218109263163,-0.028296351848620227,-0.04117535243246628,-0.033400664071568276
2025-01-08,-0.03275073921136318,-0.02687668177818181,-0.04100758194432519,-0.03250501682031581
2025-01-10,-0.04634133329283008,-0.04173397537031809,-0.05604575716904148,-0.04703348931140061
2025-01-13,-0.04900637791639806,-0.04024810253762601,-0.059079358874120635,-0.04547453327181694
2025-01-14,-0.04149607856850235,-0.03892763412951239,-0.05997274244552164,-0.04331834162701309
2025-01-15,-0.025557344473324917,-0.021445595728015965,-0.038346313993111614,-0.025771530683727284
2025-01-16,-0.02268452587780112,-0.0233275578426142,-0.04508345494595645,-0.02650132496832469
2025-01-17,-0.014724780353971068,-0.013521862949829488,-0.028966043985622525,-0.017512279716543677
2025-01-21,-0.004695597233195237,-0.004492154613989663,-0.023271117108836004,-0.007760455127753918
2025-01-22,-0.0030166523455900096,0.0,-0.01078262987221068,-0.002917630964058837
2025-01-23,-0.0008343106709481907,0.0,-0.008679547839079649,0.0
2025-01-24,-0.000461722045776769,-0.0029193667721002514,-0.014281663074745654,-0.002912102869002897
2025-01-27,-0.016426123390722358,-0.017023327139410682,-0.04298054457430711,-0.016811051449413195
2025-01-28,-0.013009013074632314,-0.00857738342920833,-0.028835695700497932,-0.008372462862384134
2025-01-29,-0.012970596364681342,-0.013021695291373203,-0.030659656164340854,-0.012608417136291239
2025-01-30,-0.0027834704926987808,-0.0077245015344646895,-0.026528107622135977,-0.006420057135505641
2025-01-31,-0.0062714032094470795,-0.013005303506121502,-0.02794248379057851,-0.011847097168101728
2025-02-03,-0.012776317475983956,-0.019647438152318064,-0.03572195326046956,-0.019061280035656547
2025-02-04,-0.0054187966659828835,-0.013070870647128308,-0.023885321890455335,-0.011946440014146686
2025-02-05,0.0,-0.009069340611421728,-0.019455654574984438,-0.007379548598859698
2025-02-06,-0.0011769828056058529,-0.0056253348989353524,-0.014337510276800747,-0.004930634320526539
2025-02-07,-0.0060621929412192355,-0.014727357268529806,-0.026769806988407696,-0.013832617176995465
2025-02-10,0.0,-0.008036047266578028,-0.014988908379460542,-0.007512005726919901
2025-02-11,-0.004689648150896564,-0.007281617895675496,-0.017333918660839,-0.008041525721004694
2025-02-12,-0.007981223700335272,-0.010479746829385683,-0.016756907200260795,-0.011317577174017268
2025-02-13,0.0,-3.278357050329195e-05,-0.002612229987933312,-0.0009927085847546424
2025-02-14,-0.0012149920159786332,-8.206073858918472e-05,0.0,-0.0011250628734295054
2025-02-18,0.0,0.0,0.0,0.0
2025-02-19,-0.00104833071927668,0.0,0.0,0.0
2025-02-20,-0.004674139124171917,-0.004160245253420847,-0.004244502587309462,-0.0053773009437009245
2025-02-21,-0.021762467513844586,-0.021193094529684986,-0.024910951721603847,-0.023752864165509036
2025-02-24,-0.027403354000436586,-0.025647165016950746,-0.03642109632440582,-0.028734436111808925
2025-02-25,-0.03499422615517722,-0.030492901198555633,-0.04856149975615942,-0.03355095010841547
2025-02-26,-0.03346515098929759,-0.030003293759601646,-0.046263334447588456,-0.033221244290891794
2025-02-27,-0.04533456215068754,-0.04548629342252808,-0.07274981927071644,-0.04819856163786718
2025-02-28,-0.03671914867434689,-0.030590640374929312,-0.05810712872882717,-0.03351814355940819
2025-03-03,-0.046631710157133854,-0.047574670705066824,-0.07871807405666609,-0.05083805354643933
2025-03-04,-0.05395197637336635,-0.0588484036002046,-0.08149827909707275,-0.062681525299488
2025-03-05,-0.039871608635637545,-0.048733057192306806,-0.06952472899725137,-0.052025548100039565
2025-03-06,-0.05324480722238567,-0.06561904449370881,-0.09512150033969013,-0.06964225483512165
2025-03-07,-0.05102444048533139,-0.060382149038367805,-0.08846748291833317,-0.06525468646678612
2025-03-10,-0.07311348641916404,-0.08540935395315963,-0.12379508587305033,-0.09072312810444794
2025-03-11,-0.074830771085451,-0.09301214518146861,-0.12588969923433235,-0.09709026414397981
2025-03-12,-0.07027954163476968,-0.08819912377081585,-0.11602899783261622,-0.09263657007530113
2025-03-13,-0.0780520789883139,-0.10035392723100545,-0.13193209206155387,-0.10537084215436487
2025-03-14,-0.06149472020208635,-0.08177112705728296,-0.11095039954192842,-0.08620361589682324
2025-03-17,-0.05095743769335981,-0.07469025290239761,-0.1051860956012608,-0.07864878026275979
2025-03-18,-0.056037378552577954,-0.08469145210638551,-0.12044029676643042,-0.08857881004495516
2025-03-19,-0.04693918957129395,-0.07472286638922898,-0.10867052655560816,-0.078219834634489
2025-03-20,-0.051753721663045926,-0.07739869157121637,-0.11169183694007412,-0.08043017587385892
2025-03-21,-0.0534365817418514,-0.07709423150470929,-0.10876329883169633,-0.08006725342546528
2025-03-24,-0.042197472537150116,-0.06056638485372956,-0.0892056721471074,-0.06304424270695064
2025-03-25,-0.03999749562027821,-0.05830815410095347,-0.08400820225450334,-0.061460814115018025
2025-03-26,-0.048692281239904545,-0.06955028635046567,-0.10086301010932908,-0.07244659965245592
2025-03-27,-0.04687735153466699,-0.07202131504061082,-0.10598628497523377,-0.07636964779094058
2025-03-28,-0.061930585424349704,-0.09070914684738984,-0.1295237739214854,-0.09477678731616812
2025-03-31,-0.05927153925415474,-0.08460536060388002,-0.12956087143483497,-0.09010882547428545
2025-04-01,-0.05557283168028271,-0.08201988085746303,-0.12254414176697914,-0.08702982832948036
2025-04-02,-0.049995621475116825,-0.07621052755252167,-0.11614011941638258,-0.07981269510926126
2025-04-03,-0.07699769536079593,-0.12173561279323764,-0.16345625963837285,-0.1261282633545724
2025-04-04,-0.11748114153527633,-0.1731517876242148,-0.21541306514015623,-0.17740987169563738
2025-04-07,-0.12727177595403805,-0.17462461066384038,-0.2135197243090603,-0.18009139699512533
2025-04-08,-0.13791632627064032,-0.1875522626062266,-0.2276830534342097,-0.19303593854923307
2025-04-09,-0.08737064596067079,-0.10222940529205449,-0.13498121133467522,-0.11116406862719996
2025-04-10,-0.10384178142978706,-0.14156906928806157,-0.17177237102573661,-0.1477467026855238
2025-04-11,-0.09024062091667173,-0.12625227686703067,-0.15651389595349907,-0.13347795553687425
2025-04-14,-0.08291742776112909,-0.11777560624623196,-0.1507964910197236,-0.1254993002978223
2025-04-15,-0.08048722313734624,-0.1202466349363771,-0.14984979211146188,-0.12702213929455708
2025-04-16,-0.08479880678499374,-0.13980166138368666,-0.17548485766122934,-0.14516436593655058
2025-04-17,-0.0796548053115963,-0.13857440169444246,-0.17563330470005567,-0.14337671657704731
2025-04-21,-0.08759131584083846,-0.1590786629199642,-0.1960337458584418,-0.16373692223310143
2025-04-22,-0.0720857073791551,-0.1371996723256127,-0.17492799606299103,-0.14244962400619288
2025-04-23,-0.0658348589750386,-0.12383037097537397,-0.15621683091956395,-0.1278496844932676
2025-04-24,-0.05146813904838754,-0.10538784930867484,-0.13247510620089253,-0.10947596663984116
2025-04-25,-0.0520926650925696,-0.09892399801645135,-0.12280405230213765,-0.10401336866872113
2025-04-28,-0.04941279400154597,-0.09858044227939478,-0.12308254008668429,-0.10272232844481644
2025-04-29,-0.04602154898169719,-0.09290194805826135,-0.11729094012620944,-0.09732585617403933
2025-04-30,-0.0487647714838676,-0.09254198429366822,-0.11740240362254117,-0.09679623544850191
2025-05-01,-0.048504843666715924,-0.0861109490565175,-0.10587504942061243,-0.09116816944582617
2025-05-02,-0.03814296488455349,-0.07254505522820465,-0.092602687455559,-0.07699850832722532
2025-05-05,-0.03666572709057336,-0.07786338311650365,-0.09798587285662186,-0.08222941004598094
2025-05-06,-0.0354975726777127,-0.08557100340962809,-0.10637612228525739,-0.0896784445594958
2025-05-07,-0.03558716812888718,-0.08172524535065318,-0.10286792840761216,-0.08590425613713193
2025-05-08,-0.034521192416298585,-0.0753269248844547,-0.09360506112655897,-0.07872023702731701
2025-05-09,-0.03266171035067644,-0.07650516305933097,-0.09419907722357468,-0.07974656940891878
2025-05-12,-0.02648725935841323,-0.045985927989420694,-0.05729656800703664,-0.04895782820645622
2025-05-13,-0.02049644843913756,-0.039685650551957496,-0.042928946124039746,-0.04250201196413883
2025-05-14,-0.021802724689630404,-0.03845839086271352,-0.03719324886801345,-0.04187304890738863
2025-05-15,-0.018035782568057823,-0.03376194747486494,-0.036135143448847384,-0.037966404043407787
2025-05-16,-0.015616311451739473,-0.027641753203818897,-0.03193999024181582,-0.03137833640040444
2025-05-19,-0.012739895463561357,-0.026578168653455525,-0.03101192556837029,-0.030616814381571378
2025-05-20,-0.010422285512781349,-0.029850962442226958,-0.03424185960317905,-0.03379505133712368
2025-05-21,-0.014351278000392487,-0.04619872592678964,-0.047662554636203835,-0.050613021124342406
2025-05-22,-0.017666841091898422,-0.045822252850539646,-0.04588044935972946,-0.05077859167636389
2025-05-23,-0.01665009895192382,-0.0523353282253719,-0.054716324831981966,-0.05634022441729969
2025-05-27,-0.009005959629733717,-0.032632730814355915,-0.032478388561520966,-0.03694027670273703
2025-05-28,-0.011364639945290023,-0.03822938746604876,-0.03676631404464048,-0.0426013542953515
2025-05-29,-0.011313276348084433,-0.03443285348968261,-0.03487303019897203,-0.03952245967101209
2025-05-30,-0.01367599928130303,-0.03551274478346167,-0.036395110969433264,-0.0403168907593181
2025-06-02,-0.008609135865032758,-0.030079965838890832,-0.028784251233706648,-0.03541733518553658
2025-06-03,-0.008992286540687289,-0.024548941297343307,-0.0211923106599341,-0.028762834280793514
2025-06-04,-0.007547173908001525,-0.024810760749080174,-0.018463506475197677,-0.02886238165293753
2025-06-05,-0.006826455279109855,-0.029523612164464974,-0.025851553189115917,-0.034225432251913435
2025-06-06,-0.006195438020142441,-0.0195578624026852,-0.016328946329187355,-0.022969300246561852
2025-06-09,-0.0054534561936370185,-0.018674158450497802,-0.014880946614570179,-0.022174766637790166
2025-06-10,-0.004267896227182821,-0.013110419137998153,-0.00836534679678691,-0.017010195660308702
2025-06-11,-0.004000670803541051,-0.015924902281079234,-0.0117066303570722,-0.019625595259453732
2025-06-12,-0.0036998193248951594,-0.012014018532562232,-0.00938652565888587,-0.016480472414305836
2025-06-13,-0.010360060131019977,-0.023059760872241486,-0.021823367284871553,-0.028100654593173235
2025-06-16,-0.003406880685570046,-0.01376491712527994,-0.008217070714243047,-0.018499920546639292
2025-06-17,-0.008419866161915479,-0.022192363663469772,-0.01788795365671525,-0.026677157927651463
2025-06-18,-0.01019278283047853,-0.02233983334305545,-0.018055262872068156,-0.026313210274601095
2025-06-20,-0.010166107001657432,-0.0246358430728133,-0.02206452961435823,-0.02856425213883329
2025-06-23,-0.003321195039672653,-0.015001697521860202,-0.012009109006626772,-0.019228430975533617
2025-06-24,0.0,-0.004120238025785317,0.0,-0.00777361430775636
2025-06-25,-0.00010655766326439498,-0.0035621625213092534,0.0,-0.008932300610509536
2025-06-26,0.0,0.0,0.0,-0.000390910535515987
2025-06-27,-0.0011071263486366334,0.0,0.0,0.0
2025-06-30,0.0,0.0,0.0,0.0
2025-07-01,-0.0015225260972716592,-0.00032361428413474336,-0.008429472747991995,0.0
2025-07-02,0.0,0.0,-0.0015227771755748076,0.0
2025-07-03,0.0,0.0,0.0,0.0
2025-07-07,-0.004649397061444405,-0.007451971921066947,-0.007532889615530447,-0.007888721972114432
2025-07-08,-0.007590197213093397,-0.007995625508040782,-0.006975632862403325,-0.007953671173419607
2025-07-09,-0.002533885587134521,-0.002046916445999525,0.0,-0.0017205524530952143
2025-07-10,-0.0050869774074440155,0.0,-0.001438160900480101,0.0
2025-07-11,-0.0057084794548050155,-0.0035154084840564037,-0.0036853699984245036,-0.004216424639733374
2025-07-14,-0.005341455206415047,-0.001613932416789754,-7.177573951344662e-05,-0.001946142277370111
2025-07-15,-0.010725624189210303,-0.005880346539403503,0.0,-0.007200375950427995
2025-07-16,-0.0048091518044743875,-0.0025567324312656403,0.0,-0.003438067864739991
2025-07-17,-0.0005400508673102378,0.0,0.0,0.0
2025-07-18,-0.0008414851339785256,-0.0007322363413652111,-0.0009610921430169839,-0.0005496727570262205
2025-07-21,0.0,0.0,0.0,0.0
2025-07-22,0.0,0.0,-0.0051757479054648226,0.0
2025-07-23,0.0,0.0,-0.0006382175912162946,0.0
2025-07-24,-0.0021137396439243616,0.0,0.0,-0.00035221230140003446
2025-07-25,-0.00023423185711035632,0.0,0.0,0.0
2025-07-28,-0.007771645802985061,-0.0002510690047466957,0.0,-0.0002869978177929555
2025-07-29,-0.006712125565307425,-0.0028880684589234207,-0.0015489340755781011,-0.003442891174285534
2025-07-30,-0.012269283146058907,-0.004143800934825137,-0.00021125262986310123,-0.0045905871802128795
2025-07-31,-0.015935376690270897,-0.007879324147811007,-0.005509300189231348,-0.00892596676730606
2025-08-01,-0.017770788262254533,-0.02414069163117849,-0.02509955428609678,-0.025343600165190883
2025-08-04,-0.005532457126645518,-0.009307860290560188,-0.0071110204354805084,-0.0100737611949816
2025-08-05,-0.0050306115402622975,-0.01433069333112491,-0.013852213834726346,-0.014441029428496344
2025-08-06,0.0,-0.006780703525960052,-0.0014432537870568973,-0.007778369183126799
2025-08-07,0.0,-0.007612660193309639,0.0,-0.008352266396964625
2025-08-08,0.0,0.0,0.0,-0.002103961711577451
2025-08-11,-0.002811829879115213,-0.0019775980053369224,-0.002958805683887178,-0.004399353723432253
2025-08-12,0.0,0.0,0.0,0.0
2025-08-13,0.0,0.0,0.0,0.0
2025-08-14,-0.005075074037289795,0.0,-0.000775464383009683,-0.0014794522624919093
2025-08-15,-0.003645721003303737,-0.0023411979263346927,-0.005169445519717097,-0.003746157404118211
2025-08-18,-0.00310997388784362,-0.0025583050905840787,-0.0055657376206008635,-0.003368373213847198
2025-08-19,-0.010080330879358779,-0.007969622220138417,-0.019057845648348115,-0.009412531491330145
2025-08-20,-0.007176508533173531,-0.01060552709485929,-0.024881965718725363,-0.01202543351634866
2025-08-21,-0.0066544011366945766,-0.014574789542878941,-0.029396525331994994,-0.015425296845361092
2025-08-22,0.0,0.0,-0.014422707558516046,0.0
2025-08-25,-0.0038768825728681122,-0.004401115665894628,-0.017265759929204094,-0.004808561405074907
2025-08-26,0.0,-0.00023247821006888714,-0.013319958739123061,-0.0002827538125430573
2025-08-27,-0.003110557574915296,0.0,-0.011803586644300701,0.0
2025-08-28,-0.00197819570700164,0.0,-0.0056174141105558295,0.0
2025-08-29,-0.0038619963719543904,-0.005963639392962294,-0.017127955955989815,-0.005935489994042253
2025-09-02,-0.005414126494992955,-0.013329794393760586,-0.025364490980761212,-0.012839636060009152
2025-09-03,-0.004925996037274838,-0.00798239456811456,-0.017696608701284866,-0.008653475467191196
2025-09-04,-0.003532605689020696,0.0,-0.00880529344795955,0.0
2025-09-05,0.0,-0.0028961941058494034,-0.007375154514289606,-0.0018431382495452953
2025-09-08,0.0,-0.0004468261652275096,-0.002533099108849468,0.0
2025-09-09,-0.001713745016403978,0.0,0.0,0.0
2025-09-10,0.0,0.0,0.0,0.0
2025-09-11,0.0,0.0,0.0,0.0
2025-09-12,0.0,-0.0003345365701959979,0.0,-0.001447114032737895
2025-09-15,0.0,0.0,0.0,0.0
2025-09-16,-0.0024482064375073165,-0.0013768849532600491,-0.0008451825424301562,-0.0013501004356870627
2025-09-17,-0.007612475276866815,-0.0026174446636231252,-0.00283935312543393,-0.002240062086998895
2025-09-18,-0.006199865420465578,0.0,0.0,0.0
2025-09-19,-0.0001938359671057599,0.0,0.0,0.0
2025-09-22,0.0,0.0,0.0,0.0
2025-09-23,-0.0022436571264824456,-0.005443562937222368,-0.00664236348431424,-0.005365918582925788
2025-09-24,-0.010259981704951349,-0.008607907872230869,-0.010129558537850025,-0.009003754926246499
2025-09-25,-0.010709162880231382,-0.013181571271498438,-0.014397077189170937,-0.014309022624090506
2025-09-26,-0.000605596927725105,-0.0075280548599659936,-0.010345518256022146,-0.008124691480740909
2025-09-29,0.0,-0.00473876527423045,-0.005762248796784997,-0.005610487661195207
2025-09-30,0.0,-0.0009897806646046448,-0.0030387963546651964,-0.002357709560507626
2025-10-01,0.0,0.0,0.0,0.0
2025-10-02,0.0,0.0,0.0,0.0
2025-10-03,0.0,-1.4805406382656372e-05,-0.004209680647392355,0.0
2025-10-06,0.0,0.0,0.0,0.0
2025-10-07,-0.005655579451659065,-0.0037075138893177817,-0.005265670505592235,-0.004800585555613246
2025-10-08,0.0,0.0,0.0,0.0
2025-10-09,-0.00941829965214347,-0.002896974724933221,-0.0012101540329018112,-0.0034658561853405656
2025-10-10,-0.024030574020549866,-0.02984653787017777,-0.03588253480933601,-0.030167943521167695
2025-10-13,-0.0024327122487445285,-0.01496038853801529,-0.01542262618352952,-0.014707341051216405
2025-10-14,-0.0036410950793673846,-0.016163758522537486,-0.02198084151540669,-0.015008719849941676
2025-10-15,0.0,-0.011795988102344501,-0.015079086306154066,-0.01033716289162201
2025-10-16,0.0,-0.018525790398402298,-0.0187261793817165,-0.01820326088519819
2025-10-17,-0.012913393006139806,-0.012954741421280391,-0.012282477342297815,-0.013592202380317442
2025-10-20,-0.0006598254563151551,-0.0026889769499152116,0.0,-0.0025917834378063054
2025-10-21,-0.025350695181959426,-0.002703879647641849,-0.00026154446867010517,-0.0027124091885276647
2025-10-22,-0.026492107305075896,-0.007888738470180567,-0.009893012184906902,-0.008770141600713321
2025-10-23,-0.016190243127546577,-0.002005555689141514,-0.0015697676631666324,-0.00241112317884129
2025-10-24,-0.014556876054741097,0.0,0.0,0.0
2025-10-27,-0.01655375853395935,0.0,0.0,0.0
2025-10-28,-0.011597810508494732,0.0,0.0,0.0
2025-10-29,-0.009592215122663506,0.0,0.0,-0.000710240666452755
2025-10-30,-0.00915402375884633,-0.010998097614260183,-0.015288557761366617,-0.011451491956360527
2025-10-31,-0.01261214845097025,-0.007754041551313207,-0.01053837406511493,-0.007486315613788208
2025-11-03,-0.011434450516020656,-0.005891853994826501,-0.0058039921969803565,-0.0063620108338120485
2025-11-04,-0.02907291277314661,-0.017675561984479615,-0.025984179286771103,-0.01837551852533781
2025-11-05,-0.018429918989384952,-0.014271429414273284,-0.01964543010167341,-0.014173747132640302
2025-11-06,-0.0207264103195256,-0.024847669924390914,-0.03790675495392137,-0.02538846183244481
2025-11-07,-0.01758803125762831,-0.02388756899382538,-0.0409425366520515,-0.02325792203951693
2025-11-10,0.0,-0.00865594912073886,-0.019724150184428635,-0.008965831830206383
2025-11-11,0.0,-0.006386587092766294,-0.0223351132229892,-0.006539479897210265
2025-11-12,0.0,-0.005833750161934326,-0.02310583775415187,-0.006184359563983888
2025-11-13,-0.014473550130834623,-0.022330851819200692,-0.04305015365350795,-0.023790511436141193
2025-11-14,-0.018931271513925596,-0.022490928326460158,-0.0423266419014765,-0.023938554160998216
2025-11-17,-0.030812758777711724,-0.031597920760159326,-0.05050562959397209,-0.034087998964338784
2025-11-18,-0.033811124114996316,-0.039730129630636046,-0.062066497561411804,-0.040627387758333744
2025-11-19,-0.03291749838385627,-0.036020347622071514,-0.05646696560385234,-0.03749079515888476
2025-11-20,-0.049523820016840414,-0.0507135446122392,-0.07880207882684132,-0.052818546719687776
2025-11-21,-0.047108026631119904,-0.04125757106819461,-0.07188135987449484,-0.041870126718195566
2025-11-24,-0.03224157163379915,-0.027146218161181124,-0.048146339573963415,-0.027548427963913658
2025-11-25,-0.0269492201705942,-0.017995714998998658,-0.042279332769734945,-0.01713277956547632
2025-11-26,-0.015052677781311252,-0.011216367482659972,-0.03381726110767358,-0.010386222059896921
2025-11-28,-0.004812645267629256,-0.005819157057525226,-0.025984179286771103,-0.004852794969207985
2025-12-01,-0.00704696403093108,-0.010358149698213692,-0.02925592852794623,-0.009735198483386887
2025-12-02,-0.005755278817431431,-0.008524969294049112,-0.021658814250088976,-0.008551585510252702
2025-12-03,-0.003603290782762336,-0.005091740043272619,-0.01926792057384563,-0.004113036860999064
2025-12-04,-0.0033853623428068413,-0.004364323029020012,-0.020180283442401747,-0.0025448772160975297
2025-12-05,-0.0007522176259010527,-0.0024732178484591083,-0.016185022449195063,-0.001154095531378574
2025-12-08,-0.005013980973260446,-0.005469996890684059,-0.018072570088334516,-0.004083519419242898
2025-12-09,0.0,-0.0063283042033782655,-0.01686151412731629,-0.005089572225764005
2025-12-10,0.0,0.0,-0.01283484218309583,0.0
2025-12-11,0.0,0.0,-0.016027678636294618,0.0
2025-12-12,-0.007722094146190184,-0.010752074615154483,-0.03483965865738814,-0.01141606037256171
2025-12-15,-0.004517114697103475,-0.012246728001212404,-0.039684171559291825,-0.013358188417310957
2025-12-16,-0.009110130225927215,-0.014945551593447237,-0.03778101479725615,-0.016212090274756785
2025-12-17,-0.008741674093285523,-0.02578469079525525,-0.05561761734254511,-0.026951544725109744
2025-12-18,-0.004203349175334603,-0.018428135059587736,-0.041933426898141835,-0.019478079471890175
2025-12-19,0.0,-0.009531652352802289,-0.029444586939249784,-0.010739454450352848
2025-12-22,0.0,-0.0033612288268971557,-0.024792297495237148,-0.0038614277734726477
2025-12-23,0.0,0.0,-0.020225087406270936,-0.0005567572630731377
2025-12-24,0.0,0.0,-0.017358597244739538,0.0
2025-12-26,0.0,-0.00010140966545213459,-0.01742170820459854,-0.0006178549233282205
2025-12-29,-0.0166752295133904,-0.0036647017840368834,-0.02217796211530998,-0.004383879406281266
2025-12-30,-0.013619206156714303,-0.004881440013694283,-0.024445909860591586,-0.005972778251506883
2025-12-31,-0.02399693967682992,-0.012254127111194224,-0.03250946712574221,-0.013563631830729728
2026-01-02,-0.008426748432160291,-0.010443595739656586,-0.03438352539941558,-0.010503714355913574
2026-01-05,0.0,-0.0038529451419928584,-0.026713761253262414,-0.0030600078044835666
2026-01-06,0.0,0.0,-0.018161888958241446,0.0
2026-01-07,-0.005216637250424094,-0.003223412281198268,-0.017216862554735646,-0.0033997127915723624
2026-01-08,-0.005800800484743407,-0.0033246123310798348,-0.02280791548257355,-0.0031358085565076355
2026-01-09,0.0,0.0,-0.013074856535780777,0.0
2026-01-12,0.0,0.0,-0.012255955699382315,0.0
2026-01-13,-0.00017733548216880557,-0.0019995067653818532,-0.013720611731161791,-0.0020114272048885606
2026-01-14,0.0,-0.006904931587087493,-0.024256866038846137,-0.0059178418712484415
2026-01-15,0.0,-0.004200438262084272,-0.02074471703454439,-0.0028568459722364548
2026-01-16,0.0,-0.005034823882229755,-0.0215637142235533,-0.0034399396911938274
2026-01-20,0.0,-0.025289130990863495,-0.04235265710630387,-0.023088363266223433
2026-01-21,0.0,-0.014039886333605978,-0.029406816715944806,-0.011515004572117071
2026-01-22,0.0,-0.008889962604907486,-0.022351204108938094,-0.0062968751636174325
2026-01-23,0.0,-0.008530452118199361,-0.019264355527258137,-0.0072005585527675775
2026-01-26,0.0,-0.003495539969216477,-0.014949011162064929,-0.0029151105940384836
2026-01-27,0.0,0.0,-0.006019243928774176,0.0
2026-01-28,0.0,-0.0001006645803248718,-0.002727646049841992,-0.0005535293960867715
2026-01-29,-0.006196219646360301,-0.0020848419786652084,-0.00869659391594968,-0.0028548486545632024
2026-01-30,-0.061142159315692,-0.005061108076175436,-0.020602982344540832,-0.007865501568825262
2026-02-02,-0.06575648967826442,-0.00011504523465699634,-0.013878051896672572,-0.00230131925847632
2026-02-03,-0.04470508138654217,-0.008569458383974493,-0.029028825425064797,-0.009962903066261242
2026-02-04,-0.05144454024139533,-0.013371802907044872,-0.045990738972492284,-0.014623944345476647
2026-02-05,-0.07748902600012653,-0.02569408272246443,-0.0597239728956257,-0.027296270505138165
2026-02-06,-0.04993851948830719,-0.0070022317363926945,-0.03984854911275659,-0.006729375551941641
2026-02-09,-0.031930471619070255,-0.0022142678676544403,-0.032493665297624985,-0.0018352598493617256
2026-02-10,-0.03880195193852998,-0.004845486486066974,-0.03698225165644631,-0.004282362419458896
2026-02-11,-0.02700822902020583,-0.005075488730507671,-0.03439932722753303,-0.0052436379000116995
2026-02-12,-0.045950165223913375,-0.02044593791509819,-0.05403859076213602,-0.02114940213637806
2026-02-13,-0.03541244769058094,-0.01975584295690269,-0.05202270144584842,-0.019285075062306478
2026-02-17,-0.04352389741128826,-0.018174235654988657,-0.05299923515297855,-0.018061568496065106
2026-02-18,-0.03212430779416919,-0.013228084588597033,-0.045927820717854506,-0.012934467807735217
2026-02-19,-0.028208332866899277,-0.01583054189834543,-0.049581608059549476,-0.014798794881806798
2026-02-20,-0.013405233098609859,-0.008713176702422554,-0.0411714704545324,-0.008739485937633962
2026-02-23,-0.007844610557935172,-0.018835569304520017,-0.05282599315935066,-0.019838604458393028
2026-02-24,-0.0013769127924387892,-0.011703999904011608,-0.04265192831442921,-0.011827409015561341
2026-02-25,0.0,-0.003364455539604627,-0.02877686334868168,-0.004194981870100478
2026-02-26,0.0,-0.008900213433613358,-0.04049430430813783,-0.008098575992188883
2026-02-27,0.0,-0.013659415993687363,-0.04356544741431079,-0.013109228906450943
2026-03-02,-0.0042484618505722604,-0.013098658699607801,-0.04230544432717309,-0.012089550663635373
2026-03-03,-0.045649138384541765,-0.02179745474769812,-0.05255813290223943,-0.021965162618153067
2026-03-04,-0.037261858565184824,-0.014895887591630519,-0.038116129176476776,-0.014798794881806576
2026-03-05,-0.057779453720127716,-0.020388503522642876,-0.04101412664163229,-0.021178558798701896
2026-03-06,-0.05921391968100598,-0.03322839866914562,-0.05544032853927772,-0.03454992935322765
2026-03-09,-0.04653996117563863,-0.024759516640622814,-0.042825170308057214,-0.026189211712963956
2026-03-10,-0.047651434186886776,-0.026326743288204613,-0.04280936847993977,-0.02843230708440636
2026-03-11,-0.046978530081936865,-0.027548834231815422,-0.04293539769443666,-0.029219000341472068
2026-03-12,-0.07203736623072265,-0.04231547238420297,-0.0593617834328628,-0.044716839618143545
2026-03-13,-0.08166647639431457,-0.04773609681868163,-0.06493713088519382,-0.04993149973106026
2026-03-16,-0.06491921452999394,-0.03804503562167483,-0.054448089356640694,-0.04023073831287305
2026-03-17,-0.057190059358822376,-0.03551456980846035,-0.049833570135932814,-0.0369970319233246
2026-03-18,-0.07362612184848294,-0.04897265664149797,-0.06307858538180633,-0.05025195470378263
2026-03-19,-0.07655581240898801,-0.05131635039814142,-0.06603950110159984,-0.05194152067913815
2026-03-20,-0.10362192349610189,-0.06491639105216307,-0.08330068585715233,-0.06679871832320827
2026-03-23,-0.08620245170700092,-0.05509802136312392,-0.07277792091493407,-0.05558306259076684
2026-03-24,-0.09112922551087277,-0.058269882004525986,-0.07911715186308421,-0.05852529179468802
2026-03-25,-0.07760475042905424,-0.053021913646906116,-0.07306177570538341,-0.052786437823237664
2026-03-26,-0.10057657341785042,-0.06993373959122995,-0.09518587671143963,-0.06910012701929902
2026-03-27,-0.10000990127254883,-0.0857931310231127,-0.11286291933378767,-0.08506161088949349
2026-03-30,-0.11203891712206437,-0.08884968175523789,-0.11964363794311872,-0.08918200178910896
2026-03-31,-0.07654686140837696,-0.06236448659476046,-0.08984013752986231,-0.06250150925974352
2026-04-01,-0.06648771837466616,-0.0552998798730131,-0.07859675141392675,-0.05540043098197567
2026-04-02,-0.07220166849307252,-0.05444921564558769,-0.07754024504010515,-0.05388079647415356
2026-04-06,-0.06797433412545573,-0.049979743569112944,-0.07198946750344448,-0.04964351061239802
2026-04-07,-0.06546023062986017,-0.049561734119875966,-0.07184754010821981,-0.04900063303943447
2026-04-08,-0.039753049397809104,-0.02535441696063212,-0.04425167070608971,-0.024833248039660694
2026-04-09,-0.038220834706530815,-0.019731669341644942,-0.037786314190832115,-0.01971920524304671
2026-04-10,-0.03783028684692502,-0.020380386834308206,-0.036398643894819616,-0.02088824430206282
2026-04-13,-0.03265764498238399,-0.010807105843027687,-0.02643260433590644,-0.010309473822414206
2026-04-14,-0.02186550553587374,0.0,-0.008755561713558513,0.0
2026-04-15,-0.02576705177578198,0.0,0.0,0.0
2026-04-16,-0.025983983031093394,0.0,0.0,0.0
2026-04-17,-0.014008261557333923,0.0,0.0,0.0
2026-04-20,-0.01988854056430278,-0.0019997351150194964,-0.003174848913578998,-0.0009129309562785348
2026-04-21,-0.03367994888485393,-0.008533535912035428,-0.00696613494492182,-0.007674085744088899
2026-04-22,-0.020585301923383037,0.0,0.0,0.0
2026-04-23,-0.030459999207152477,-0.0038807408683984024,-0.005632679633709281,-0.004043041658395641
2026-04-24,-0.02533998549250316,0.0,0.0,0.0
2026-04-27,-0.023882545324929283,0.0,0.0,0.0
2026-04-28,-0.03121913468630544,-0.004865992267119479,-0.010056759402575555,-0.005389558373093073
2026-04-29,-0.03587153586324365,-0.005019749750924785,-0.004004673805915626,-0.006581025820134423
2026-04-30,-0.01853174226519516,0.0,0.0,0.0
2026-05-01,-0.019287167237231784,0.0,0.0,0.0
2026-05-04,-0.02044344799232678,-0.0036633921467564834,-0.0018838683316975136,-0.003687132550877603
2026-05-05,-0.009277803158942,0.0,0.0,0.0
2026-05-06,0.0,0.0,0.0,0.0
2026-05-07,-0.012780005290710772,-0.0030660824190705815,-0.001192941202506459,-0.004587337146275128
2026-05-08,-1.1655420189438104e-05,0.0,0.0,0.0
2026-05-11,0.0,0.0,0.0,0.0
2026-05-12,-0.010115664185354034,-0.0015149526145865622,-0.008481790799397704,-0.00231002610752018
2026-05-13,-0.00419739568685551,0.0,0.0,0.0
2026-05-14,-0.0030038247618682234,0.0,0.0,0.0
2026-05-15,-0.02279226181102001,-0.012029343756796207,-0.015087656778261405,-0.012683732141595572
2026-05-18,-0.021507293425777507,-0.01272439031910888,-0.019325059657848143,-0.013718100115024168
2026-05-19,-0.028027562325254718,-0.019300423939144107,-0.025368390555150944,-0.019978204716391335
2026-05-20,-0.01449481855787893,-0.009249239296974077,-0.009224799838167819,-0.008737106428692298
2026-05-21,-0.015602203164744699,-0.007284493648601065,-0.007335425959710373,-0.006287427843316595
2026-05-22,-0.012791400328662772,-0.0033815839160763472,-0.003125866663361898,-0.0016603034612550083
2026-05-26,0.0,0.0,0.0,0.0
2026-05-27,-0.005936390555445148,-0.0001732421647460125,-0.0011365676760620724,-0.0002707149093668093
2026-05-28,0.0,0.0,0.0,0.0
2026-05-29,-0.0011398066715024857,0.0,0.0,0.0
2026-06-01,0.0,0.0,0.0,0.0
2026-06-02,0.0,0.0,0.0,0.0
2026-06-03,-0.007089154428886912,-0.00701718232049986,-0.002613320951729392,-0.007239056289391477
2026-06-04,-0.007720448072905284,-0.00326501228528564,-0.007438052059239975,-0.0026177576020227633
2026-06-05,-0.04878729950179195,-0.028990115620007972,-0.05508200560693388,-0.029330003663388893
2026-06-08,-0.03753983098510083,-0.02679158163694839,-0.04032644197167201,-0.026418422800227215
2026-06-09,-0.04023635326075625,-0.02964838682468307,-0.05136965352390499,-0.028555386134370697
2026-06-10,-0.0545240301454919,-0.04494652583696357,-0.07031997684181446,-0.04359441173337486
2026-06-11,-0.02140212792406948,-0.02871362721290427,-0.03891926285236258,-0.026872565319878583
2026-06-12,-0.017095928660449178,-0.02346066972549432,-0.03326360492201508,-0.021369878602921832
2026-06-15,-0.006221944272432278,-0.006240404575367675,-0.002894773153374053,-0.004888306692621969
2026-06-16,-0.016837856403054796,-0.012164764855552401,-0.021845178360198947,-0.010658164922489721
2026-06-17,-0.021934176329478472,-0.024500723727740703,-0.03169559597319449,-0.022972498911243422
2026-06-18,-0.010965275493825533,-0.014358465125201003,-0.0074246222771424675,-0.011673302216191228
2026-06-22,-0.010416112061360061,-0.017460259020978253,-0.009916092523009845,-0.014825321090207177
2026-06-23,-0.03400390932271058,-0.03172865595295604,-0.04251860823237463,-0.028475267382029212
2026-06-24,-0.03623746709734643,-0.032177466243158426,-0.04658390154004388,-0.028608853138484713
2026-06-25,-0.029778517322549658,-0.030778347896372127,-0.038855880831975,-0.027727301601238707
2026-06-26,-0.037040620565284677,-0.03778715178029313,-0.05208470753169192,-0.02964540993536302
2026-06-29,-0.029398585577581127,-0.021934827525452172,-0.028525020953325986,-0.016518769902458708
2026-06-30,-0.02146067564109444,-0.014332201949001755,-0.01239822743254082,-0.008749948801664797
