Date,StartWindow,Ticker,AllocationBucket,PlainEnglishExplanation,Score,RankInScoreTable,EligibleAfterFiltersAndCorrelation,AboveSMA50,AboveSMA126,PositiveMom63,PositiveMom126,Mom21,Mom63,Mom126,RS63VsSPY,RS126VsSPY,Vol63Ann,OptimizerUsed,OptimizerFallbackReason,OptimizerRawWeight,OptimizerWeightAfterCap,ScoreRankPct,CenteredScoreRank,ScoreTiltMultiplier,ScoreTiltPreCapWeight,RiskWeightAfterScoreTilt,CashWeight,SignalBreadth,BreadthCashWeight,VolCashWeight,ActiveSleeveVol,RiskWeightBeforeCashScaling,CashScaledTargetWeight,PreviousFinalWeight,WeightBeforeTurnoverCap,WeightAfterTurnoverCapBeforePrune,WeightAfterPruningFinal,FinalWeight,FinalWeightPct,WeightChangeFromPrevious,TurnoverContributionOneWay,TurnoverBeforePrune,TurnoverAfterPrune,PrunedOrReducedByCleanup,TradeableDisplayCandidate,InFinalPortfolio
2026-07-01,2023-01-01,SGOV,Cash / risk control,SGOV is the SGOV/cash sleeve. It receives the cash allocation created by breadth and volatility risk controls.,,,False,,,,,,,,,,,,,0.0,0.0,,,,0.0,0.0,0.0,0.8377808988764045,0.0,0.0,0.14705598628049965,0.0,0.0,0.24063914612677853,0.0,0.18164367418945665,0.206399530488305,0.206399530488305,20.6399530488305,-0.034239615638473525,0.017119807819236763,0.2,0.20369946993467458,False,True,True
2026-07-01,2023-01-01,EWT,Selected and allocated,"EWT passed the latest signal filters, survived the correlation filter, was sized by Classic CVaR, adjusted by the score tilt, then scaled by the cash sleeve and turnover/pruning rules.",29.561739558777724,3.0,True,True,True,True,True,-0.006161923801217495,0.4842442155106066,0.6708522755917956,0.33857392042099677,0.5751781118307326,0.3952520629588263,Classic_CVaR_Sharpe,,0.119999999361976,0.12,1.0,0.4666666666666667,1.1633333333333333,0.13559527458098386,0.12,0.0,0.8377808988764045,0.0,0.0,0.14705598628049965,0.12,0.12,0.0596713571252628,0.12,0.07446162219650845,0.08460984908688313,0.08460984908688313,8.460984908688312,0.024938491961620325,0.012469245980810163,0.2,0.20369946993467458,False,True,True
2026-07-01,2023-01-01,EIS,Carryover due to turnover cap,"EIS was not in the latest eligible basket but remains as a carryover position, likely because the 20% turnover cap moves the portfolio gradually.",2.8945208555203186,142.0,False,False,False,True,True,-0.07396051636946466,0.03598273953812692,0.10907244424680296,-0.10968755555148291,0.013398280485739988,0.26630429999682503,,,0.0,0.0,,,,0.0,0.0,0.0,0.8377808988764045,0.0,0.0,0.14705598628049965,0.0,0.0,0.09638861676260072,0.0,0.07275783171859376,0.08267385238200889,0.08267385238200889,8.26738523820089,-0.013714764380591826,0.006857382190295913,0.2,0.20369946993467458,False,True,True
2026-07-01,2023-01-01,XBI,Selected and allocated,"XBI passed the latest signal filters, survived the correlation filter, was sized by Classic CVaR, adjusted by the score tilt, then scaled by the cash sleeve and turnover/pruning rules.",22.78581847394296,6.0,True,True,True,True,True,0.23265841318158653,0.2250831740112842,0.29435721095506007,0.07941287892167437,0.1986830471939971,0.2872516136428339,Classic_CVaR_Sharpe,,0.11999999985787792,0.12,0.9333333333333333,0.4,1.14,0.13287559858652284,0.12,0.0,0.8377808988764045,0.0,0.0,0.14705598628049965,0.12,0.12,0.05691567548063314,0.12,0.07238152780254288,0.0822462627511539,0.0822462627511539,8.22462627511539,0.02533058727052076,0.01266529363526038,0.2,0.20369946993467458,False,True,True
2026-07-01,2023-01-01,OIH,Carryover due to turnover cap,"OIH was not in the latest eligible basket but remains as a carryover position, likely because the 20% turnover cap moves the portfolio gradually.",0.06893979262253724,152.0,False,False,False,False,True,-0.15069699466557418,-0.0771847596066706,0.27429492260881294,-0.22285505469628042,0.17862075884774997,0.29118712404046826,,,0.0,0.0,,,,0.0,0.0,0.0,0.8377808988764045,0.0,0.0,0.14705598628049965,0.0,0.0,0.07474942703145877,0.0,0.05642373981163291,0.0641136194666959,0.0641136194666959,6.41136194666959,-0.010635807564762872,0.005317903782381436,0.2,0.20369946993467458,False,True,True
2026-07-01,2023-01-01,AVUV,Selected and allocated,"AVUV passed the latest signal filters, survived the correlation filter, was sized by Classic CVaR, adjusted by the score tilt, then scaled by the cash sleeve and turnover/pruning rules.",17.538498321546335,15.0,True,True,True,True,True,0.04020638779398422,0.1388977339009818,0.22793163249860604,-0.006772561188628012,0.13225746873754307,0.13302751607646263,Classic_CVaR_Sharpe,,0.11999999955304676,0.12,0.6666666666666666,0.1333333333333333,1.0466666666666666,0.1219968946086789,0.12,0.0,0.8377808988764045,0.0,0.0,0.14705598628049965,0.12,0.12,0.03381221957041021,0.12,0.05494215151836976,0.06243010844176733,0.06243010844176733,6.243010844176733,0.02861788887135712,0.01430894443567856,0.2,0.20369946993467458,False,True,True
2026-07-01,2023-01-01,CIBR,Selected and allocated,"CIBR passed the latest signal filters, survived the correlation filter, was sized by Classic CVaR, adjusted by the score tilt, then scaled by the cash sleeve and turnover/pruning rules.",19.677966654831963,7.0,True,True,True,True,True,-0.027366140253685223,0.45271300113602186,0.2721254914716986,0.30704270604641204,0.17645132771063565,0.33987614765115415,Classic_CVaR_Sharpe,,0.09588622139113491,0.09588622292421288,0.8666666666666667,0.33333333333333337,1.1166666666666667,0.10400133173807534,0.11032307181118196,0.0,0.8377808988764045,0.0,0.0,0.14705598628049965,0.11032307181118196,0.11032307181118196,0.03381221957041021,0.11032307181118196,0.052569740567816756,0.059734366305387025,0.059734366305387025,5.9734366305387026,0.025922146734976816,0.012961073367488408,0.2,0.20369946993467458,False,True,True
2026-07-01,2023-01-01,GLDM,Carryover due to turnover cap,"GLDM was not in the latest eligible basket but remains as a carryover position, likely because the 20% turnover cap moves the portfolio gradually.",-10.614066419914417,172.0,False,False,False,False,False,-0.09092136412682394,-0.14413576276548146,-0.06044238941263891,-0.2898060578550913,-0.15611655317370188,0.2397603271605664,,,0.0,0.0,,,,0.0,0.0,0.0,0.8377808988764045,0.0,0.0,0.14705598628049965,0.0,0.0,0.0656884577223356,0.0,0.049584172004323926,0.05634190052040826,0.05634190052040826,5.634190052040826,-0.009346557201927341,0.004673278600963671,0.2,0.20369946993467458,False,True,True
2026-07-01,2023-01-01,LIT,Carryover due to turnover cap,"LIT was not in the latest eligible basket but remains as a carryover position, likely because the 20% turnover cap moves the portfolio gradually.",7.05829363583687,125.0,False,False,True,True,True,-0.08741335361921898,0.05920864308302409,0.20341105490897582,-0.08646165200658573,0.10773689114791285,0.34433067588495714,,,0.0,0.0,,,,0.0,0.0,0.0,0.8377808988764045,0.0,0.0,0.14705598628049965,0.0,0.0,0.0596713571252628,0.0,0.045042233263217955,0.05118094995136648,0.05118094995136648,5.118094995136648,-0.00849040717389632,0.00424520358694816,0.2,0.20369946993467458,False,True,True
2026-07-01,2023-01-01,EWY,Carryover due to turnover cap,"EWY was not in the latest eligible basket but remains as a carryover position, likely because the 20% turnover cap moves the portfolio gradually.",27.14157232917996,4.0,False,True,True,True,True,-0.12180117014634584,0.49263184974191176,0.9103628944384119,0.34696155465230194,0.8146887306773489,0.7497738448334544,,,0.0,0.0,,,,0.0,0.0,0.0,0.8377808988764045,0.0,0.0,0.14705598628049965,0.0,0.0,0.05331405704558811,0.0,0.04024349888028983,0.045728205571502235,0.045728205571502235,4.572820557150224,-0.007585851474085872,0.003792925737042936,0.2,0.20369946993467458,False,True,True
2026-07-01,2023-01-01,XAR,Carryover due to turnover cap,"XAR was not in the latest eligible basket but remains as a carryover position, likely because the 20% turnover cap moves the portfolio gradually.",13.097086852880429,52.0,False,True,True,True,True,0.03735743270279257,0.11449576476976064,0.19157445683952323,-0.03117453031984918,0.09590029307846026,0.32120628737603063,,,0.0,0.0,,,,0.0,0.0,0.0,0.8377808988764045,0.0,0.0,0.14705598628049965,0.0,0.0,0.04211495513719269,0.0,0.03178998642811642,0.03612258066388347,0.03612258066388347,3.612258066388347,-0.00599237447330922,0.00299618723665461,0.2,0.20369946993467458,False,True,True
2026-07-01,2023-01-01,EWP,Carryover due to turnover cap,"EWP was not in the latest eligible basket but remains as a carryover position, likely because the 20% turnover cap moves the portfolio gradually.",12.554719313891175,65.0,False,True,True,True,True,0.041975948782436046,0.09014887321315501,0.10687075609051822,-0.05552142187645481,0.011196592329455246,0.20500756276720863,,,0.0,0.0,,,,0.0,0.0,0.0,0.8377808988764045,0.0,0.0,0.14705598628049965,0.0,0.0,0.04210765815172714,0.0,0.031784478383096296,0.03611632193832568,0.03611632193832568,3.611632193832568,-0.005991336213401456,0.002995668106700728,0.2,0.20369946993467458,False,True,True
2026-07-01,2023-01-01,JETS,Selected and allocated,"JETS passed the latest signal filters, survived the correlation filter, was sized by Classic CVaR, adjusted by the score tilt, then scaled by the cash sleeve and turnover/pruning rules.",19.585685543843603,8.0,True,True,True,True,True,0.17877197265625,0.3294420503416253,0.19597725305131664,0.1837717552520155,0.10030308929025367,0.3830675270173841,Classic_CVaR_Sharpe,,0.1115125414995355,0.11151254328245506,0.7333333333333333,0.19999999999999996,1.07,0.11589551647851667,0.12,0.0,0.8377808988764045,0.0,0.0,0.14705598628049965,0.12,0.12,0.0,0.12,0.0294193889332905,0.03342889913551665,0.03342889913551665,3.342889913551665,0.03342889913551665,0.016714449567758326,0.2,0.20369946993467458,False,True,True
2026-07-01,2023-01-01,XLI,Selected and allocated,"XLI passed the latest signal filters, survived the correlation filter, was sized by Classic CVaR, adjusted by the score tilt, then scaled by the cash sleeve and turnover/pruning rules.",15.870787241959452,20.0,True,True,True,True,True,0.06622549472022365,0.12951312956085181,0.19068973845994464,-0.01615716552875801,0.09501557469888167,0.2069917618103188,Classic_CVaR_Sharpe,,0.11999999968345045,0.12,0.5333333333333333,0.0,1.0,0.1165575426197569,0.12,0.0,0.8377808988764045,0.0,0.0,0.14705598628049965,0.12,0.12,0.0,0.12,0.0294193889332905,0.03342889913551665,0.03342889913551665,3.342889913551665,0.03342889913551665,0.016714449567758326,0.2,0.20369946993467458,False,True,True
2026-07-01,2023-01-01,XME,Carryover due to turnover cap,"XME was not in the latest eligible basket but remains as a carryover position, likely because the 20% turnover cap moves the portfolio gradually.",-7.997081730553948,169.0,False,False,False,False,True,-0.19846586971945424,-0.03123036422804737,0.017222918384328878,-0.1769006593176572,-0.07845124537673409,0.38975210030341595,,,0.0,0.0,,,,0.0,0.0,0.0,0.8377808988764045,0.0,0.0,0.14705598628049965,0.0,0.0,0.03895482976267069,0.0,0.02940460236585294,0.033412097336113146,0.033412097336113146,3.3412097336113145,-0.005542732426557541,0.0027713662132787704,0.2,0.20369946993467458,False,True,True
2026-07-01,2023-01-01,KIE,Selected and allocated,"KIE passed the latest signal filters, survived the correlation filter, was sized by Classic CVaR, adjusted by the score tilt, then scaled by the cash sleeve and turnover/pruning rules.",14.655806970019775,31.0,True,True,True,True,True,0.13970662486639385,0.1486659549370435,0.041113684007910045,0.0029956598474336626,-0.054560479753152924,0.18565597971005904,Classic_CVaR_Sharpe,,0.11999999942525942,0.12,0.3333333333333333,-0.2,0.93,0.10839851463637393,0.11498753828049252,0.0,0.8377808988764045,0.0,0.0,0.14705598628049965,0.11498753828049252,0.11498753828049252,0.0,0.11498753828049252,0.02819052592629533,0.0320325568251662,0.0320325568251662,3.2032556825166205,0.0320325568251662,0.0160162784125831,0.2,0.20369946993467458,False,True,True
2026-07-01,2023-01-01,ARKG,Not selected,ARKG was not selected for final allocation in this rebalance.,32.269842176292016,1.0,False,True,True,True,True,0.26440878475413565,0.5869286983940385,0.4824102993669175,0.44125840330442867,0.3867361356058545,0.4551218805080643,,,0.0,0.0,,,,0.0,0.0,0.0,0.8377808988764045,0.0,0.0,0.14705598628049965,0.0,0.0,0.0,0.0,0.0,0.0,0.0,0.0,0.0,0.0,0.2,0.20369946993467458,False,False,False
2026-07-01,2023-01-01,SMH,Not selected,SMH was not selected for final allocation in this rebalance.,31.450211399120484,2.0,False,True,True,True,True,-0.009142577776353189,0.5981579986348564,0.7242299878487435,0.4524877035452466,0.6285558240876805,0.48873440173199006,,,0.0,0.0,,,,0.0,0.0,0.0,0.8377808988764045,0.0,0.0,0.14705598628049965,0.0,0.0,0.0,0.0,0.0,0.0,0.0,0.0,0.0,0.0,0.2,0.20369946993467458,False,False,False
2026-07-01,2023-01-01,QTEC,Not selected,QTEC was not selected for final allocation in this rebalance.,24.409297143201705,5.0,False,True,True,True,True,-0.009688446382624782,0.5049030308036673,0.4149434322268224,0.35923273571405745,0.3192692684657594,0.34859376560345107,,,0.0,0.0,,,,0.0,0.0,0.0,0.8377808988764045,0.0,0.0,0.14705598628049965,0.0,0.0,0.0,0.0,0.0,0.0,0.0,0.0,0.0,0.0,0.2,0.20369946993467458,False,False,False
2026-07-01,2023-01-01,SCHA,Selected but not final,"SCHA passed the latest signal/correlation process but did not survive final sizing, cash scaling, turnover, or pruning into the final portfolio.",19.26225693645431,9.0,True,True,True,True,True,0.052644052504733585,0.22910088369173542,0.2572591576843095,0.0834305886021256,0.16158499392324654,0.19472955809182424,Classic_CVaR_Sharpe,,2.0389706513903184e-09,0.0,0.8,0.2666666666666667,1.0933333333333333,0.0,0.0,0.0,0.8377808988764045,0.0,0.0,0.14705598628049965,0.0,0.0,0.0,0.0,0.0,0.0,0.0,0.0,0.0,0.0,0.2,0.20369946993467458,False,False,False
2026-07-01,2023-01-01,IXN,Not selected,IXN was not selected for final allocation in this rebalance.,19.117742145041827,10.0,False,True,True,True,True,-0.05744175485860403,0.3883403192836632,0.33275427699608406,0.24267002419405337,0.2370801132350211,0.3466299120753618,,,0.0,0.0,,,,0.0,0.0,0.0,0.8377808988764045,0.0,0.0,0.14705598628049965,0.0,0.0,0.0,0.0,0.0,0.0,0.0,0.0,0.0,0.0,0.2,0.20369946993467458,False,False,False
2026-07-01,2023-01-01,XLK,Not selected,XLK was not selected for final allocation in this rebalance.,18.647432165540895,11.0,False,True,True,True,True,-0.05578491710728384,0.3872424790497744,0.2886704680972976,0.24157218396016455,0.1929963043362346,0.3104345334693124,,,0.0,0.0,,,,0.0,0.0,0.0,0.8377808988764045,0.0,0.0,0.14705598628049965,0.0,0.0,0.0,0.0,0.0,0.0,0.0,0.0,0.0,0.0,0.2,0.20369946993467458,False,False,False
2026-07-01,2023-01-01,JMOM,Not selected,JMOM was not selected for final allocation in this rebalance.,18.092007462308587,12.0,False,True,True,True,True,0.016172499598064327,0.2356221129872893,0.23855795226576326,0.08995181789767948,0.1428837885047003,0.19420917659388326,,,0.0,0.0,,,,0.0,0.0,0.0,0.8377808988764045,0.0,0.0,0.14705598628049965,0.0,0.0,0.0,0.0,0.0,0.0,0.0,0.0,0.0,0.0,0.2,0.20369946993467458,False,False,False
2026-07-01,2023-01-01,QQQJ,Not selected,QQQJ was not selected for final allocation in this rebalance.,17.678655676147038,13.0,False,True,True,True,True,0.0037074806307582087,0.24712160176512543,0.23560580641715934,0.1014513066755156,0.13993164265609637,0.21100742772837686,,,0.0,0.0,,,,0.0,0.0,0.0,0.8377808988764045,0.0,0.0,0.14705598628049965,0.0,0.0,0.0,0.0,0.0,0.0,0.0,0.0,0.0,0.0,0.2,0.20369946993467458,False,False,False
2026-07-01,2023-01-01,FNDA,Not selected,FNDA was not selected for final allocation in this rebalance.,17.614718079331688,14.0,False,True,True,True,True,0.050988667974005475,0.17563857821942808,0.20627181111514092,0.02996828312981825,0.11059764735407795,0.15460890214469666,,,0.0,0.0,,,,0.0,0.0,0.0,0.8377808988764045,0.0,0.0,0.14705598628049965,0.0,0.0,0.0,0.0,0.0,0.0,0.0,0.0,0.0,0.0,0.2,0.20369946993467458,False,False,False
2026-07-01,2023-01-01,EMXC,Not selected,EMXC was not selected for final allocation in this rebalance.,17.396255082880234,16.0,False,True,True,True,True,-0.04038330092784603,0.25535668327654437,0.37253945357110085,0.10968638818693455,0.2768652898100379,0.38116537242775256,,,0.0,0.0,,,,0.0,0.0,0.0,0.8377808988764045,0.0,0.0,0.14705598628049965,0.0,0.0,0.0,0.0,0.0,0.0,0.0,0.0,0.0,0.0,0.2,0.20369946993467458,False,False,False
2026-07-01,2023-01-01,KBE,Selected but not final,"KBE passed the latest signal/correlation process but did not survive final sizing, cash scaling, turnover, or pruning into the final portfolio.",16.720182163573707,17.0,True,True,True,True,True,0.10231444748995622,0.16504186125224662,0.14965832694494874,0.0193715661626368,0.05398416318388577,0.1864514092317322,Classic_CVaR_Sharpe,,9.368269578019872e-10,0.0,0.6,0.06666666666666665,1.0233333333333334,0.0,0.0,0.0,0.8377808988764045,0.0,0.0,0.14705598628049965,0.0,0.0,0.0,0.0,0.0,0.0,0.0,0.0,0.0,0.0,0.2,0.20369946993467458,False,False,False
2026-07-01,2023-01-01,VBK,Not selected,VBK was not selected for final allocation in this rebalance.,16.671829039777847,18.0,False,True,True,True,True,0.024309305260377556,0.2033500078070769,0.20358124012838896,0.05767971271746708,0.107907076367326,0.20331360767526518,,,0.0,0.0,,,,0.0,0.0,0.0,0.8377808988764045,0.0,0.0,0.14705598628049965,0.0,0.0,0.0,0.0,0.0,0.0,0.0,0.0,0.0,0.0,0.2,0.20369946993467458,False,False,False
2026-07-01,2023-01-01,IBB,Not selected,IBB was not selected for final allocation in this rebalance.,16.202695820495972,19.0,False,True,True,True,True,0.15986969630953274,0.1199188523360808,0.12896540392798705,-0.02575144275352903,0.033291240166924085,0.21727504156602248,,,0.0,0.0,,,,0.0,0.0,0.0,0.8377808988764045,0.0,0.0,0.14705598628049965,0.0,0.0,0.0,0.0,0.0,0.0,0.0,0.0,0.0,0.0,0.2,0.20369946993467458,False,False,False
2026-07-01,2023-01-01,VBR,Not selected,VBR was not selected for final allocation in this rebalance.,15.566761025923185,21.0,False,True,True,True,True,0.04128070661036376,0.12686871770030383,0.15565436949760802,-0.01880157738930599,0.059980205736545056,0.13383142538807496,,,0.0,0.0,,,,0.0,0.0,0.0,0.8377808988764045,0.0,0.0,0.14705598628049965,0.0,0.0,0.0,0.0,0.0,0.0,0.0,0.0,0.0,0.0,0.2,0.20369946993467458,False,False,False
2026-07-01,2023-01-01,JQUA,Not selected,JQUA was not selected for final allocation in this rebalance.,15.548680306311516,22.0,False,True,True,True,True,0.009166767606292092,0.18227920046662294,0.1452701513225847,0.03660890537701311,0.049595987561521726,0.13833138746583387,,,0.0,0.0,,,,0.0,0.0,0.0,0.8377808988764045,0.0,0.0,0.14705598628049965,0.0,0.0,0.0,0.0,0.0,0.0,0.0,0.0,0.0,0.0,0.2,0.20369946993467458,False,False,False
2026-07-01,2023-01-01,QQQM,Not selected,QQQM was not selected for final allocation in this rebalance.,15.497969790214993,23.0,False,True,True,True,True,-0.02181633537118699,0.2492304308190394,0.1799688953979537,0.10356013572942957,0.08429473163689072,0.22815652614056456,,,0.0,0.0,,,,0.0,0.0,0.0,0.8377808988764045,0.0,0.0,0.14705598628049965,0.0,0.0,0.0,0.0,0.0,0.0,0.0,0.0,0.0,0.0,0.2,0.20369946993467458,False,False,False
2026-07-01,2023-01-01,QCLN,Not selected,QCLN was not selected for final allocation in this rebalance.,15.375888694637815,24.0,False,True,True,True,True,-0.10354899994428657,0.30902115306202593,0.3672357761296585,0.1633508579724161,0.27156161236859555,0.47079939711837226,,,0.0,0.0,,,,0.0,0.0,0.0,0.8377808988764045,0.0,0.0,0.14705598628049965,0.0,0.0,0.0,0.0,0.0,0.0,0.0,0.0,0.0,0.0,0.2,0.20369946993467458,False,False,False
2026-07-01,2023-01-01,ICVT,Selected but not final,"ICVT passed the latest signal/correlation process but did not survive final sizing, cash scaling, turnover, or pruning into the final portfolio.",15.362896794512961,25.0,True,True,True,True,True,-0.029096071933305323,0.17248803199766072,0.22384304562182833,0.026817736908050893,0.12816888186076536,0.20155003532020632,Classic_CVaR_Sharpe,,1.4999345748351034e-09,0.0,0.4666666666666667,-0.06666666666666665,0.9766666666666667,0.0,0.0,0.0,0.8377808988764045,0.0,0.0,0.14705598628049965,0.0,0.0,0.0,0.0,0.0,0.0,0.0,0.0,0.0,0.0,0.2,0.20369946993467458,False,False,False
2026-07-01,2023-01-01,VTV,Not selected,VTV was not selected for final allocation in this rebalance.,15.359759900203642,26.0,False,True,True,True,True,0.029952240662483254,0.11688571616586563,0.14816324934119218,-0.028784578923744197,0.05248908558012921,0.10721772201475156,,,0.0,0.0,,,,0.0,0.0,0.0,0.8377808988764045,0.0,0.0,0.14705598628049965,0.0,0.0,0.0,0.0,0.0,0.0,0.0,0.0,0.0,0.0,0.2,0.20369946993467458,False,False,False
2026-07-01,2023-01-01,XT,Not selected,XT was not selected for final allocation in this rebalance.,15.226369065952026,27.0,False,True,True,True,True,-0.012256660017839094,0.20394815635598706,0.18312893624589344,0.05827786126637724,0.08745477248483047,0.21011748282652262,,,0.0,0.0,,,,0.0,0.0,0.0,0.8377808988764045,0.0,0.0,0.14705598628049965,0.0,0.0,0.0,0.0,0.0,0.0,0.0,0.0,0.0,0.0,0.2,0.20369946993467458,False,False,False
2026-07-01,2023-01-01,EWN,Selected but not final,"EWN passed the latest signal/correlation process but did not survive final sizing, cash scaling, turnover, or pruning into the final portfolio.",15.036283079445587,28.0,True,True,True,True,True,0.015945975120751132,0.18350686951789674,0.21121788794564145,0.03783657442828692,0.11554372418457848,0.28093259970614787,Classic_CVaR_Sharpe,,7.911280175437943e-10,0.0,0.4,-0.1333333333333333,0.9533333333333334,0.0,0.0,0.0,0.8377808988764045,0.0,0.0,0.14705598628049965,0.0,0.0,0.0,0.0,0.0,0.0,0.0,0.0,0.0,0.0,0.2,0.20369946993467458,False,False,False
2026-07-01,2023-01-01,PAVE,Not selected,PAVE was not selected for final allocation in this rebalance.,14.899114771080377,29.0,False,True,True,True,True,0.02693214455898052,0.13024127522094986,0.20906813836457339,-0.015429019868659966,0.11339397460351042,0.2391571590712312,,,0.0,0.0,,,,0.0,0.0,0.0,0.8377808988764045,0.0,0.0,0.14705598628049965,0.0,0.0,0.0,0.0,0.0,0.0,0.0,0.0,0.0,0.0,0.2,0.20369946993467458,False,False,False
2026-07-01,2023-01-01,AVUS,Not selected,AVUS was not selected for final allocation in this rebalance.,14.85250348672754,30.0,False,True,True,True,True,0.002992639752875448,0.1491708998525063,0.1435614576936295,0.0035006047628964865,0.04788729393256652,0.1309673960941366,,,0.0,0.0,,,,0.0,0.0,0.0,0.8377808988764045,0.0,0.0,0.14705598628049965,0.0,0.0,0.0,0.0,0.0,0.0,0.0,0.0,0.0,0.0,0.2,0.20369946993467458,False,False,False
2026-07-01,2023-01-01,RYLD,Not selected,RYLD was not selected for final allocation in this rebalance.,14.57362328327869,32.0,False,True,True,True,True,0.025257055135367468,0.10072795015611069,0.10703815939241768,-0.044942344933499134,0.011363995631354706,0.06813458953811793,,,0.0,0.0,,,,0.0,0.0,0.0,0.8377808988764045,0.0,0.0,0.14705598628049965,0.0,0.0,0.0,0.0,0.0,0.0,0.0,0.0,0.0,0.0,0.2,0.20369946993467458,False,False,False
2026-07-01,2023-01-01,RSP,Not selected,RSP was not selected for final allocation in this rebalance.,14.536403198136806,33.0,False,True,True,True,True,0.02652734520087696,0.1198286726385791,0.12072287061554277,-0.02584162245103072,0.025048706854479796,0.11550215384025586,,,0.0,0.0,,,,0.0,0.0,0.0,0.8377808988764045,0.0,0.0,0.14705598628049965,0.0,0.0,0.0,0.0,0.0,0.0,0.0,0.0,0.0,0.0,0.2,0.20369946993467458,False,False,False
2026-07-01,2023-01-01,KOMP,Not selected,KOMP was not selected for final allocation in this rebalance.,14.29564319385138,34.0,False,True,True,True,True,-0.03966232803498204,0.21994971847749656,0.2040177834648491,0.07427942338788673,0.10834361970378614,0.2787594018129316,,,0.0,0.0,,,,0.0,0.0,0.0,0.8377808988764045,0.0,0.0,0.14705598628049965,0.0,0.0,0.0,0.0,0.0,0.0,0.0,0.0,0.0,0.0,0.2,0.20369946993467458,False,False,False
2026-07-01,2023-01-01,VOE,Not selected,VOE was not selected for final allocation in this rebalance.,14.121642139630806,35.0,False,True,True,True,True,0.02376823427794017,0.08503352312099532,0.12638646513731988,-0.0606367719686145,0.030712301376256912,0.10471898618857196,,,0.0,0.0,,,,0.0,0.0,0.0,0.8377808988764045,0.0,0.0,0.14705598628049965,0.0,0.0,0.0,0.0,0.0,0.0,0.0,0.0,0.0,0.0,0.2,0.20369946993467458,False,False,False
2026-07-01,2023-01-01,VO,Not selected,VO was not selected for final allocation in this rebalance.,14.050983817648426,36.0,False,True,True,True,True,0.01723358993168178,0.12508152811521445,0.11420176700527662,-0.02058876697439538,0.018527603244213653,0.12859719677205655,,,0.0,0.0,,,,0.0,0.0,0.0,0.8377808988764045,0.0,0.0,0.14705598628049965,0.0,0.0,0.0,0.0,0.0,0.0,0.0,0.0,0.0,0.0,0.2,0.20369946993467458,False,False,False
2026-07-01,2023-01-01,SPYD,Selected but not final,"SPYD passed the latest signal/correlation process but did not survive final sizing, cash scaling, turnover, or pruning into the final portfolio.",13.957516029460924,37.0,True,True,True,True,True,0.026273490451256043,0.07379669170255498,0.12981448269737084,-0.07187360338705484,0.03414031893630787,0.11043493950780484,Classic_CVaR_Sharpe,,0.11999999955549721,0.12,0.26666666666666666,-0.26666666666666666,0.9066666666666667,0.10567883864191294,0.11210254628062354,0.0,0.8377808988764045,0.0,0.0,0.14705598628049965,0.11210254628062354,0.11210254628062354,0.0,0.11210254628062354,0.027483236745348853,0.0,0.0,0.0,0.0,0.0,0.2,0.20369946993467458,True,False,False
2026-07-01,2023-01-01,DIA,Selected but not final,"DIA passed the latest signal/correlation process but did not survive final sizing, cash scaling, turnover, or pruning into the final portfolio.",13.940639891219465,38.0,True,True,True,True,True,0.025336707592416685,0.1334295264787464,0.09509457335321514,-0.012240768610863428,-0.0005795904078478298,0.12820146402212093,Classic_CVaR_Sharpe,,1.20806045481076e-09,0.0,0.2,-0.3333333333333333,0.8833333333333333,0.0,0.0,0.0,0.8377808988764045,0.0,0.0,0.14705598628049965,0.0,0.0,0.0,0.0,0.0,0.0,0.0,0.0,0.0,0.0,0.2,0.20369946993467458,False,False,False
2026-07-01,2023-01-01,VNQ,Selected but not final,"VNQ passed the latest signal/correlation process but did not survive final sizing, cash scaling, turnover, or pruning into the final portfolio.",13.748216673092578,39.0,True,True,True,True,True,0.040193774238778346,0.10446092135230556,0.11376521169603038,-0.04120937373730427,0.018091047934967408,0.1555809396819919,Classic_CVaR_Sharpe,,0.07260123263254652,0.07260123379333216,0.06666666666666667,-0.4666666666666667,0.8366666666666667,0.05900048810917849,0.06258684362770203,0.0,0.8377808988764045,0.0,0.0,0.14705598628049965,0.06258684362770203,0.06258684362770203,0.0,0.06258684362770203,0.015343889123253336,0.0,0.0,0.0,0.0,0.0,0.2,0.20369946993467458,True,False,False
2026-07-01,2023-01-01,XSOE,Not selected,XSOE was not selected for final allocation in this rebalance.,13.682543606947174,40.0,False,True,True,True,True,-0.04423337394691362,0.1968396010048552,0.2356648212700403,0.05116930591524538,0.13999065750897732,0.3306951957387871,,,0.0,0.0,,,,0.0,0.0,0.0,0.8377808988764045,0.0,0.0,0.14705598628049965,0.0,0.0,0.0,0.0,0.0,0.0,0.0,0.0,0.0,0.0,0.2,0.20369946993467458,False,False,False
2026-07-01,2023-01-01,VTI,Not selected,VTI was not selected for final allocation in this rebalance.,13.65451890634364,41.0,False,True,True,True,True,-0.005896903680009724,0.15131930956705486,0.10498264427497417,0.005649014477445036,0.0093084805139112,0.13688530088367454,,,0.0,0.0,,,,0.0,0.0,0.0,0.8377808988764045,0.0,0.0,0.14705598628049965,0.0,0.0,0.0,0.0,0.0,0.0,0.0,0.0,0.0,0.0,0.2,0.20369946993467458,False,False,False
2026-07-01,2023-01-01,DSI,Selected but not final,"DSI passed the latest signal/correlation process but did not survive final sizing, cash scaling, turnover, or pruning into the final portfolio.",13.63526615584503,42.0,True,True,True,True,True,-0.007731753984553502,0.1708196824113768,0.10463603453274661,0.02514938732176697,0.008961870771683644,0.15794744561394403,Classic_CVaR_Sharpe,,5.647547282215624e-10,0.0,0.13333333333333333,-0.4,0.86,0.0,0.0,0.0,0.8377808988764045,0.0,0.0,0.14705598628049965,0.0,0.0,0.0,0.0,0.0,0.0,0.0,0.0,0.0,0.0,0.2,0.20369946993467458,False,False,False
2026-07-01,2023-01-01,EEMV,Not selected,EEMV was not selected for final allocation in this rebalance.,13.622018337776115,43.0,False,True,True,True,True,-0.014942503773908489,0.15588370760587944,0.16939125058665705,0.010213412516269615,0.07371708682559408,0.22840793226817574,,,0.0,0.0,,,,0.0,0.0,0.0,0.8377808988764045,0.0,0.0,0.14705598628049965,0.0,0.0,0.0,0.0,0.0,0.0,0.0,0.0,0.0,0.0,0.2,0.20369946993467458,False,False,False
2026-07-01,2023-01-01,ESGU,Not selected,ESGU was not selected for final allocation in this rebalance.,13.52246691089786,44.0,False,True,True,True,True,-0.01016856925016374,0.15605406689560364,0.09956592733816305,0.010383771805993813,0.0038917635771000825,0.13633668088812956,,,0.0,0.0,,,,0.0,0.0,0.0,0.8377808988764045,0.0,0.0,0.14705598628049965,0.0,0.0,0.0,0.0,0.0,0.0,0.0,0.0,0.0,0.0,0.2,0.20369946993467458,False,False,False
2026-07-01,2023-01-01,QYLD,Not selected,QYLD was not selected for final allocation in this rebalance.,13.417055650951298,45.0,False,True,True,True,True,0.022295703260372335,0.096874113644291,0.09983871787854848,-0.04879618144531883,0.004164554117485508,0.12030578555997638,,,0.0,0.0,,,,0.0,0.0,0.0,0.8377808988764045,0.0,0.0,0.14705598628049965,0.0,0.0,0.0,0.0,0.0,0.0,0.0,0.0,0.0,0.0,0.2,0.20369946993467458,False,False,False
2026-07-01,2023-01-01,VPL,Not selected,VPL was not selected for final allocation in this rebalance.,13.406457456570905,46.0,False,True,True,True,True,-0.03738041565246075,0.1394568158525029,0.2502198883058018,-0.006213479237106911,0.1545457245447388,0.3119180618114159,,,0.0,0.0,,,,0.0,0.0,0.0,0.8377808988764045,0.0,0.0,0.14705598628049965,0.0,0.0,0.0,0.0,0.0,0.0,0.0,0.0,0.0,0.0,0.2,0.20369946993467458,False,False,False
2026-07-01,2023-01-01,HEFA,Not selected,HEFA was not selected for final allocation in this rebalance.,13.340359252116862,47.0,False,True,True,True,True,0.02128825993580774,0.08501509774155047,0.12602312217077305,-0.06065519734805935,0.03034895840971008,0.14911278024960833,,,0.0,0.0,,,,0.0,0.0,0.0,0.8377808988764045,0.0,0.0,0.14705598628049965,0.0,0.0,0.0,0.0,0.0,0.0,0.0,0.0,0.0,0.0,0.2,0.20369946993467458,False,False,False
2026-07-01,2023-01-01,VIG,Not selected,VIG was not selected for final allocation in this rebalance.,13.282538418144272,48.0,False,True,True,True,True,0.01120408810096607,0.10619207716508194,0.08147771922456726,-0.03947821792452788,-0.014196444536495711,0.09593442538520157,,,0.0,0.0,,,,0.0,0.0,0.0,0.8377808988764045,0.0,0.0,0.14705598628049965,0.0,0.0,0.0,0.0,0.0,0.0,0.0,0.0,0.0,0.0,0.2,0.20369946993467458,False,False,False
2026-07-01,2023-01-01,VOT,Not selected,VOT was not selected for final allocation in this rebalance.,13.279599241461133,49.0,False,True,True,True,True,0.009410329002234707,0.17964056054793276,0.09157218641036269,0.033970265458322935,-0.004101977350700281,0.19554140286707566,,,0.0,0.0,,,,0.0,0.0,0.0,0.8377808988764045,0.0,0.0,0.14705598628049965,0.0,0.0,0.0,0.0,0.0,0.0,0.0,0.0,0.0,0.0,0.2,0.20369946993467458,False,False,False
2026-07-01,2023-01-01,SPY,Not selected,SPY was not selected for final allocation in this rebalance.,13.181644766416222,50.0,False,True,True,True,True,-0.011692188807746029,0.14567029508960982,0.09567416376106297,0.0,0.0,0.13717107787983696,,,0.0,0.0,,,,0.0,0.0,0.0,0.8377808988764045,0.0,0.0,0.14705598628049965,0.0,0.0,0.0,0.0,0.0,0.0,0.0,0.0,0.0,0.0,0.2,0.20369946993467458,False,False,False
2026-07-01,2023-01-01,SPYX,Not selected,SPYX was not selected for final allocation in this rebalance.,13.154586181224536,51.0,False,True,True,True,True,-0.009885849662190416,0.1503830831706654,0.09043166922731194,0.0047127880810555745,-0.00524249453375103,0.13912203432228482,,,0.0,0.0,,,,0.0,0.0,0.0,0.8377808988764045,0.0,0.0,0.14705598628049965,0.0,0.0,0.0,0.0,0.0,0.0,0.0,0.0,0.0,0.0,0.2,0.20369946993467458,False,False,False
2026-07-01,2023-01-01,XHB,Not selected,XHB was not selected for final allocation in this rebalance.,13.08837253114587,53.0,False,True,True,True,True,0.09964824258986282,0.15628773850271616,0.10583965878887525,0.010617443413106331,0.010165495027812277,0.33181609232897374,,,0.0,0.0,,,,0.0,0.0,0.0,0.8377808988764045,0.0,0.0,0.14705598628049965,0.0,0.0,0.0,0.0,0.0,0.0,0.0,0.0,0.0,0.0,0.2,0.20369946993467458,False,False,False
2026-07-01,2023-01-01,MGC,Not selected,MGC was not selected for final allocation in this rebalance.,12.981363216725136,54.0,False,True,True,True,True,-0.01681174377558914,0.15419193679786947,0.090914949180817,0.008521641708259642,-0.004759214580245974,0.14510312042764056,,,0.0,0.0,,,,0.0,0.0,0.0,0.8377808988764045,0.0,0.0,0.14705598628049965,0.0,0.0,0.0,0.0,0.0,0.0,0.0,0.0,0.0,0.0,0.2,0.20369946993467458,False,False,False
2026-07-01,2023-01-01,AVEM,Not selected,AVEM was not selected for final allocation in this rebalance.,12.916730827727072,55.0,False,True,True,True,True,-0.04901212145962952,0.1651005479731913,0.22723240534564515,0.019430252883581467,0.13155824158458218,0.32114807280105917,,,0.0,0.0,,,,0.0,0.0,0.0,0.8377808988764045,0.0,0.0,0.14705598628049965,0.0,0.0,0.0,0.0,0.0,0.0,0.0,0.0,0.0,0.0,0.2,0.20369946993467458,False,False,False
2026-07-01,2023-01-01,DIV,Not selected,DIV was not selected for final allocation in this rebalance.,12.868591041516295,56.0,False,True,True,True,True,0.008440872940517874,0.03323505762530199,0.1362882723554779,-0.11243523746430784,0.040614108594414944,0.11416163575441649,,,0.0,0.0,,,,0.0,0.0,0.0,0.8377808988764045,0.0,0.0,0.14705598628049965,0.0,0.0,0.0,0.0,0.0,0.0,0.0,0.0,0.0,0.0,0.2,0.20369946993467458,False,False,False
2026-07-01,2023-01-01,VT,Not selected,VT was not selected for final allocation in this rebalance.,12.800030625350837,57.0,False,True,True,True,True,-0.012101497159406338,0.12693565756035663,0.11136350687376728,-0.018734637529253195,0.015689343112704313,0.16183016533676964,,,0.0,0.0,,,,0.0,0.0,0.0,0.8377808988764045,0.0,0.0,0.14705598628049965,0.0,0.0,0.0,0.0,0.0,0.0,0.0,0.0,0.0,0.0,0.2,0.20369946993467458,False,False,False
2026-07-01,2023-01-01,THD,Removed,THD was previously held but was removed or reduced to zero by the latest rebalance.,12.787015541536356,58.0,False,True,True,True,True,-0.020460647270349575,0.061286155710502,0.22054104297533983,-0.08438413937910783,0.12486687921427686,0.23772285632012255,,,0.0,0.0,,,,0.0,0.0,0.0,0.8377808988764045,0.0,0.0,0.14705598628049965,0.0,0.0,0.034535584246848224,0.0,0.026068786038544487,0.0,0.0,0.0,-0.034535584246848224,0.017267792123424112,0.2,0.20369946993467458,True,False,False
2026-07-01,2023-01-01,ESGE,Not selected,ESGE was not selected for final allocation in this rebalance.,12.785479424561837,59.0,False,True,True,True,True,-0.04960298589722001,0.17720570417472503,0.21569384363553223,0.03153540908511521,0.12001967987446927,0.32534248016948913,,,0.0,0.0,,,,0.0,0.0,0.0,0.8377808988764045,0.0,0.0,0.14705598628049965,0.0,0.0,0.0,0.0,0.0,0.0,0.0,0.0,0.0,0.0,0.2,0.20369946993467458,False,False,False
2026-07-01,2023-01-01,VSGX,Not selected,VSGX was not selected for final allocation in this rebalance.,12.67909384755103,60.0,False,True,True,True,True,-0.01159979152921109,0.13167805931016563,0.15051451979729902,-0.013992235779444195,0.05484035603623605,0.23474958031753845,,,0.0,0.0,,,,0.0,0.0,0.0,0.8377808988764045,0.0,0.0,0.14705598628049965,0.0,0.0,0.0,0.0,0.0,0.0,0.0,0.0,0.0,0.0,0.2,0.20369946993467458,False,False,False
2026-07-01,2023-01-01,PKW,Not selected,PKW was not selected for final allocation in this rebalance.,12.648797019818813,61.0,False,True,True,True,True,0.04045571119723146,0.08622715911680912,0.06207528476194013,-0.05944313597280071,-0.03359887899912284,0.12473740266114287,,,0.0,0.0,,,,0.0,0.0,0.0,0.8377808988764045,0.0,0.0,0.14705598628049965,0.0,0.0,0.0,0.0,0.0,0.0,0.0,0.0,0.0,0.0,0.2,0.20369946993467458,False,False,False
2026-07-01,2023-01-01,XYLD,Not selected,XYLD was not selected for final allocation in this rebalance.,12.611918706350512,62.0,False,True,True,True,True,0.011215218906924118,0.06911297422383833,0.06003633365234218,-0.0765573208657715,-0.03563783010872079,0.06145755207110415,,,0.0,0.0,,,,0.0,0.0,0.0,0.8377808988764045,0.0,0.0,0.14705598628049965,0.0,0.0,0.0,0.0,0.0,0.0,0.0,0.0,0.0,0.0,0.2,0.20369946993467458,False,False,False
2026-07-01,2023-01-01,GSLC,Not selected,GSLC was not selected for final allocation in this rebalance.,12.60862155069645,63.0,False,True,True,True,True,-0.009204664222726588,0.13293249332094992,0.07368322791216686,-0.012737801768659907,-0.02199093584889611,0.12814183537594936,,,0.0,0.0,,,,0.0,0.0,0.0,0.8377808988764045,0.0,0.0,0.14705598628049965,0.0,0.0,0.0,0.0,0.0,0.0,0.0,0.0,0.0,0.0,0.2,0.20369946993467458,False,False,False
2026-07-01,2023-01-01,TDIV,Removed,TDIV was previously held but was removed or reduced to zero by the latest rebalance.,12.606385573520512,64.0,False,True,True,True,True,-0.10592980205946845,0.22033639877269495,0.17778196674945201,0.07466610368308513,0.08210780298838904,0.24879679336864327,,,0.0,0.0,,,,0.0,0.0,0.0,0.8377808988764045,0.0,0.0,0.14705598628049965,0.0,0.0,0.03381221957041021,0.0,0.025522762585079253,0.0,0.0,0.0,-0.03381221957041021,0.016906109785205105,0.2,0.20369946993467458,True,False,False
2026-07-01,2023-01-01,XLV,Not selected,XLV was not selected for final allocation in this rebalance.,12.55348313084614,66.0,False,True,True,True,True,0.0956579025332216,0.08579380985114637,0.034582055934121225,-0.05987648523846345,-0.061092107826941744,0.1684690418433771,,,0.0,0.0,,,,0.0,0.0,0.0,0.8377808988764045,0.0,0.0,0.14705598628049965,0.0,0.0,0.0,0.0,0.0,0.0,0.0,0.0,0.0,0.0,0.2,0.20369946993467458,False,False,False
2026-07-01,2023-01-01,XLF,Not selected,XLF was not selected for final allocation in this rebalance.,12.436663469292288,67.0,False,True,True,True,True,0.07341276099395677,0.11726980033848622,0.00619354649762105,-0.028400494751123606,-0.08948061726344192,0.13792433556692457,,,0.0,0.0,,,,0.0,0.0,0.0,0.8377808988764045,0.0,0.0,0.14705598628049965,0.0,0.0,0.0,0.0,0.0,0.0,0.0,0.0,0.0,0.0,0.2,0.20369946993467458,False,False,False
2026-07-01,2023-01-01,EWI,Not selected,EWI was not selected for final allocation in this rebalance.,12.14788741172444,68.0,False,True,True,True,True,0.014883108649243137,0.10760232724580177,0.10597906755579545,-0.03806796784380806,0.010304903794732478,0.2103974296373931,,,0.0,0.0,,,,0.0,0.0,0.0,0.8377808988764045,0.0,0.0,0.14705598628049965,0.0,0.0,0.0,0.0,0.0,0.0,0.0,0.0,0.0,0.0,0.2,0.20369946993467458,False,False,False
2026-07-01,2023-01-01,JEPQ,Not selected,JEPQ was not selected for final allocation in this rebalance.,12.069092516515251,69.0,False,True,True,True,True,-0.006774566311672947,0.10995843995592103,0.08177142335186871,-0.0357118551336888,-0.013902740409194259,0.15024000118561956,,,0.0,0.0,,,,0.0,0.0,0.0,0.8377808988764045,0.0,0.0,0.14705598628049965,0.0,0.0,0.0,0.0,0.0,0.0,0.0,0.0,0.0,0.0,0.2,0.20369946993467458,False,False,False
2026-07-01,2023-01-01,SMIN,Not selected,SMIN was not selected for final allocation in this rebalance.,11.97169340151034,70.0,False,True,True,True,True,0.05464062469662334,0.1604348214569591,0.02071863770974902,0.014764526367349262,-0.07495552605131395,0.21259923820087995,,,0.0,0.0,,,,0.0,0.0,0.0,0.8377808988764045,0.0,0.0,0.14705598628049965,0.0,0.0,0.0,0.0,0.0,0.0,0.0,0.0,0.0,0.0,0.2,0.20369946993467458,False,False,False
2026-07-01,2023-01-01,TMFC,Not selected,TMFC was not selected for final allocation in this rebalance.,11.837924304894806,71.0,False,True,True,True,True,-0.02343944379478513,0.15295542374925342,0.06059774428312603,0.007285128659643592,-0.03507641947793694,0.15936795429777242,,,0.0,0.0,,,,0.0,0.0,0.0,0.8377808988764045,0.0,0.0,0.14705598628049965,0.0,0.0,0.0,0.0,0.0,0.0,0.0,0.0,0.0,0.0,0.2,0.20369946993467458,False,False,False
2026-07-01,2023-01-01,BBJP,Not selected,BBJP was not selected for final allocation in this rebalance.,11.73599028034188,72.0,False,True,True,True,True,-0.0031670344106029535,0.06921442723334215,0.14281395853741374,-0.07645586785626768,0.047139794776350774,0.22011970190751615,,,0.0,0.0,,,,0.0,0.0,0.0,0.8377808988764045,0.0,0.0,0.14705598628049965,0.0,0.0,0.0,0.0,0.0,0.0,0.0,0.0,0.0,0.0,0.2,0.20369946993467458,False,False,False
2026-07-01,2023-01-01,EWS,Not selected,EWS was not selected for final allocation in this rebalance.,11.7288964235321,73.0,False,True,True,True,True,0.011059449927130593,0.06431048105503767,0.09270229622753501,-0.08135981403457215,-0.002971867533527961,0.15971912208365802,,,0.0,0.0,,,,0.0,0.0,0.0,0.8377808988764045,0.0,0.0,0.14705598628049965,0.0,0.0,0.0,0.0,0.0,0.0,0.0,0.0,0.0,0.0,0.2,0.20369946993467458,False,False,False
2026-07-01,2023-01-01,VEA,Not selected,VEA was not selected for final allocation in this rebalance.,11.611960014158328,74.0,False,True,True,True,True,-0.017532649952653467,0.09075893019034709,0.1335076754774347,-0.05491136489926274,0.037833511716371726,0.2184729822877592,,,0.0,0.0,,,,0.0,0.0,0.0,0.8377808988764045,0.0,0.0,0.14705598628049965,0.0,0.0,0.0,0.0,0.0,0.0,0.0,0.0,0.0,0.0,0.2,0.20369946993467458,False,False,False
2026-07-01,2023-01-01,VXUS,Not selected,VXUS was not selected for final allocation in this rebalance.,11.578862918378373,75.0,False,True,True,True,True,-0.019237236572429373,0.09328454323234814,0.12692268121829953,-0.052385751857261686,0.031248517457236558,0.21111337428778124,,,0.0,0.0,,,,0.0,0.0,0.0,0.8377808988764045,0.0,0.0,0.14705598628049965,0.0,0.0,0.0,0.0,0.0,0.0,0.0,0.0,0.0,0.0,0.2,0.20369946993467458,False,False,False
2026-07-01,2023-01-01,VYMI,Not selected,VYMI was not selected for final allocation in this rebalance.,11.480703225153228,76.0,False,True,True,True,True,-0.010576187142945948,0.04586711623617101,0.10756879957720789,-0.09980317885343881,0.011894635816144916,0.14450308678143137,,,0.0,0.0,,,,0.0,0.0,0.0,0.8377808988764045,0.0,0.0,0.14705598628049965,0.0,0.0,0.0,0.0,0.0,0.0,0.0,0.0,0.0,0.0,0.2,0.20369946993467458,False,False,False
2026-07-01,2023-01-01,VUG,Not selected,VUG was not selected for final allocation in this rebalance.,11.319386151552623,77.0,False,True,True,True,True,-0.03842950634720643,0.17646268839501378,0.05768535636781569,0.030792393305403953,-0.03798880739324728,0.1933003027249986,,,0.0,0.0,,,,0.0,0.0,0.0,0.8377808988764045,0.0,0.0,0.14705598628049965,0.0,0.0,0.0,0.0,0.0,0.0,0.0,0.0,0.0,0.0,0.2,0.20369946993467458,False,False,False
2026-07-01,2023-01-01,BBCA,Not selected,BBCA was not selected for final allocation in this rebalance.,11.259264879489544,78.0,False,True,True,True,True,-0.013199152691830918,0.06490651657551916,0.07900125073832065,-0.08076377851409067,-0.01667291302274232,0.13386208341521788,,,0.0,0.0,,,,0.0,0.0,0.0,0.8377808988764045,0.0,0.0,0.14705598628049965,0.0,0.0,0.0,0.0,0.0,0.0,0.0,0.0,0.0,0.0,0.2,0.20369946993467458,False,False,False
2026-07-01,2023-01-01,XLB,Not selected,XLB was not selected for final allocation in this rebalance.,11.21642188085603,79.0,False,True,True,True,True,0.002083112231656914,0.023133647127027812,0.13398017932415884,-0.12253664796258201,0.038306015563095874,0.1922180092460991,,,0.0,0.0,,,,0.0,0.0,0.0,0.8377808988764045,0.0,0.0,0.14705598628049965,0.0,0.0,0.0,0.0,0.0,0.0,0.0,0.0,0.0,0.0,0.2,0.20369946993467458,False,False,False
2026-07-01,2023-01-01,EFV,Not selected,EFV was not selected for final allocation in this rebalance.,11.205545950169363,80.0,False,True,True,True,True,0.000697755007914802,0.044171678789339586,0.09646765734265528,-0.10149861630027024,0.0007934935815923083,0.15914618352698823,,,0.0,0.0,,,,0.0,0.0,0.0,0.8377808988764045,0.0,0.0,0.14705598628049965,0.0,0.0,0.0,0.0,0.0,0.0,0.0,0.0,0.0,0.0,0.2,0.20369946993467458,False,False,False
2026-07-01,2023-01-01,EWL,Not selected,EWL was not selected for final allocation in this rebalance.,11.138706618467346,81.0,False,True,True,True,True,0.03185732290294929,0.07105052875408457,0.059124264432385276,-0.07461976633552525,-0.03654989932867769,0.183758749422786,,,0.0,0.0,,,,0.0,0.0,0.0,0.8377808988764045,0.0,0.0,0.14705598628049965,0.0,0.0,0.0,0.0,0.0,0.0,0.0,0.0,0.0,0.0,0.2,0.20369946993467458,False,False,False
2026-07-01,2023-01-01,HYD,Not selected,HYD was not selected for final allocation in this rebalance.,11.128378182602038,82.0,False,True,True,True,True,0.0024361722209009784,0.027650439724990816,0.024363021734000956,-0.11801985536461901,-0.07131114202706201,0.038133673224287915,,,0.0,0.0,,,,0.0,0.0,0.0,0.8377808988764045,0.0,0.0,0.14705598628049965,0.0,0.0,0.0,0.0,0.0,0.0,0.0,0.0,0.0,0.0,0.2,0.20369946993467458,False,False,False
2026-07-01,2023-01-01,USMV,Not selected,USMV was not selected for final allocation in this rebalance.,11.100077536266173,83.0,False,True,True,True,True,0.006341349755119019,0.05260245196268731,0.03155477159925746,-0.09306784312692251,-0.06411939216180551,0.08587273647393417,,,0.0,0.0,,,,0.0,0.0,0.0,0.8377808988764045,0.0,0.0,0.14705598628049965,0.0,0.0,0.0,0.0,0.0,0.0,0.0,0.0,0.0,0.0,0.2,0.20369946993467458,False,False,False
2026-07-01,2023-01-01,XRT,Not selected,XRT was not selected for final allocation in this rebalance.,11.050584564742202,84.0,False,True,True,True,True,0.05747391136981839,0.09814605047384961,0.03233440265118914,-0.047524244615760214,-0.06333976110987383,0.21786073103782874,,,0.0,0.0,,,,0.0,0.0,0.0,0.8377808988764045,0.0,0.0,0.14705598628049965,0.0,0.0,0.0,0.0,0.0,0.0,0.0,0.0,0.0,0.0,0.2,0.20369946993467458,False,False,False
2026-07-01,2023-01-01,ESGD,Not selected,ESGD was not selected for final allocation in this rebalance.,11.039583068158302,85.0,False,True,True,True,True,0.001564995461931673,0.06933156903782689,0.08858470592416512,-0.07633872605178293,-0.00708945783689785,0.18854687688906888,,,0.0,0.0,,,,0.0,0.0,0.0,0.8377808988764045,0.0,0.0,0.14705598628049965,0.0,0.0,0.0,0.0,0.0,0.0,0.0,0.0,0.0,0.0,0.2,0.20369946993467458,False,False,False
2026-07-01,2023-01-01,FTCS,Not selected,FTCS was not selected for final allocation in this rebalance.,11.012488406530336,86.0,False,True,True,True,True,0.036855725208946755,0.03159993081837009,0.028796443141817285,-0.11407036427123973,-0.06687772061924568,0.10645172975437035,,,0.0,0.0,,,,0.0,0.0,0.0,0.8377808988764045,0.0,0.0,0.14705598628049965,0.0,0.0,0.0,0.0,0.0,0.0,0.0,0.0,0.0,0.0,0.2,0.20369946993467458,False,False,False
2026-07-01,2023-01-01,VWO,Not selected,VWO was not selected for final allocation in this rebalance.,10.999453880420218,87.0,False,True,True,True,True,-0.026708591035735307,0.0986109088536764,0.10677749179088969,-0.04705938623593342,0.01110332802982672,0.21221289366344032,,,0.0,0.0,,,,0.0,0.0,0.0,0.8377808988764045,0.0,0.0,0.14705598628049965,0.0,0.0,0.0,0.0,0.0,0.0,0.0,0.0,0.0,0.0,0.2,0.20369946993467458,False,False,False
2026-07-01,2023-01-01,ARKK,Not selected,ARKK was not selected for final allocation in this rebalance.,10.948644689434818,88.0,False,True,True,True,True,0.03428854634214873,0.20833332868579757,0.0613843407050183,0.06266303359618774,-0.034289823056044666,0.3647061213427702,,,0.0,0.0,,,,0.0,0.0,0.0,0.8377808988764045,0.0,0.0,0.14705598628049965,0.0,0.0,0.0,0.0,0.0,0.0,0.0,0.0,0.0,0.0,0.2,0.20369946993467458,False,False,False
2026-07-01,2023-01-01,DIVO,Not selected,DIVO was not selected for final allocation in this rebalance.,10.881259275957994,89.0,False,True,True,True,True,-0.0027008079913789507,0.0355105391341175,0.0504208338995491,-0.11015975595549232,-0.04525332986151387,0.09466956435801786,,,0.0,0.0,,,,0.0,0.0,0.0,0.8377808988764045,0.0,0.0,0.14705598628049965,0.0,0.0,0.0,0.0,0.0,0.0,0.0,0.0,0.0,0.0,0.2,0.20369946993467458,False,False,False
2026-07-01,2023-01-01,GSIE,Not selected,GSIE was not selected for final allocation in this rebalance.,10.825361613634438,90.0,False,True,True,True,True,0.004772863524724835,0.054082598001272464,0.07382009121037858,-0.09158769708833736,-0.02185407255068439,0.1661997266965805,,,0.0,0.0,,,,0.0,0.0,0.0,0.8377808988764045,0.0,0.0,0.14705598628049965,0.0,0.0,0.0,0.0,0.0,0.0,0.0,0.0,0.0,0.0,0.2,0.20369946993467458,False,False,False
2026-07-01,2023-01-01,MOAT,Not selected,MOAT was not selected for final allocation in this rebalance.,10.79156385876391,91.0,False,True,True,True,True,0.015718152172613076,0.09543807280776062,0.012894269506118494,-0.050232222281849204,-0.08277989425494447,0.1410568890231402,,,0.0,0.0,,,,0.0,0.0,0.0,0.8377808988764045,0.0,0.0,0.14705598628049965,0.0,0.0,0.0,0.0,0.0,0.0,0.0,0.0,0.0,0.0,0.2,0.20369946993467458,False,False,False
2026-07-01,2023-01-01,EFG,Not selected,EFG was not selected for final allocation in this rebalance.,10.717849947879015,92.0,False,True,True,True,True,0.003025349850883874,0.09300650828236501,0.08584397774261121,-0.05266378680724482,-0.009830186018451759,0.2344892047208145,,,0.0,0.0,,,,0.0,0.0,0.0,0.8377808988764045,0.0,0.0,0.14705598628049965,0.0,0.0,0.0,0.0,0.0,0.0,0.0,0.0,0.0,0.0,0.2,0.20369946993467458,False,False,False
2026-07-01,2023-01-01,ANGL,Not selected,ANGL was not selected for final allocation in this rebalance.,10.690958886664758,93.0,False,True,True,True,True,-4.440892098500626e-16,0.02334926756717226,0.017123565850343248,-0.12232102752243756,-0.07855059791071972,0.04578711779611022,,,0.0,0.0,,,,0.0,0.0,0.0,0.8377808988764045,0.0,0.0,0.14705598628049965,0.0,0.0,0.0,0.0,0.0,0.0,0.0,0.0,0.0,0.0,0.2,0.20369946993467458,False,False,False
2026-07-01,2023-01-01,FEZ,Not selected,FEZ was not selected for final allocation in this rebalance.,10.635602311082435,94.0,False,True,True,True,True,0.009376628063703096,0.09648027560522587,0.06949264258275756,-0.04919001948438395,-0.02618152117830541,0.22821394474665369,,,0.0,0.0,,,,0.0,0.0,0.0,0.8377808988764045,0.0,0.0,0.14705598628049965,0.0,0.0,0.0,0.0,0.0,0.0,0.0,0.0,0.0,0.0,0.2,0.20369946993467458,False,False,False
2026-07-01,2023-01-01,AVDE,Not selected,AVDE was not selected for final allocation in this rebalance.,10.633409479657066,95.0,False,True,True,True,True,-0.013401280655051195,0.05015782135198932,0.09466729495851833,-0.0955124737376205,-0.001006868802544636,0.17867249270828564,,,0.0,0.0,,,,0.0,0.0,0.0,0.8377808988764045,0.0,0.0,0.14705598628049965,0.0,0.0,0.0,0.0,0.0,0.0,0.0,0.0,0.0,0.0,0.2,0.20369946993467458,False,False,False
2026-07-01,2023-01-01,REM,Not selected,REM was not selected for final allocation in this rebalance.,10.496286087362966,96.0,False,True,True,True,True,0.035209801205938085,0.05602046627044488,0.027091742928751383,-0.08964982881916495,-0.06858242083231159,0.1624319433934432,,,0.0,0.0,,,,0.0,0.0,0.0,0.8377808988764045,0.0,0.0,0.14705598628049965,0.0,0.0,0.0,0.0,0.0,0.0,0.0,0.0,0.0,0.0,0.2,0.20369946993467458,False,False,False
2026-07-01,2023-01-01,VWOB,Not selected,VWOB was not selected for final allocation in this rebalance.,10.479986675038127,97.0,False,True,True,True,True,-0.0019390998156728623,0.02972333289263851,0.014708364837977772,-0.11594696219697131,-0.0809657989230852,0.05998082332327807,,,0.0,0.0,,,,0.0,0.0,0.0,0.8377808988764045,0.0,0.0,0.14705598628049965,0.0,0.0,0.0,0.0,0.0,0.0,0.0,0.0,0.0,0.0,0.2,0.20369946993467458,False,False,False
2026-07-01,2023-01-01,VIGI,Not selected,VIGI was not selected for final allocation in this rebalance.,10.437063153833968,98.0,False,True,True,True,True,0.0033163931842350447,0.05414838711058434,0.03519413393822224,-0.09152190797902549,-0.06048002982284073,0.13001758216803583,,,0.0,0.0,,,,0.0,0.0,0.0,0.8377808988764045,0.0,0.0,0.14705598628049965,0.0,0.0,0.0,0.0,0.0,0.0,0.0,0.0,0.0,0.0,0.2,0.20369946993467458,False,False,False
2026-07-01,2023-01-01,VGK,Not selected,VGK was not selected for final allocation in this rebalance.,10.419773826871722,99.0,False,True,True,True,True,0.002792371181428832,0.06683096941209277,0.06760919211734095,-0.07883932567751706,-0.028064971643722014,0.19423147969236085,,,0.0,0.0,,,,0.0,0.0,0.0,0.8377808988764045,0.0,0.0,0.14705598628049965,0.0,0.0,0.0,0.0,0.0,0.0,0.0,0.0,0.0,0.0,0.2,0.20369946993467458,False,False,False
2026-07-01,2023-01-01,JEPI,Not selected,JEPI was not selected for final allocation in this rebalance.,10.343931262360483,100.0,False,True,True,True,True,0.018255873309862114,0.013627386379711393,0.01278251234638339,-0.13204290870989843,-0.08289165141467958,0.07570646096505629,,,0.0,0.0,,,,0.0,0.0,0.0,0.8377808988764045,0.0,0.0,0.14705598628049965,0.0,0.0,0.0,0.0,0.0,0.0,0.0,0.0,0.0,0.0,0.2,0.20369946993467458,False,False,False
2026-07-01,2023-01-01,BNDX,Not selected,BNDX was not selected for final allocation in this rebalance.,10.298130705531491,101.0,False,True,True,True,True,0.0015560324014998184,0.010273090624077108,0.009262806011745228,-0.13539720446553272,-0.08641135774931774,0.04513524556319054,,,0.0,0.0,,,,0.0,0.0,0.0,0.8377808988764045,0.0,0.0,0.14705598628049965,0.0,0.0,0.0,0.0,0.0,0.0,0.0,0.0,0.0,0.0,0.2,0.20369946993467458,False,False,False
2026-07-01,2023-01-01,KCE,Not selected,KCE was not selected for final allocation in this rebalance.,9.988718337351528,102.0,False,True,True,True,True,0.01233950934201844,0.10955071687932594,0.009918268027201638,-0.03611957821028389,-0.08575589573386133,0.19824622223468777,,,0.0,0.0,,,,0.0,0.0,0.0,0.8377808988764045,0.0,0.0,0.14705598628049965,0.0,0.0,0.0,0.0,0.0,0.0,0.0,0.0,0.0,0.0,0.2,0.20369946993467458,False,False,False
2026-07-01,2023-01-01,SUSC,Not selected,SUSC was not selected for final allocation in this rebalance.,9.985177187394235,103.0,False,True,True,True,True,-0.0017323913063230778,0.007470050811018147,0.0017508701299009388,-0.13820024427859168,-0.09392329363116203,0.04518128376780131,,,0.0,0.0,,,,0.0,0.0,0.0,0.8377808988764045,0.0,0.0,0.14705598628049965,0.0,0.0,0.0,0.0,0.0,0.0,0.0,0.0,0.0,0.0,0.2,0.20369946993467458,False,False,False
2026-07-01,2023-01-01,VMBS,Not selected,VMBS was not selected for final allocation in this rebalance.,9.9676100964699,104.0,False,True,True,True,True,-0.000535938372157152,0.002534786152485813,0.005425157691188343,-0.143135508937124,-0.09024900606987463,0.04771534719790057,,,0.0,0.0,,,,0.0,0.0,0.0,0.8377808988764045,0.0,0.0,0.14705598628049965,0.0,0.0,0.0,0.0,0.0,0.0,0.0,0.0,0.0,0.0,0.2,0.20369946993467458,False,False,False
2026-07-01,2023-01-01,LQD,Not selected,LQD was not selected for final allocation in this rebalance.,9.790163288145218,105.0,False,True,True,True,True,-0.0028002231941164357,0.0073080215946961236,0.0002754266390248006,-0.1383622734949137,-0.09539873712203817,0.0533379645289848,,,0.0,0.0,,,,0.0,0.0,0.0,0.8377808988764045,0.0,0.0,0.14705598628049965,0.0,0.0,0.0,0.0,0.0,0.0,0.0,0.0,0.0,0.0,0.2,0.20369946993467458,False,False,False
2026-07-01,2023-01-01,ARKQ,Not selected,ARKQ was not selected for final allocation in this rebalance.,9.675843007354338,106.0,False,True,True,True,True,-0.06528029162626536,0.1578900870174711,0.1479653362587936,0.012219791927861268,0.05229117249773063,0.37089183309327933,,,0.0,0.0,,,,0.0,0.0,0.0,0.8377808988764045,0.0,0.0,0.14705598628049965,0.0,0.0,0.0,0.0,0.0,0.0,0.0,0.0,0.0,0.0,0.2,0.20369946993467458,False,False,False
2026-07-01,2023-01-01,VCLT,Not selected,VCLT was not selected for final allocation in this rebalance.,9.547593284875283,107.0,False,True,True,True,True,-0.004839665459939635,0.013301613010267443,0.002262413597670765,-0.13236868207934238,-0.0934117501633922,0.0755430567444221,,,0.0,0.0,,,,0.0,0.0,0.0,0.8377808988764045,0.0,0.0,0.14705598628049965,0.0,0.0,0.0,0.0,0.0,0.0,0.0,0.0,0.0,0.0,0.2,0.20369946993467458,False,False,False
2026-07-01,2023-01-01,FNDF,Not selected,FNDF was not selected for final allocation in this rebalance.,9.316662334794309,108.0,False,False,True,True,True,-0.04638687004386277,0.063274793788904,0.1570449743694713,-0.08239550130070583,0.06137081060840832,0.1981491397582612,,,0.0,0.0,,,,0.0,0.0,0.0,0.8377808988764045,0.0,0.0,0.14705598628049965,0.0,0.0,0.0,0.0,0.0,0.0,0.0,0.0,0.0,0.0,0.2,0.20369946993467458,False,False,False
2026-07-01,2023-01-01,EWU,Not selected,EWU was not selected for final allocation in this rebalance.,9.204751127498849,109.0,False,True,True,True,True,-0.003939092475176209,0.0085251550971146,0.05710401123386233,-0.13714513999249522,-0.03857015252720064,0.1752567275113036,,,0.0,0.0,,,,0.0,0.0,0.0,0.8377808988764045,0.0,0.0,0.14705598628049965,0.0,0.0,0.0,0.0,0.0,0.0,0.0,0.0,0.0,0.0,0.2,0.20369946993467458,False,False,False
2026-07-01,2023-01-01,XLP,Not selected,XLP was not selected for final allocation in this rebalance.,9.11096041848321,110.0,False,False,True,True,True,0.024412033593842475,0.02906507452078988,0.0786881531520045,-0.11660522056881995,-0.016986010609058466,0.15462993614098366,,,0.0,0.0,,,,0.0,0.0,0.0,0.8377808988764045,0.0,0.0,0.14705598628049965,0.0,0.0,0.0,0.0,0.0,0.0,0.0,0.0,0.0,0.0,0.2,0.20369946993467458,False,False,False
2026-07-01,2023-01-01,MLPA,Not selected,MLPA was not selected for final allocation in this rebalance.,9.107250109027305,111.0,False,False,True,True,True,-0.02433734665268572,0.00845094969978355,0.13534710551274776,-0.13721934538982627,0.03967294175168479,0.14551960387296575,,,0.0,0.0,,,,0.0,0.0,0.0,0.8377808988764045,0.0,0.0,0.14705598628049965,0.0,0.0,0.0,0.0,0.0,0.0,0.0,0.0,0.0,0.0,0.2,0.20369946993467458,False,False,False
2026-07-01,2023-01-01,UAE,Not selected,UAE was not selected for final allocation in this rebalance.,9.056227021831642,112.0,False,True,True,True,True,0.046510185353803246,0.057171623469949084,0.034973848161621524,-0.08849867161966074,-0.060700315599441446,0.2815081383757641,,,0.0,0.0,,,,0.0,0.0,0.0,0.8377808988764045,0.0,0.0,0.14705598628049965,0.0,0.0,0.0,0.0,0.0,0.0,0.0,0.0,0.0,0.0,0.2,0.20369946993467458,False,False,False
2026-07-01,2023-01-01,ICLN,Not selected,ICLN was not selected for final allocation in this rebalance.,8.835306282367299,113.0,False,False,True,True,True,-0.12524153465134436,0.13838430296512283,0.2629491233514003,-0.007285992124486995,0.16727495959033734,0.3626093534699712,,,0.0,0.0,,,,0.0,0.0,0.0,0.8377808988764045,0.0,0.0,0.14705598628049965,0.0,0.0,0.0,0.0,0.0,0.0,0.0,0.0,0.0,0.0,0.2,0.20369946993467458,False,False,False
2026-07-01,2023-01-01,BLOK,Not selected,BLOK was not selected for final allocation in this rebalance.,8.581860511278709,114.0,False,False,True,True,True,-0.06679923240805907,0.26836833983079256,0.10106010660732867,0.12269804474118273,0.005385942846265701,0.37215966533959677,,,0.0,0.0,,,,0.0,0.0,0.0,0.8377808988764045,0.0,0.0,0.14705598628049965,0.0,0.0,0.0,0.0,0.0,0.0,0.0,0.0,0.0,0.0,0.2,0.20369946993467458,False,False,False
2026-07-01,2023-01-01,PBW,Not selected,PBW was not selected for final allocation in this rebalance.,8.575003262622701,115.0,False,False,True,True,True,-0.16138056517719834,0.24783811008231482,0.2695961763293073,0.102167814992705,0.17392201256824436,0.46589769231542183,,,0.0,0.0,,,,0.0,0.0,0.0,0.8377808988764045,0.0,0.0,0.14705598628049965,0.0,0.0,0.0,0.0,0.0,0.0,0.0,0.0,0.0,0.0,0.2,0.20369946993467458,False,False,False
2026-07-01,2023-01-01,EWQ,Not selected,EWQ was not selected for final allocation in this rebalance.,8.543258904060902,116.0,False,True,True,True,True,-0.0013463360486646314,0.04944038899099934,0.019449738848497544,-0.09622990609861048,-0.07622442491256542,0.21163830415887513,,,0.0,0.0,,,,0.0,0.0,0.0,0.8377808988764045,0.0,0.0,0.14705598628049965,0.0,0.0,0.0,0.0,0.0,0.0,0.0,0.0,0.0,0.0,0.2,0.20369946993467458,False,False,False
2026-07-01,2023-01-01,SCZ,Not selected,SCZ was not selected for final allocation in this rebalance.,8.51298426960144,117.0,False,False,True,True,True,-0.01407843912332496,0.05867781472979283,0.08314648549420789,-0.08699248035981699,-0.01252767826685508,0.1778600014017775,,,0.0,0.0,,,,0.0,0.0,0.0,0.8377808988764045,0.0,0.0,0.14705598628049965,0.0,0.0,0.0,0.0,0.0,0.0,0.0,0.0,0.0,0.0,0.2,0.20369946993467458,False,False,False
2026-07-01,2023-01-01,SHYG,Not selected,SHYG was not selected for final allocation in this rebalance.,8.487077136851108,118.0,False,False,True,True,True,-0.0037789288340921434,0.0131068903645839,0.012213497554335095,-0.13256340472502592,-0.08346066620672787,0.033482042463887016,,,0.0,0.0,,,,0.0,0.0,0.0,0.8377808988764045,0.0,0.0,0.14705598628049965,0.0,0.0,0.0,0.0,0.0,0.0,0.0,0.0,0.0,0.0,0.2,0.20369946993467458,False,False,False
2026-07-01,2023-01-01,USHY,Not selected,USHY was not selected for final allocation in this rebalance.,8.440334925091708,119.0,False,False,True,True,True,-0.0033820347158100006,0.014031245280894611,0.01254153527635693,-0.13163904980871521,-0.08313262848470604,0.03854759248724705,,,0.0,0.0,,,,0.0,0.0,0.0,0.8377808988764045,0.0,0.0,0.14705598628049965,0.0,0.0,0.0,0.0,0.0,0.0,0.0,0.0,0.0,0.0,0.2,0.20369946993467458,False,False,False
2026-07-01,2023-01-01,SUSB,Not selected,SUSB was not selected for final allocation in this rebalance.,8.348737880983379,120.0,False,False,True,True,True,-0.001603885913022185,0.004398658552245749,0.004078684539248201,-0.14127163653736408,-0.09159547922181477,0.022658659301007054,,,0.0,0.0,,,,0.0,0.0,0.0,0.8377808988764045,0.0,0.0,0.14705598628049965,0.0,0.0,0.0,0.0,0.0,0.0,0.0,0.0,0.0,0.0,0.2,0.20369946993467458,False,False,False
2026-07-01,2023-01-01,FNDC,Not selected,FNDC was not selected for final allocation in this rebalance.,8.324631167411498,121.0,False,False,True,True,True,-0.016985446841666474,0.04385186940447472,0.09508964708202816,-0.1018184256851351,-0.0005845166790348078,0.1858646805682328,,,0.0,0.0,,,,0.0,0.0,0.0,0.8377808988764045,0.0,0.0,0.14705598628049965,0.0,0.0,0.0,0.0,0.0,0.0,0.0,0.0,0.0,0.0,0.2,0.20369946993467458,False,False,False
2026-07-01,2023-01-01,AVDV,Not selected,AVDV was not selected for final allocation in this rebalance.,7.991497563051875,122.0,False,False,True,True,True,-0.04024914483118125,0.034934839232572346,0.11625195739476424,-0.11073545585703748,0.02057779363370127,0.19432921409460338,,,0.0,0.0,,,,0.0,0.0,0.0,0.8377808988764045,0.0,0.0,0.14705598628049965,0.0,0.0,0.0,0.0,0.0,0.0,0.0,0.0,0.0,0.0,0.2,0.20369946993467458,False,False,False
2026-07-01,2023-01-01,EPOL,Not selected,EPOL was not selected for final allocation in this rebalance.,7.918975556243522,123.0,False,False,True,True,True,-0.027547072685948804,0.07108442708428253,0.1112957698478596,-0.0745858680053273,0.015621606086796636,0.25243460785612115,,,0.0,0.0,,,,0.0,0.0,0.0,0.8377808988764045,0.0,0.0,0.14705598628049965,0.0,0.0,0.0,0.0,0.0,0.0,0.0,0.0,0.0,0.0,0.2,0.20369946993467458,False,False,False
2026-07-01,2023-01-01,FNDE,Not selected,FNDE was not selected for final allocation in this rebalance.,7.458809421124619,124.0,False,False,True,True,True,-0.060924179249703725,0.042733611892161516,0.09983026084080948,-0.10293668319744831,0.0041560970797465124,0.181976734782391,,,0.0,0.0,,,,0.0,0.0,0.0,0.8377808988764045,0.0,0.0,0.14705598628049965,0.0,0.0,0.0,0.0,0.0,0.0,0.0,0.0,0.0,0.0,0.2,0.20369946993467458,False,False,False
2026-07-01,2023-01-01,BND,Not selected,BND was not selected for final allocation in this rebalance.,6.97182106805644,126.0,False,True,False,True,True,-0.0010245485159678935,0.00264337475760712,0.0008739309904657322,-0.1430269203320027,-0.09480023277059724,0.04000819306769674,,,0.0,0.0,,,,0.0,0.0,0.0,0.8377808988764045,0.0,0.0,0.14705598628049965,0.0,0.0,0.0,0.0,0.0,0.0,0.0,0.0,0.0,0.0,0.2,0.20369946993467458,False,False,False
2026-07-01,2023-01-01,EAGG,Not selected,EAGG was not selected for final allocation in this rebalance.,6.969282273369197,127.0,False,True,False,True,True,-0.0013641899964560444,0.002602645739656184,0.0006211206737301023,-0.14306764934995364,-0.09505304308733287,0.03924534122319183,,,0.0,0.0,,,,0.0,0.0,0.0,0.8377808988764045,0.0,0.0,0.14705598628049965,0.0,0.0,0.0,0.0,0.0,0.0,0.0,0.0,0.0,0.0,0.2,0.20369946993467458,False,False,False
2026-07-01,2023-01-01,XLU,Not selected,XLU was not selected for final allocation in this rebalance.,6.964888744133465,128.0,False,True,True,False,True,0.027819863100490005,-0.021442347760529445,0.05765261247680353,-0.16711264285013927,-0.038021551284259436,0.17042413169365123,,,0.0,0.0,,,,0.0,0.0,0.0,0.8377808988764045,0.0,0.0,0.14705598628049965,0.0,0.0,0.0,0.0,0.0,0.0,0.0,0.0,0.0,0.0,0.2,0.20369946993467458,False,False,False
2026-07-01,2023-01-01,PHO,Not selected,PHO was not selected for final allocation in this rebalance.,5.9596335314908915,129.0,False,True,True,True,False,0.05373402476261213,0.03362294538978361,-0.017630998658585306,-0.11204734969982622,-0.11330516241964828,0.15968284250542025,,,0.0,0.0,,,,0.0,0.0,0.0,0.8377808988764045,0.0,0.0,0.14705598628049965,0.0,0.0,0.0,0.0,0.0,0.0,0.0,0.0,0.0,0.0,0.2,0.20369946993467458,False,False,False
2026-07-01,2023-01-01,BOTZ,Not selected,BOTZ was not selected for final allocation in this rebalance.,5.9066532026660035,130.0,False,False,True,True,True,-0.05550718538811339,0.1322768806066934,0.04932163450427729,-0.013393414482916421,-0.04635252925678568,0.31584961982714993,,,0.0,0.0,,,,0.0,0.0,0.0,0.8377808988764045,0.0,0.0,0.14705598628049965,0.0,0.0,0.0,0.0,0.0,0.0,0.0,0.0,0.0,0.0,0.2,0.20369946993467458,False,False,False
2026-07-01,2023-01-01,XLY,Not selected,XLY was not selected for final allocation in this rebalance.,5.464260696538388,131.0,False,True,True,True,False,0.012303192573448474,0.08412322283130691,-0.009007510268003394,-0.061547072258302915,-0.10468167402906636,0.2032515743126415,,,0.0,0.0,,,,0.0,0.0,0.0,0.8377808988764045,0.0,0.0,0.14705598628049965,0.0,0.0,0.0,0.0,0.0,0.0,0.0,0.0,0.0,0.0,0.2,0.20369946993467458,False,False,False
2026-07-01,2023-01-01,FDN,Not selected,FDN was not selected for final allocation in this rebalance.,5.238899244792338,132.0,False,True,True,True,False,-0.05250563049537127,0.14803010853784548,-0.001615371851085623,0.002359813448235659,-0.09728953561214859,0.21022728839740498,,,0.0,0.0,,,,0.0,0.0,0.0,0.8377808988764045,0.0,0.0,0.14705598628049965,0.0,0.0,0.0,0.0,0.0,0.0,0.0,0.0,0.0,0.0,0.2,0.20369946993467458,False,False,False
2026-07-01,2023-01-01,ARKW,Not selected,ARKW was not selected for final allocation in this rebalance.,5.082711319428753,133.0,False,True,True,True,False,-0.02435961975345935,0.21528694651346503,-0.011800164792882262,0.0696166514238552,-0.10747432855394523,0.3247254509958819,,,0.0,0.0,,,,0.0,0.0,0.0,0.8377808988764045,0.0,0.0,0.14705598628049965,0.0,0.0,0.0,0.0,0.0,0.0,0.0,0.0,0.0,0.0,0.2,0.20369946993467458,False,False,False
2026-07-01,2023-01-01,PFFD,Not selected,PFFD was not selected for final allocation in this rebalance.,4.900924280921101,134.0,False,False,False,True,True,-0.014248044690938544,0.026515495733394623,0.012065902244500215,-0.1191547993562152,-0.08360826151656275,0.07039128514184734,,,0.0,0.0,,,,0.0,0.0,0.0,0.8377808988764045,0.0,0.0,0.14705598628049965,0.0,0.0,0.0,0.0,0.0,0.0,0.0,0.0,0.0,0.0,0.2,0.20369946993467458,False,False,False
2026-07-01,2023-01-01,BKLN,Not selected,BKLN was not selected for final allocation in this rebalance.,4.81438660198446,135.0,False,False,True,True,False,-0.0023888639928826283,0.01059904941524037,-0.0002719761200460358,-0.13507124567436946,-0.095946139881109,0.024419955515675176,,,0.0,0.0,,,,0.0,0.0,0.0,0.8377808988764045,0.0,0.0,0.14705598628049965,0.0,0.0,0.0,0.0,0.0,0.0,0.0,0.0,0.0,0.0,0.2,0.20369946993467458,False,False,False
2026-07-01,2023-01-01,SCHP,Not selected,SCHP was not selected for final allocation in this rebalance.,4.69887686781175,136.0,False,False,False,True,True,-0.013143014838570721,0.0005761652477378476,0.0023471512673665096,-0.14509412984187198,-0.09332701249369646,0.03922973001502261,,,0.0,0.0,,,,0.0,0.0,0.0,0.8377808988764045,0.0,0.0,0.14705598628049965,0.0,0.0,0.0,0.0,0.0,0.0,0.0,0.0,0.0,0.0,0.2,0.20369946993467458,False,False,False
2026-07-01,2023-01-01,TUR,Not selected,TUR was not selected for final allocation in this rebalance.,4.309863171713639,137.0,False,False,False,True,True,-0.008785438665403489,0.027594125459091456,0.15507310455067413,-0.11807616963051837,0.059398940789611165,0.33207724198891536,,,0.0,0.0,,,,0.0,0.0,0.0,0.8377808988764045,0.0,0.0,0.14705598628049965,0.0,0.0,0.0,0.0,0.0,0.0,0.0,0.0,0.0,0.0,0.2,0.20369946993467458,False,False,False
2026-07-01,2023-01-01,EWW,Not selected,EWW was not selected for final allocation in this rebalance.,3.8563293524429927,138.0,False,False,False,True,True,-0.031862713665538944,0.002491788734511724,0.10174560162689694,-0.1431785063550981,0.006071437865833973,0.21676993128652633,,,0.0,0.0,,,,0.0,0.0,0.0,0.8377808988764045,0.0,0.0,0.14705598628049965,0.0,0.0,0.0,0.0,0.0,0.0,0.0,0.0,0.0,0.0,0.2,0.20369946993467458,False,False,False
2026-07-01,2023-01-01,TAN,Removed,TAN was previously held but was removed or reduced to zero by the latest rebalance.,3.460742912931547,139.0,False,False,True,True,True,-0.17711354665728085,0.05686868201363082,0.2006865068924859,-0.088801613075979,0.10501234313142294,0.43132792228693045,,,0.0,0.0,,,,0.0,0.0,0.0,0.8377808988764045,0.0,0.0,0.14705598628049965,0.0,0.0,0.03381221957041021,0.0,0.025522762585079253,0.0,0.0,0.0,-0.03381221957041021,0.016906109785205105,0.2,0.20369946993467458,True,False,False
2026-07-01,2023-01-01,EWA,Not selected,EWA was not selected for final allocation in this rebalance.,3.0993687460638673,140.0,False,False,False,True,True,-0.043581139484139664,0.0034056031329359193,0.06723454174069454,-0.1422646919566739,-0.028439622020368427,0.19587188729467014,,,0.0,0.0,,,,0.0,0.0,0.0,0.8377808988764045,0.0,0.0,0.14705598628049965,0.0,0.0,0.0,0.0,0.0,0.0,0.0,0.0,0.0,0.0,0.2,0.20369946993467458,False,False,False
2026-07-01,2023-01-01,BLV,Not selected,BLV was not selected for final allocation in this rebalance.,2.9020296894347735,141.0,False,True,False,True,False,-0.0013126654185443565,0.007570956313891486,-0.000904635236956497,-0.13809933877571834,-0.09657879899801947,0.07813731407325837,,,0.0,0.0,,,,0.0,0.0,0.0,0.8377808988764045,0.0,0.0,0.14705598628049965,0.0,0.0,0.0,0.0,0.0,0.0,0.0,0.0,0.0,0.0,0.2,0.20369946993467458,False,False,False
2026-07-01,2023-01-01,VGLT,Not selected,VGLT was not selected for final allocation in this rebalance.,2.635372871601271,143.0,False,True,False,True,False,0.00036161239833054637,0.0017422515644927028,-0.005747280854880521,-0.14392804352511712,-0.10142144461594349,0.08293367298055075,,,0.0,0.0,,,,0.0,0.0,0.0,0.8377808988764045,0.0,0.0,0.14705598628049965,0.0,0.0,0.0,0.0,0.0,0.0,0.0,0.0,0.0,0.0,0.2,0.20369946993467458,False,False,False
2026-07-01,2023-01-01,EWD,Not selected,EWD was not selected for final allocation in this rebalance.,2.000634440675539,144.0,False,False,False,True,True,-0.03374476328695697,0.029242189332917556,0.029242189332917334,-0.11642810575669227,-0.06643197442814563,0.25156899808567773,,,0.0,0.0,,,,0.0,0.0,0.0,0.8377808988764045,0.0,0.0,0.14705598628049965,0.0,0.0,0.0,0.0,0.0,0.0,0.0,0.0,0.0,0.0,0.2,0.20369946993467458,False,False,False
2026-07-01,2023-01-01,SDIV,Not selected,SDIV was not selected for final allocation in this rebalance.,1.5642853141538091,145.0,False,False,False,False,True,-0.025748445910561024,-0.009168133268048662,0.052146732266060036,-0.1548384283576585,-0.04352743149500293,0.124069254029087,,,0.0,0.0,,,,0.0,0.0,0.0,0.8377808988764045,0.0,0.0,0.14705598628049965,0.0,0.0,0.0,0.0,0.0,0.0,0.0,0.0,0.0,0.0,0.2,0.20369946993467458,False,False,False
2026-07-01,2023-01-01,WCLD,Not selected,WCLD was not selected for final allocation in this rebalance.,1.087141661566985,146.0,False,True,True,True,False,-0.03825141827853229,0.21754955182689484,-0.054966787822075536,0.07187925673728501,-0.1506409515831385,0.49046656439147884,,,0.0,0.0,,,,0.0,0.0,0.0,0.8377808988764045,0.0,0.0,0.14705598628049965,0.0,0.0,0.0,0.0,0.0,0.0,0.0,0.0,0.0,0.0,0.2,0.20369946993467458,False,False,False
2026-07-01,2023-01-01,EFAV,Not selected,EFAV was not selected for final allocation in this rebalance.,0.994365216233059,147.0,False,False,False,False,True,-0.013040906322900558,-0.03183298893598119,0.027294276818014884,-0.177503284025591,-0.06837988694304808,0.11357476890656434,,,0.0,0.0,,,,0.0,0.0,0.0,0.8377808988764045,0.0,0.0,0.14705598628049965,0.0,0.0,0.0,0.0,0.0,0.0,0.0,0.0,0.0,0.0,0.2,0.20369946993467458,False,False,False
2026-07-01,2023-01-01,KSA,Not selected,KSA was not selected for final allocation in this rebalance.,0.9278566867451477,148.0,False,False,False,False,True,-0.018283231048345394,-0.039619600469303795,0.05415404085846642,-0.18528989555891362,-0.041520122902596546,0.14145728919758302,,,0.0,0.0,,,,0.0,0.0,0.0,0.8377808988764045,0.0,0.0,0.14705598628049965,0.0,0.0,0.0,0.0,0.0,0.0,0.0,0.0,0.0,0.0,0.2,0.20369946993467458,False,False,False
2026-07-01,2023-01-01,INDA,Not selected,INDA was not selected for final allocation in this rebalance.,0.9162124208101425,149.0,False,True,False,True,False,0.02665213009905032,0.05566477246649271,-0.08072145569531952,-0.09000552262311712,-0.1763956194563825,0.17835560908776996,,,0.0,0.0,,,,0.0,0.0,0.0,0.8377808988764045,0.0,0.0,0.14705598628049965,0.0,0.0,0.0,0.0,0.0,0.0,0.0,0.0,0.0,0.0,0.2,0.20369946993467458,False,False,False
2026-07-01,2023-01-01,EBND,Not selected,EBND was not selected for final allocation in this rebalance.,0.6654081123303461,150.0,False,False,False,True,False,-0.007879699680951813,0.016473236170605032,-0.004470980714743389,-0.1291970589190048,-0.10014514447580636,0.08848460961156679,,,0.0,0.0,,,,0.0,0.0,0.0,0.8377808988764045,0.0,0.0,0.14705598628049965,0.0,0.0,0.0,0.0,0.0,0.0,0.0,0.0,0.0,0.0,0.2,0.20369946993467458,False,False,False
2026-07-01,2023-01-01,XLE,Not selected,XLE was not selected for final allocation in this rebalance.,0.1759270992279467,151.0,False,False,False,False,True,-0.07767829608548227,-0.09347524417925424,0.19677580095112068,-0.23914553926886406,0.10110163719005771,0.25388366952026065,,,0.0,0.0,,,,0.0,0.0,0.0,0.8377808988764045,0.0,0.0,0.14705598628049965,0.0,0.0,0.0,0.0,0.0,0.0,0.0,0.0,0.0,0.0,0.2,0.20369946993467458,False,False,False
2026-07-01,2023-01-01,PICK,Not selected,PICK was not selected for final allocation in this rebalance.,-0.6225345683281669,153.0,False,False,False,True,True,-0.15354969318210077,0.008570735313939482,0.13073288177451903,-0.13709955977567034,0.03505871801345606,0.3700870252176964,,,0.0,0.0,,,,0.0,0.0,0.0,0.8377808988764045,0.0,0.0,0.14705598628049965,0.0,0.0,0.0,0.0,0.0,0.0,0.0,0.0,0.0,0.0,0.2,0.20369946993467458,False,False,False
2026-07-01,2023-01-01,IGV,Not selected,IGV was not selected for final allocation in this rebalance.,-0.9108223280373533,154.0,False,True,True,True,False,-0.1009964007688966,0.1803015653953699,-0.11998640017048878,0.034631270305760076,-0.21566056393155175,0.3817894237979675,,,0.0,0.0,,,,0.0,0.0,0.0,0.8377808988764045,0.0,0.0,0.14705598628049965,0.0,0.0,0.0,0.0,0.0,0.0,0.0,0.0,0.0,0.0,0.2,0.20369946993467458,False,False,False
2026-07-01,2023-01-01,IXC,Not selected,IXC was not selected for final allocation in this rebalance.,-0.9289779806671395,155.0,False,False,False,False,True,-0.09866808903006175,-0.11255459741035423,0.17525974243384046,-0.25822489249996405,0.07958557867277749,0.23718800841398507,,,0.0,0.0,,,,0.0,0.0,0.0,0.8377808988764045,0.0,0.0,0.14705598628049965,0.0,0.0,0.0,0.0,0.0,0.0,0.0,0.0,0.0,0.0,0.2,0.20369946993467458,False,False,False
2026-07-01,2023-01-01,XOP,Not selected,XOP was not selected for final allocation in this rebalance.,-0.9523067620188239,156.0,False,False,False,False,True,-0.08204929955932683,-0.11354888328416624,0.22121099710187497,-0.25921917837377606,0.125536833340812,0.33082506132323075,,,0.0,0.0,,,,0.0,0.0,0.0,0.8377808988764045,0.0,0.0,0.14705598628049965,0.0,0.0,0.0,0.0,0.0,0.0,0.0,0.0,0.0,0.0,0.2,0.20369946993467458,False,False,False
2026-07-01,2023-01-01,DVYE,Not selected,DVYE was not selected for final allocation in this rebalance.,-1.1096317234620492,157.0,False,False,False,False,True,-0.06838982275575911,-0.05211240097070202,0.04481149019720654,-0.19778269606031185,-0.05086267356385643,0.16676982892915643,,,0.0,0.0,,,,0.0,0.0,0.0,0.8377808988764045,0.0,0.0,0.14705598628049965,0.0,0.0,0.0,0.0,0.0,0.0,0.0,0.0,0.0,0.0,0.2,0.20369946993467458,False,False,False
2026-07-01,2023-01-01,GOVT,Not selected,GOVT was not selected for final allocation in this rebalance.,-1.1677455259613425,158.0,False,False,False,False,False,-0.0013172468507325341,-0.0008783543528103621,-0.0030509055753416003,-0.1465486494424202,-0.09872506933640457,0.038174268741530945,,,0.0,0.0,,,,0.0,0.0,0.0,0.8377808988764045,0.0,0.0,0.14705598628049965,0.0,0.0,0.0,0.0,0.0,0.0,0.0,0.0,0.0,0.0,0.2,0.20369946993467458,False,False,False
2026-07-01,2023-01-01,GNR,Not selected,GNR was not selected for final allocation in this rebalance.,-1.2251874049293106,159.0,False,False,False,False,True,-0.09481482714514933,-0.08679877860417662,0.08827165366635814,-0.23246907369378644,-0.007402510094704828,0.16034047993813505,,,0.0,0.0,,,,0.0,0.0,0.0,0.8377808988764045,0.0,0.0,0.14705598628049965,0.0,0.0,0.0,0.0,0.0,0.0,0.0,0.0,0.0,0.0,0.2,0.20369946993467458,False,False,False
2026-07-01,2023-01-01,VGIT,Not selected,VGIT was not selected for final allocation in this rebalance.,-1.2546715469400667,160.0,False,False,False,False,False,-0.0014244648465568943,-0.00309913897989067,-0.0059429901808230046,-0.1487694340695005,-0.10161715394188597,0.036432909293185475,,,0.0,0.0,,,,0.0,0.0,0.0,0.8377808988764045,0.0,0.0,0.14705598628049965,0.0,0.0,0.0,0.0,0.0,0.0,0.0,0.0,0.0,0.0,0.2,0.20369946993467458,False,False,False
2026-07-01,2023-01-01,EWG,Not selected,EWG was not selected for final allocation in this rebalance.,-1.4973521155618799,161.0,False,False,False,True,False,-0.032969233317986624,0.04809774733466243,-0.014420344495008397,-0.09757254775494739,-0.11009450825607137,0.20896159419430327,,,0.0,0.0,,,,0.0,0.0,0.0,0.8377808988764045,0.0,0.0,0.14705598628049965,0.0,0.0,0.0,0.0,0.0,0.0,0.0,0.0,0.0,0.0,0.2,0.20369946993467458,False,False,False
2026-07-01,2023-01-01,ARKF,Not selected,ARKF was not selected for final allocation in this rebalance.,-3.397030821516748,162.0,False,True,False,True,False,-0.00662813966627529,0.08632054940490774,-0.1472170786034399,-0.05934974568470208,-0.24289124236450288,0.33415475303833636,,,0.0,0.0,,,,0.0,0.0,0.0,0.8377808988764045,0.0,0.0,0.14705598628049965,0.0,0.0,0.0,0.0,0.0,0.0,0.0,0.0,0.0,0.0,0.2,0.20369946993467458,False,False,False
2026-07-01,2023-01-01,VNQI,Not selected,VNQI was not selected for final allocation in this rebalance.,-3.9781067513921773,163.0,False,False,False,False,False,-0.009261260927825421,-0.00044494899720215475,-0.023048517821371628,-0.14611524408681198,-0.1187226815824346,0.17166360857858973,,,0.0,0.0,,,,0.0,0.0,0.0,0.8377808988764045,0.0,0.0,0.14705598628049965,0.0,0.0,0.0,0.0,0.0,0.0,0.0,0.0,0.0,0.0,0.2,0.20369946993467458,False,False,False
2026-07-01,2023-01-01,EWM,Not selected,EWM was not selected for final allocation in this rebalance.,-5.06911956028206,164.0,False,False,False,False,False,-0.04983253596628323,-0.04784266146367333,-0.010543746282900002,-0.19351295655328316,-0.10621791004396297,0.1436695848218209,,,0.0,0.0,,,,0.0,0.0,0.0,0.8377808988764045,0.0,0.0,0.14705598628049965,0.0,0.0,0.0,0.0,0.0,0.0,0.0,0.0,0.0,0.0,0.2,0.20369946993467458,False,False,False
2026-07-01,2023-01-01,XLC,Not selected,XLC was not selected for final allocation in this rebalance.,-5.297616875796447,165.0,False,False,False,False,False,-0.029002934016882254,-0.008664672160772824,-0.06477259546558445,-0.15433496725038265,-0.16044675922664742,0.15244742840771838,,,0.0,0.0,,,,0.0,0.0,0.0,0.8377808988764045,0.0,0.0,0.14705598628049965,0.0,0.0,0.0,0.0,0.0,0.0,0.0,0.0,0.0,0.0,0.2,0.20369946993467458,False,False,False
2026-07-01,2023-01-01,ECH,Not selected,ECH was not selected for final allocation in this rebalance.,-5.69848526881494,166.0,False,False,False,False,False,-0.010614460074175769,-0.010614460074175769,-0.009394247662549371,-0.1562847551637856,-0.10506841142361234,0.2851989758907016,,,0.0,0.0,,,,0.0,0.0,0.0,0.8377808988764045,0.0,0.0,0.14705598628049965,0.0,0.0,0.0,0.0,0.0,0.0,0.0,0.0,0.0,0.0,0.2,0.20369946993467458,False,False,False
2026-07-01,2023-01-01,EWH,Not selected,EWH was not selected for final allocation in this rebalance.,-6.339781257805778,167.0,False,False,False,False,False,-0.073521227541812,-0.07670912969397814,-0.0029488651815786637,-0.22237942478358796,-0.09862302894264163,0.1657338306092359,,,0.0,0.0,,,,0.0,0.0,0.0,0.8377808988764045,0.0,0.0,0.14705598628049965,0.0,0.0,0.0,0.0,0.0,0.0,0.0,0.0,0.0,0.0,0.2,0.20369946993467458,False,False,False
2026-07-01,2023-01-01,IHI,Not selected,IHI was not selected for final allocation in this rebalance.,-7.218820745525691,168.0,False,True,False,False,False,0.0409991751788783,-0.06109399182922215,-0.1989055379982273,-0.20676428691883197,-0.29457970175929027,0.23296911171728987,,,0.0,0.0,,,,0.0,0.0,0.0,0.8377808988764045,0.0,0.0,0.14705598628049965,0.0,0.0,0.0,0.0,0.0,0.0,0.0,0.0,0.0,0.0,0.2,0.20369946993467458,False,False,False
2026-07-01,2023-01-01,EZA,Not selected,EZA was not selected for final allocation in this rebalance.,-10.312517420070769,170.0,False,False,False,False,False,-0.0578409691382441,-0.06153726502605239,-0.0670952069052353,-0.20720756011566221,-0.16276937066629826,0.35640521309780826,,,0.0,0.0,,,,0.0,0.0,0.0,0.8377808988764045,0.0,0.0,0.14705598628049965,0.0,0.0,0.0,0.0,0.0,0.0,0.0,0.0,0.0,0.0,0.2,0.20369946993467458,False,False,False
2026-07-01,2023-01-01,MCHI,Not selected,MCHI was not selected for final allocation in this rebalance.,-10.355819085767962,171.0,False,False,False,False,False,-0.08718640613623263,-0.06778914754579735,-0.13826664416853718,-0.21345944263540717,-0.23394080792960015,0.20189262817663772,,,0.0,0.0,,,,0.0,0.0,0.0,0.8377808988764045,0.0,0.0,0.14705598628049965,0.0,0.0,0.0,0.0,0.0,0.0,0.0,0.0,0.0,0.0,0.2,0.20369946993467458,False,False,False
2026-07-01,2023-01-01,URA,Not selected,URA was not selected for final allocation in this rebalance.,-10.949850896285401,173.0,False,False,False,False,True,-0.17493443890528626,-0.10525776969682066,0.029549155549377648,-0.2509280647864305,-0.06612500821168532,0.5383865664032158,,,0.0,0.0,,,,0.0,0.0,0.0,0.8377808988764045,0.0,0.0,0.14705598628049965,0.0,0.0,0.0,0.0,0.0,0.0,0.0,0.0,0.0,0.0,0.2,0.20369946993467458,False,False,False
2026-07-01,2023-01-01,SLVP,Not selected,SLVP was not selected for final allocation in this rebalance.,-17.92030238586299,174.0,False,False,False,False,False,-0.1433497518043242,-0.1468142952773972,-0.0924962184401249,-0.292484590367007,-0.18817038220118787,0.5664446193633509,,,0.0,0.0,,,,0.0,0.0,0.0,0.8377808988764045,0.0,0.0,0.14705598628049965,0.0,0.0,0.0,0.0,0.0,0.0,0.0,0.0,0.0,0.0,0.2,0.20369946993467458,False,False,False
2026-07-01,2023-01-01,GDX,Not selected,GDX was not selected for final allocation in this rebalance.,-18.25790449297713,175.0,False,False,False,False,False,-0.12918795690800322,-0.20138525835087284,-0.11705428045599242,-0.34705555344048267,-0.2127284442170554,0.5063605710404158,,,0.0,0.0,,,,0.0,0.0,0.0,0.8377808988764045,0.0,0.0,0.14705598628049965,0.0,0.0,0.0,0.0,0.0,0.0,0.0,0.0,0.0,0.0,0.2,0.20369946993467458,False,False,False
2026-07-01,2023-01-01,GDXJ,Not selected,GDXJ was not selected for final allocation in this rebalance.,-19.51547750808724,176.0,False,False,False,False,False,-0.13588551198544396,-0.19984030961514476,-0.12958136397459974,-0.3455106047047546,-0.2252555277356627,0.5577470343941219,,,0.0,0.0,,,,0.0,0.0,0.0,0.8377808988764045,0.0,0.0,0.14705598628049965,0.0,0.0,0.0,0.0,0.0,0.0,0.0,0.0,0.0,0.0,0.2,0.20369946993467458,False,False,False
2026-07-01,2023-01-01,SLV,Not selected,SLV was not selected for final allocation in this rebalance.,-22.143144879286222,177.0,False,False,False,False,False,-0.19806588839134665,-0.19983124415115183,-0.20957529890181248,-0.34550153924076166,-0.30524946266287545,0.5104436237382127,,,0.0,0.0,,,,0.0,0.0,0.0,0.8377808988764045,0.0,0.0,0.14705598628049965,0.0,0.0,0.0,0.0,0.0,0.0,0.0,0.0,0.0,0.0,0.2,0.20369946993467458,False,False,False
2026-07-01,2023-01-01,EIDO,Not selected,EIDO was not selected for final allocation in this rebalance.,-22.862733322410666,178.0,False,False,False,False,False,-0.10147162020404299,-0.2700168778558848,-0.38301377211647347,-0.4156871729454946,-0.47868793587753644,0.3501710754499534,,,0.0,0.0,,,,0.0,0.0,0.0,0.8377808988764045,0.0,0.0,0.14705598628049965,0.0,0.0,0.0,0.0,0.0,0.0,0.0,0.0,0.0,0.0,0.2,0.20369946993467458,False,False,False
