Ticker,Overlay,ActionType,WeightBefore,WeightAfter,WeightReleased,WeightRedistributedToEligible,WeightFreedToSGOV,Reason,Date,StartWindow,AboveSMA126,Mom63,Mom126
BKLN,StalePosition,SoftTargetTrim,0.07433988764044945,0.037169943820224725,0.037169943820224725,0.037169943820224725,0.0,Ineligible but long-term trend not hard-broken: target a 50% reduction before turnover control,2023-12-01,2023-01-01,,,
IXC,StalePosition,SoftTargetTrim,0.027026203756096275,0.013513101878048137,0.013513101878048137,0.013513101878048137,0.0,Ineligible but long-term trend not hard-broken: target a 50% reduction before turnover control,2023-12-01,2023-01-01,,,
SHYG,StalePosition,SoftTargetTrim,0.07433988764044945,0.037169943820224725,0.037169943820224725,0.037169943820224725,0.0,Ineligible but long-term trend not hard-broken: target a 50% reduction before turnover control,2023-12-01,2023-01-01,,,
USHY,StalePosition,SoftTargetTrim,0.07433988764044945,0.037169943820224725,0.037169943820224725,0.037169943820224725,0.0,Ineligible but long-term trend not hard-broken: target a 50% reduction before turnover control,2023-12-01,2023-01-01,,,
XLC,StalePosition,SoftTargetTrim,0.0720936464311697,0.03604682321558485,0.03604682321558485,0.03604682321558485,0.0,Ineligible but long-term trend not hard-broken: target a 50% reduction before turnover control,2023-12-01,2023-01-01,,,
XOP,StalePosition,HardExit,0.050200056310660796,0.0,0.050200056310660796,0.0,0.050200056310660796,Ineligible and below SMA126 -> hard exit after turnover cap,2023-12-01,2023-01-01,False,-0.07710392396331311,0.1523409738558139
BKLN,StalePosition,SoftTargetTrim,0.06302383903769451,0.031511919518847256,0.031511919518847256,0.031511919518847256,0.0,Ineligible but long-term trend not hard-broken: target a 50% reduction before turnover control,2024-01-02,2023-01-01,,,
IGV,StalePosition,SoftTargetTrim,0.033086102585668485,0.016543051292834243,0.016543051292834243,0.016543051292834243,0.0,Ineligible but long-term trend not hard-broken: target a 50% reduction before turnover control,2024-01-02,2023-01-01,,,
INDA,StalePosition,SoftTargetTrim,0.03200837336219794,0.01600418668109897,0.01600418668109897,0.01600418668109897,0.0,Ineligible but long-term trend not hard-broken: target a 50% reduction before turnover control,2024-01-02,2023-01-01,,,
IXC,StalePosition,SoftTargetTrim,0.02291226378444723,0.011456131892223616,0.011456131892223616,0.011456131892223616,0.0,Ineligible but long-term trend not hard-broken: target a 50% reduction before turnover control,2024-01-02,2023-01-01,,,
MLPA,StalePosition,SoftTargetTrim,0.08389390236833544,0.04194695118416772,0.04194695118416772,0.04194695118416772,0.0,Ineligible but long-term trend not hard-broken: target a 50% reduction before turnover control,2024-01-02,2023-01-01,,,
SHYG,StalePosition,SoftTargetTrim,0.06302383903769451,0.031511919518847256,0.031511919518847256,0.031511919518847256,0.0,Ineligible but long-term trend not hard-broken: target a 50% reduction before turnover control,2024-01-02,2023-01-01,,,
USHY,StalePosition,SoftTargetTrim,0.06302383903769451,0.031511919518847256,0.031511919518847256,0.031511919518847256,0.0,Ineligible but long-term trend not hard-broken: target a 50% reduction before turnover control,2024-01-02,2023-01-01,,,
XLC,StalePosition,SoftTargetTrim,0.06111952159914547,0.030559760799572736,0.030559760799572736,0.030559760799572736,0.0,Ineligible but long-term trend not hard-broken: target a 50% reduction before turnover control,2024-01-02,2023-01-01,,,
BKLN,StalePosition,SoftTargetTrim,0.052800349683383464,0.026400174841691732,0.026400174841691732,0.026400174841691732,0.0,Ineligible but long-term trend not hard-broken: target a 50% reduction before turnover control,2024-02-02,2023-01-01,,,
IGV,StalePosition,SoftTargetTrim,0.027718999871441337,0.013859499935720668,0.013859499935720668,0.013859499935720668,0.0,Ineligible but long-term trend not hard-broken: target a 50% reduction before turnover control,2024-02-02,2023-01-01,,,
INDA,StalePosition,SoftTargetTrim,0.026816095815894805,0.013408047907947402,0.013408047907947402,0.013408047907947402,0.0,Ineligible but long-term trend not hard-broken: target a 50% reduction before turnover control,2024-02-02,2023-01-01,,,
KBE,StalePosition,SoftTargetTrim,0.037599073868926344,0.018799536934463172,0.018799536934463172,0.018799536934463172,0.0,Ineligible but long-term trend not hard-broken: target a 50% reduction before turnover control,2024-02-02,2023-01-01,,,
KIE,StalePosition,SoftTargetTrim,0.03437824209979614,0.01718912104989807,0.01718912104989807,0.01718912104989807,0.0,Ineligible but long-term trend not hard-broken: target a 50% reduction before turnover control,2024-02-02,2023-01-01,,,
MLPA,StalePosition,SoftTargetTrim,0.07028495009170078,0.03514247504585039,0.03514247504585039,0.03514247504585039,0.0,Ineligible but long-term trend not hard-broken: target a 50% reduction before turnover control,2024-02-02,2023-01-01,,,
SHYG,StalePosition,SoftTargetTrim,0.052800349683383464,0.026400174841691732,0.026400174841691732,0.026400174841691732,0.0,Ineligible but long-term trend not hard-broken: target a 50% reduction before turnover control,2024-02-02,2023-01-01,,,
USHY,StalePosition,SoftTargetTrim,0.052800349683383464,0.026400174841691732,0.026400174841691732,0.026400174841691732,0.0,Ineligible but long-term trend not hard-broken: target a 50% reduction before turnover control,2024-02-02,2023-01-01,,,
XLF,StalePosition,SoftTargetTrim,0.036194451116389144,0.018097225558194572,0.018097225558194572,0.018097225558194572,0.0,Ineligible but long-term trend not hard-broken: target a 50% reduction before turnover control,2024-02-02,2023-01-01,,,
BKLN,StalePosition,SoftTargetTrim,0.045163120113605806,0.022581560056802903,0.022581560056802903,0.022581560056802903,0.0,Ineligible but long-term trend not hard-broken: target a 50% reduction before turnover control,2024-03-01,2023-01-01,,,
JEPQ,StalePosition,SoftTargetTrim,0.03163128270939929,0.015815641354699646,0.015815641354699646,0.015815641354699646,0.0,Ineligible but long-term trend not hard-broken: target a 50% reduction before turnover control,2024-03-01,2023-01-01,,,
KBE,StalePosition,SoftTargetTrim,0.03216061066802093,0.016080305334010465,0.016080305334010465,0.016080305334010465,0.0,Ineligible but long-term trend not hard-broken: target a 50% reduction before turnover control,2024-03-01,2023-01-01,,,
MLPA,StalePosition,SoftTargetTrim,0.06011868599743831,0.030059342998719155,0.030059342998719155,0.030059342998719155,0.0,Ineligible but long-term trend not hard-broken: target a 50% reduction before turnover control,2024-03-01,2023-01-01,,,
SHYG,StalePosition,SoftTargetTrim,0.045163120113605806,0.022581560056802903,0.022581560056802903,0.022581560056802903,0.0,Ineligible but long-term trend not hard-broken: target a 50% reduction before turnover control,2024-03-01,2023-01-01,,,
SMIN,StalePosition,SoftTargetTrim,0.10365049555187517,0.05182524777593758,0.05182524777593758,0.05182524777593758,0.0,Ineligible but long-term trend not hard-broken: target a 50% reduction before turnover control,2024-03-01,2023-01-01,,,
URA,StalePosition,SoftTargetTrim,0.10365049555187517,0.05182524777593758,0.05182524777593758,0.05182524777593758,0.0,Ineligible but long-term trend not hard-broken: target a 50% reduction before turnover control,2024-03-01,2023-01-01,,,
USHY,StalePosition,SoftTargetTrim,0.045163120113605806,0.022581560056802903,0.022581560056802903,0.022581560056802903,0.0,Ineligible but long-term trend not hard-broken: target a 50% reduction before turnover control,2024-03-01,2023-01-01,,,
BKLN,StalePosition,SoftTargetTrim,0.03936097756455081,0.019680488782275404,0.019680488782275404,0.019680488782275404,0.0,Ineligible but long-term trend not hard-broken: target a 50% reduction before turnover control,2024-04-02,2023-01-01,,,
EIS,StalePosition,SoftTargetTrim,0.040101077695107595,0.020050538847553798,0.020050538847553798,0.020050538847553798,0.0,Ineligible but long-term trend not hard-broken: target a 50% reduction before turnover control,2024-04-02,2023-01-01,,,
INDA,StalePosition,SoftTargetTrim,0.043456148955223164,0.021728074477611582,0.021728074477611582,0.021728074477611582,0.0,Ineligible but long-term trend not hard-broken: target a 50% reduction before turnover control,2024-04-02,2023-01-01,,,
MLPA,StalePosition,SoftTargetTrim,0.05239518980980601,0.026197594904903004,0.026197594904903004,0.026197594904903004,0.0,Ineligible but long-term trend not hard-broken: target a 50% reduction before turnover control,2024-04-02,2023-01-01,,,
SHYG,StalePosition,SoftTargetTrim,0.03936097756455081,0.019680488782275404,0.019680488782275404,0.019680488782275404,0.0,Ineligible but long-term trend not hard-broken: target a 50% reduction before turnover control,2024-04-02,2023-01-01,,,
SMIN,StalePosition,SoftTargetTrim,0.09033443260141051,0.045167216300705255,0.045167216300705255,0.045167216300705255,0.0,Ineligible but long-term trend not hard-broken: target a 50% reduction before turnover control,2024-04-02,2023-01-01,,,
URA,StalePosition,SoftTargetTrim,0.09033443260141051,0.045167216300705255,0.045167216300705255,0.045167216300705255,0.0,Ineligible but long-term trend not hard-broken: target a 50% reduction before turnover control,2024-04-02,2023-01-01,,,
USHY,StalePosition,SoftTargetTrim,0.03936097756455081,0.019680488782275404,0.019680488782275404,0.019680488782275404,0.0,Ineligible but long-term trend not hard-broken: target a 50% reduction before turnover control,2024-04-02,2023-01-01,,,
BLOK,StalePosition,SoftTargetTrim,0.0939680518254754,0.0469840259127377,0.0469840259127377,0.0469840259127377,0.0,Ineligible but long-term trend not hard-broken: target a 50% reduction before turnover control,2024-05-02,2023-01-01,,,
EIS,StalePosition,SoftTargetTrim,0.032946005399679366,0.016473002699839683,0.016473002699839683,0.016473002699839683,0.0,Ineligible but long-term trend not hard-broken: target a 50% reduction before turnover control,2024-05-02,2023-01-01,,,
EPOL,StalePosition,SoftTargetTrim,0.10365281333353676,0.05182640666676838,0.05182640666676838,0.05182640666676838,0.0,Ineligible but long-term trend not hard-broken: target a 50% reduction before turnover control,2024-05-02,2023-01-01,,,
JMOM,StalePosition,SoftTargetTrim,0.09245385212556186,0.04622692606278093,0.04622692606278093,0.04622692606278093,0.0,Ineligible but long-term trend not hard-broken: target a 50% reduction before turnover control,2024-05-02,2023-01-01,,,
KIE,StalePosition,SoftTargetTrim,0.05173737291318145,0.025868686456590725,0.025868686456590725,0.025868686456590725,0.0,Ineligible but long-term trend not hard-broken: target a 50% reduction before turnover control,2024-05-02,2023-01-01,,,
MLPA,StalePosition,SoftTargetTrim,0.043046529061279946,0.021523264530639973,0.021523264530639973,0.021523264530639973,0.0,Ineligible but long-term trend not hard-broken: target a 50% reduction before turnover control,2024-05-02,2023-01-01,,,
SMH,StalePosition,SoftTargetTrim,0.0756439009673358,0.0378219504836679,0.0378219504836679,0.0378219504836679,0.0,Ineligible but long-term trend not hard-broken: target a 50% reduction before turnover control,2024-05-02,2023-01-01,,,
SMIN,StalePosition,SoftTargetTrim,0.07421642697213944,0.03710821348606972,0.03710821348606972,0.03710821348606972,0.0,Ineligible but long-term trend not hard-broken: target a 50% reduction before turnover control,2024-05-02,2023-01-01,,,
URA,StalePosition,SoftTargetTrim,0.07421642697213944,0.03710821348606972,0.03710821348606972,0.03710821348606972,0.0,Ineligible but long-term trend not hard-broken: target a 50% reduction before turnover control,2024-05-02,2023-01-01,,,
XHB,StalePosition,SoftTargetTrim,0.056845495716731885,0.028422747858365943,0.028422747858365943,0.028422747858365943,0.0,Ineligible but long-term trend not hard-broken: target a 50% reduction before turnover control,2024-05-02,2023-01-01,,,
XLC,StalePosition,SoftTargetTrim,0.08315468101420985,0.041577340507104925,0.041577340507104925,0.041577340507104925,0.0,Ineligible but long-term trend not hard-broken: target a 50% reduction before turnover control,2024-05-02,2023-01-01,,,
XLF,StalePosition,SoftTargetTrim,0.05173737291318145,0.025868686456590725,0.025868686456590725,0.025868686456590725,0.0,Ineligible but long-term trend not hard-broken: target a 50% reduction before turnover control,2024-05-02,2023-01-01,,,
BLOK,StalePosition,SoftTargetTrim,0.08726061049688066,0.04363030524844033,0.04363030524844033,0.04363030524844033,0.0,Ineligible but long-term trend not hard-broken: target a 50% reduction before turnover control,2024-05-31,2023-01-01,,,
EPOL,StalePosition,SoftTargetTrim,0.09625407354408425,0.04812703677204212,0.04812703677204212,0.04812703677204212,0.0,Ineligible but long-term trend not hard-broken: target a 50% reduction before turnover control,2024-05-31,2023-01-01,,,
GLDM,StalePosition,SoftTargetTrim,0.06870940671738676,0.03435470335869338,0.03435470335869338,0.03435470335869338,0.0,Ineligible but long-term trend not hard-broken: target a 50% reduction before turnover control,2024-05-31,2023-01-01,,,
INDA,StalePosition,SoftTargetTrim,0.060174765929682024,0.030087382964841012,0.030087382964841012,0.030087382964841012,0.0,Ineligible but long-term trend not hard-broken: target a 50% reduction before turnover control,2024-05-31,2023-01-01,,,
KIE,StalePosition,SoftTargetTrim,0.04804435824948157,0.024022179124740785,0.024022179124740785,0.024022179124740785,0.0,Ineligible but long-term trend not hard-broken: target a 50% reduction before turnover control,2024-05-31,2023-01-01,,,
MLPA,StalePosition,SoftTargetTrim,0.03997386699721546,0.01998693349860773,0.01998693349860773,0.01998693349860773,0.0,Ineligible but long-term trend not hard-broken: target a 50% reduction before turnover control,2024-05-31,2023-01-01,,,
SMIN,StalePosition,SoftTargetTrim,0.06891885700167631,0.034459428500838156,0.034459428500838156,0.034459428500838156,0.0,Ineligible but long-term trend not hard-broken: target a 50% reduction before turnover control,2024-05-31,2023-01-01,,,
URA,StalePosition,SoftTargetTrim,0.06891885700167631,0.034459428500838156,0.034459428500838156,0.034459428500838156,0.0,Ineligible but long-term trend not hard-broken: target a 50% reduction before turnover control,2024-05-31,2023-01-01,,,
XHB,StalePosition,SoftTargetTrim,0.05278786315004827,0.026393931575024135,0.026393931575024135,0.026393931575024135,0.0,Ineligible but long-term trend not hard-broken: target a 50% reduction before turnover control,2024-05-31,2023-01-01,,,
XLF,StalePosition,SoftTargetTrim,0.04804435824948157,0.024022179124740785,0.024022179124740785,0.024022179124740785,0.0,Ineligible but long-term trend not hard-broken: target a 50% reduction before turnover control,2024-05-31,2023-01-01,,,
DVYE,StalePosition,SoftTargetTrim,0.0475409357119975,0.02377046785599875,0.02377046785599875,0.02377046785599875,0.0,Ineligible but long-term trend not hard-broken: target a 50% reduction before turnover control,2024-07-02,2023-01-01,,,
EPOL,StalePosition,SoftTargetTrim,0.08290590332921782,0.04145295166460891,0.04145295166460891,0.04145295166460891,0.0,Ineligible but long-term trend not hard-broken: target a 50% reduction before turnover control,2024-07-02,2023-01-01,,,
EWU,StalePosition,SoftTargetTrim,0.05005253222219526,0.02502626611109763,0.02502626611109763,0.02502626611109763,0.0,Ineligible but long-term trend not hard-broken: target a 50% reduction before turnover control,2024-07-02,2023-01-01,,,
GLDM,StalePosition,SoftTargetTrim,0.0591810322553323,0.02959051612766615,0.02959051612766615,0.02959051612766615,0.0,Ineligible but long-term trend not hard-broken: target a 50% reduction before turnover control,2024-07-02,2023-01-01,,,
INDA,StalePosition,SoftTargetTrim,0.05182994488788721,0.025914972443943605,0.025914972443943605,0.025914972443943605,0.0,Ineligible but long-term trend not hard-broken: target a 50% reduction before turnover control,2024-07-02,2023-01-01,,,
JMOM,StalePosition,SoftTargetTrim,0.09792188896529583,0.048960944482647914,0.048960944482647914,0.048960944482647914,0.0,Ineligible but long-term trend not hard-broken: target a 50% reduction before turnover control,2024-07-02,2023-01-01,,,
KCE,StalePosition,SoftTargetTrim,0.05782621350768763,0.028913106753843815,0.028913106753843815,0.028913106753843815,0.0,Ineligible but long-term trend not hard-broken: target a 50% reduction before turnover control,2024-07-02,2023-01-01,,,
URA,StalePosition,HardExit,0.03219060677000594,0.0,0.03219060677000594,0.0,0.03219060677000594,Ineligible and below SMA126 -> hard exit after turnover cap,2024-07-02,2023-01-01,False,-0.07823936518918018,0.06615736236789904
XHB,StalePosition,HardExit,0.024656145194786958,0.0,0.024656145194786958,0.0,0.024656145194786958,Ineligible and below SMA126 -> hard exit after turnover cap,2024-07-02,2023-01-01,False,-0.09260023681949825,0.044967192843127446
GLDM,StalePosition,SoftTargetTrim,0.048224356828538074,0.024112178414269037,0.024112178414269037,0.024112178414269037,0.0,Ineligible but long-term trend not hard-broken: target a 50% reduction before turnover control,2024-08-02,2023-01-01,,,
INDA,StalePosition,SoftTargetTrim,0.04223423724502085,0.021117118622510426,0.021117118622510426,0.021117118622510426,0.0,Ineligible but long-term trend not hard-broken: target a 50% reduction before turnover control,2024-08-02,2023-01-01,,,
JMOM,StalePosition,SoftTargetTrim,0.07979279736813702,0.03989639868406851,0.03989639868406851,0.03989639868406851,0.0,Ineligible but long-term trend not hard-broken: target a 50% reduction before turnover control,2024-08-02,2023-01-01,,,
SLV,StalePosition,SoftTargetTrim,0.07086385381949077,0.035431926909745386,0.035431926909745386,0.035431926909745386,0.0,Ineligible but long-term trend not hard-broken: target a 50% reduction before turnover control,2024-08-02,2023-01-01,,,
TDIV,StalePosition,SoftTargetTrim,0.04506083036407832,0.02253041518203916,0.02253041518203916,0.02253041518203916,0.0,Ineligible but long-term trend not hard-broken: target a 50% reduction before turnover control,2024-08-02,2023-01-01,,,
TMFC,StalePosition,SoftTargetTrim,0.04506083036407832,0.02253041518203916,0.02253041518203916,0.02253041518203916,0.0,Ineligible but long-term trend not hard-broken: target a 50% reduction before turnover control,2024-08-02,2023-01-01,,,
XLC,StalePosition,SoftTargetTrim,0.05338134859418035,0.026690674297090176,0.026690674297090176,0.026690674297090176,0.0,Ineligible but long-term trend not hard-broken: target a 50% reduction before turnover control,2024-08-02,2023-01-01,,,
BLOK,StalePosition,HardExit,0.05842056379070233,0.0,0.05842056379070233,0.0,0.05842056379070233,Ineligible and below SMA126 -> hard exit after turnover cap,2024-08-02,2023-01-01,False,0.04167958272435124,0.22584181142631565
EPOL,StalePosition,HardExit,0.04632701305615487,0.0,0.04632701305615487,0.0,0.04632701305615487,Ineligible and below SMA126 -> hard exit after turnover cap,2024-08-02,2023-01-01,False,-0.021818353350520403,0.045835673899603524
HEFA,StalePosition,HardExit,0.058628116312943845,0.0,0.058628116312943845,0.0,0.058628116312943845,Ineligible and below SMA126 -> hard exit after turnover cap,2024-08-02,2023-01-01,False,-0.023799361039672395,0.04612293506232423
SMH,StalePosition,HardExit,0.06599423621054212,0.0,0.06599423621054212,0.0,0.06599423621054212,Ineligible and below SMA126 -> hard exit after turnover cap,2024-08-02,2023-01-01,False,0.003215055146047474,0.1422967656244538
INDA,StalePosition,SoftTargetTrim,0.03715834914470534,0.01857917457235267,0.01857917457235267,0.01857917457235267,0.0,Ineligible but long-term trend not hard-broken: target a 50% reduction before turnover control,2024-08-30,2023-01-01,,,
JMOM,StalePosition,SoftTargetTrim,0.07020296369120556,0.03510148184560278,0.03510148184560278,0.03510148184560278,0.0,Ineligible but long-term trend not hard-broken: target a 50% reduction before turnover control,2024-08-30,2023-01-01,,,
KCE,StalePosition,SoftTargetTrim,0.06552200576877096,0.03276100288438548,0.03276100288438548,0.03276100288438548,0.0,Ineligible but long-term trend not hard-broken: target a 50% reduction before turnover control,2024-08-30,2023-01-01,,,
SLV,StalePosition,SoftTargetTrim,0.06234713809764457,0.031173569048822285,0.031173569048822285,0.031173569048822285,0.0,Ineligible but long-term trend not hard-broken: target a 50% reduction before turnover control,2024-08-30,2023-01-01,,,
TDIV,StalePosition,SoftTargetTrim,0.03964523042537394,0.01982261521268697,0.01982261521268697,0.01982261521268697,0.0,Ineligible but long-term trend not hard-broken: target a 50% reduction before turnover control,2024-08-30,2023-01-01,,,
TMFC,StalePosition,SoftTargetTrim,0.03964523042537394,0.01982261521268697,0.01982261521268697,0.01982261521268697,0.0,Ineligible but long-term trend not hard-broken: target a 50% reduction before turnover control,2024-08-30,2023-01-01,,,
XLC,StalePosition,SoftTargetTrim,0.04696575381177574,0.02348287690588787,0.02348287690588787,0.02348287690588787,0.0,Ineligible but long-term trend not hard-broken: target a 50% reduction before turnover control,2024-08-30,2023-01-01,,,
INDA,StalePosition,SoftTargetTrim,0.030936967490417366,0.015468483745208683,0.015468483745208683,0.015468483745208683,0.0,Ineligible but long-term trend not hard-broken: target a 50% reduction before turnover control,2024-10-02,2023-01-01,,,
JMOM,StalePosition,SoftTargetTrim,0.05844895845582108,0.02922447922791054,0.02922447922791054,0.02922447922791054,0.0,Ineligible but long-term trend not hard-broken: target a 50% reduction before turnover control,2024-10-02,2023-01-01,,,
SLV,StalePosition,SoftTargetTrim,0.05190842512771398,0.02595421256385699,0.02595421256385699,0.02595421256385699,0.0,Ineligible but long-term trend not hard-broken: target a 50% reduction before turnover control,2024-10-02,2023-01-01,,,
SMIN,StalePosition,SoftTargetTrim,0.0961988914047364,0.0480994457023682,0.0480994457023682,0.0480994457023682,0.0,Ineligible but long-term trend not hard-broken: target a 50% reduction before turnover control,2024-10-02,2023-01-01,,,
TDIV,StalePosition,SoftTargetTrim,0.033007472965054,0.016503736482527,0.016503736482527,0.016503736482527,0.0,Ineligible but long-term trend not hard-broken: target a 50% reduction before turnover control,2024-10-02,2023-01-01,,,
TMFC,StalePosition,SoftTargetTrim,0.033007472965054,0.016503736482527,0.016503736482527,0.016503736482527,0.0,Ineligible but long-term trend not hard-broken: target a 50% reduction before turnover control,2024-10-02,2023-01-01,,,
USMV,StalePosition,SoftTargetTrim,0.06089413896514112,0.03044706948257056,0.03044706948257056,0.03044706948257056,0.0,Ineligible but long-term trend not hard-broken: target a 50% reduction before turnover control,2024-10-02,2023-01-01,,,
XLC,StalePosition,SoftTargetTrim,0.03910232914760384,0.01955116457380192,0.01955116457380192,0.01955116457380192,0.0,Ineligible but long-term trend not hard-broken: target a 50% reduction before turnover control,2024-10-02,2023-01-01,,,
XLF,StalePosition,SoftTargetTrim,0.040287350231188124,0.020143675115594062,0.020143675115594062,0.020143675115594062,0.0,Ineligible but long-term trend not hard-broken: target a 50% reduction before turnover control,2024-10-02,2023-01-01,,,
XLP,StalePosition,SoftTargetTrim,0.056110568345844276,0.028055284172922138,0.028055284172922138,0.028055284172922138,0.0,Ineligible but long-term trend not hard-broken: target a 50% reduction before turnover control,2024-10-02,2023-01-01,,,
EWM,StalePosition,SoftTargetTrim,0.09505695574751793,0.04752847787375897,0.04752847787375897,0.04752847787375897,0.0,Ineligible but long-term trend not hard-broken: target a 50% reduction before turnover control,2024-11-01,2023-01-01,,,
EWS,StalePosition,SoftTargetTrim,0.0443013015458589,0.02215065077292945,0.02215065077292945,0.02215065077292945,0.0,Ineligible but long-term trend not hard-broken: target a 50% reduction before turnover control,2024-11-01,2023-01-01,,,
FNDE,StalePosition,SoftTargetTrim,0.044301301545858894,0.022150650772929447,0.022150650772929447,0.022150650772929447,0.0,Ineligible but long-term trend not hard-broken: target a 50% reduction before turnover control,2024-11-01,2023-01-01,,,
JMOM,StalePosition,SoftTargetTrim,0.0510038177769146,0.0255019088884573,0.0255019088884573,0.0255019088884573,0.0,Ineligible but long-term trend not hard-broken: target a 50% reduction before turnover control,2024-11-01,2023-01-01,,,
KIE,StalePosition,SoftTargetTrim,0.08245264524286998,0.04122632262143499,0.04122632262143499,0.04122632262143499,0.0,Ineligible but long-term trend not hard-broken: target a 50% reduction before turnover control,2024-11-01,2023-01-01,,,
MCHI,StalePosition,SoftTargetTrim,0.0443013015458589,0.02215065077292945,0.02215065077292945,0.02215065077292945,0.0,Ineligible but long-term trend not hard-broken: target a 50% reduction before turnover control,2024-11-01,2023-01-01,,,
SLV,StalePosition,SoftTargetTrim,0.045296407776054474,0.022648203888027237,0.022648203888027237,0.022648203888027237,0.0,Ineligible but long-term trend not hard-broken: target a 50% reduction before turnover control,2024-11-01,2023-01-01,,,
SMIN,StalePosition,SoftTargetTrim,0.08394522087603976,0.04197261043801988,0.04197261043801988,0.04197261043801988,0.0,Ineligible but long-term trend not hard-broken: target a 50% reduction before turnover control,2024-11-01,2023-01-01,,,
USMV,StalePosition,SoftTargetTrim,0.053137534859714085,0.026568767429857042,0.026568767429857042,0.026568767429857042,0.0,Ineligible but long-term trend not hard-broken: target a 50% reduction before turnover control,2024-11-01,2023-01-01,,,
XHB,StalePosition,SoftTargetTrim,0.0443013015458589,0.02215065077292945,0.02215065077292945,0.02215065077292945,0.0,Ineligible but long-term trend not hard-broken: target a 50% reduction before turnover control,2024-11-01,2023-01-01,,,
XLP,StalePosition,SoftTargetTrim,0.04896328829253133,0.024481644146265667,0.024481644146265667,0.024481644146265667,0.0,Ineligible but long-term trend not hard-broken: target a 50% reduction before turnover control,2024-11-01,2023-01-01,,,
XLU,StalePosition,SoftTargetTrim,0.08245264524286998,0.04122632262143499,0.04122632262143499,0.04122632262143499,0.0,Ineligible but long-term trend not hard-broken: target a 50% reduction before turnover control,2024-11-01,2023-01-01,,,
FNDE,StalePosition,SoftTargetTrim,0.04228906099296145,0.021144530496480726,0.021144530496480726,0.021144530496480726,0.0,Ineligible but long-term trend not hard-broken: target a 50% reduction before turnover control,2024-12-02,2023-01-01,,,
GLDM,StalePosition,SoftTargetTrim,0.09740903526478732,0.04870451763239366,0.04870451763239366,0.04870451763239366,0.0,Ineligible but long-term trend not hard-broken: target a 50% reduction before turnover control,2024-12-02,2023-01-01,,,
JMOM,StalePosition,SoftTargetTrim,0.04868713752369319,0.024343568761846596,0.024343568761846596,0.024343568761846596,0.0,Ineligible but long-term trend not hard-broken: target a 50% reduction before turnover control,2024-12-02,2023-01-01,,,
MCHI,StalePosition,SoftTargetTrim,0.042289060992961466,0.021144530496480733,0.021144530496480733,0.021144530496480733,0.0,Ineligible but long-term trend not hard-broken: target a 50% reduction before turnover control,2024-12-02,2023-01-01,,,
SLV,StalePosition,SoftTargetTrim,0.04323896780370504,0.02161948390185252,0.02161948390185252,0.02161948390185252,0.0,Ineligible but long-term trend not hard-broken: target a 50% reduction before turnover control,2024-12-02,2023-01-01,,,
SMIN,StalePosition,SoftTargetTrim,0.08013228600111642,0.04006614300055821,0.04006614300055821,0.04006614300055821,0.0,Ineligible but long-term trend not hard-broken: target a 50% reduction before turnover control,2024-12-02,2023-01-01,,,
USMV,StalePosition,SoftTargetTrim,0.05072393754327784,0.02536196877163892,0.02536196877163892,0.02536196877163892,0.0,Ineligible but long-term trend not hard-broken: target a 50% reduction before turnover control,2024-12-02,2023-01-01,,,
XHB,StalePosition,SoftTargetTrim,0.042289060992961466,0.021144530496480733,0.021144530496480733,0.021144530496480733,0.0,Ineligible but long-term trend not hard-broken: target a 50% reduction before turnover control,2024-12-02,2023-01-01,,,
XLF,StalePosition,SoftTargetTrim,0.06338111295897138,0.03169055647948569,0.03169055647948569,0.03169055647948569,0.0,Ineligible but long-term trend not hard-broken: target a 50% reduction before turnover control,2024-12-02,2023-01-01,,,
XLP,StalePosition,SoftTargetTrim,0.046739292363123935,0.023369646181561968,0.023369646181561968,0.023369646181561968,0.0,Ineligible but long-term trend not hard-broken: target a 50% reduction before turnover control,2024-12-02,2023-01-01,,,
XLU,StalePosition,SoftTargetTrim,0.07870750569477745,0.03935375284738873,0.03935375284738873,0.03935375284738873,0.0,Ineligible but long-term trend not hard-broken: target a 50% reduction before turnover control,2024-12-02,2023-01-01,,,
EWM,StalePosition,HardExit,0.05355003045126208,0.0,0.05355003045126208,0.0,0.05355003045126208,Ineligible and below SMA126 -> hard exit after turnover cap,2024-12-02,2023-01-01,False,-0.0463938202008326,0.07120186346990165
EWS,StalePosition,SoftTargetTrim,0.06764167709562316,0.03382083854781158,0.03382083854781158,0.03382083854781158,0.0,Ineligible but long-term trend not hard-broken: target a 50% reduction before turnover control,2025-01-02,2023-01-01,,,
GLDM,StalePosition,SoftTargetTrim,0.09069901894316772,0.04534950947158386,0.04534950947158386,0.04534950947158386,0.0,Ineligible but long-term trend not hard-broken: target a 50% reduction before turnover control,2025-01-02,2023-01-01,,,
JMOM,StalePosition,SoftTargetTrim,0.045333326590766145,0.022666663295383072,0.022666663295383072,0.022666663295383072,0.0,Ineligible but long-term trend not hard-broken: target a 50% reduction before turnover control,2025-01-02,2023-01-01,,,
KCE,StalePosition,SoftTargetTrim,0.08978764964945266,0.04489382482472633,0.04489382482472633,0.04489382482472633,0.0,Ineligible but long-term trend not hard-broken: target a 50% reduction before turnover control,2025-01-02,2023-01-01,,,
KIE,StalePosition,SoftTargetTrim,0.09368126580109856,0.04684063290054928,0.04684063290054928,0.04684063290054928,0.0,Ineligible but long-term trend not hard-broken: target a 50% reduction before turnover control,2025-01-02,2023-01-01,,,
MCHI,StalePosition,SoftTargetTrim,0.039375981228672745,0.019687990614336372,0.019687990614336372,0.019687990614336372,0.0,Ineligible but long-term trend not hard-broken: target a 50% reduction before turnover control,2025-01-02,2023-01-01,,,
XLF,StalePosition,SoftTargetTrim,0.059015108293376944,0.029507554146688472,0.029507554146688472,0.029507554146688472,0.0,Ineligible but long-term trend not hard-broken: target a 50% reduction before turnover control,2025-01-02,2023-01-01,,,
XLU,StalePosition,SoftTargetTrim,0.07328574326370203,0.036642871631851016,0.036642871631851016,0.036642871631851016,0.0,Ineligible but long-term trend not hard-broken: target a 50% reduction before turnover control,2025-01-02,2023-01-01,,,
FNDE,StalePosition,HardExit,0.02540752165001043,0.0,0.02540752165001043,0.0,0.02540752165001043,Ineligible and below SMA126 -> hard exit after turnover cap,2025-01-02,2023-01-01,False,-0.09091681777328353,-0.005341889828788138
SLV,StalePosition,HardExit,0.025978231362942507,0.0,0.025978231362942507,0.0,0.025978231362942507,Ineligible and below SMA126 -> hard exit after turnover cap,2025-01-02,2023-01-01,False,-0.07868625634896509,-0.05442413138953295
SMIN,StalePosition,HardExit,0.04814395835786132,0.0,0.04814395835786132,0.0,0.04814395835786132,Ineligible and below SMA126 -> hard exit after turnover cap,2025-01-02,2023-01-01,False,-0.029847843913922034,-0.016943523379141845
USMV,StalePosition,HardExit,0.030475246104875925,0.0,0.030475246104875925,0.0,0.030475246104875925,Ineligible and below SMA126 -> hard exit after turnover cap,2025-01-02,2023-01-01,False,-0.01767049549730626,0.06356255367921348
XHB,StalePosition,HardExit,0.02540752165001044,0.0,0.02540752165001044,0.0,0.02540752165001044,Ineligible and below SMA126 -> hard exit after turnover cap,2025-01-02,2023-01-01,False,-0.1570017571914335,0.05922852380212218
XLP,StalePosition,HardExit,0.028081247366071573,0.0,0.028081247366071573,0.0,0.028081247366071573,Ineligible and below SMA126 -> hard exit after turnover cap,2025-01-02,2023-01-01,False,-0.027528859217050394,0.025901703622272843
BKLN,StalePosition,SoftTargetTrim,0.024202296975452703,0.012101148487726351,0.012101148487726351,0.012101148487726351,0.0,Ineligible but long-term trend not hard-broken: target a 50% reduction before turnover control,2025-01-31,2023-01-01,,,
GLDM,StalePosition,SoftTargetTrim,0.07701916810648943,0.038509584053244714,0.038509584053244714,0.038509584053244714,0.0,Ineligible but long-term trend not hard-broken: target a 50% reduction before turnover control,2025-01-31,2023-01-01,,,
JMOM,StalePosition,SoftTargetTrim,0.03849584198599118,0.01924792099299559,0.01924792099299559,0.01924792099299559,0.0,Ineligible but long-term trend not hard-broken: target a 50% reduction before turnover control,2025-01-31,2023-01-01,,,
KIE,StalePosition,SoftTargetTrim,0.07955161194945923,0.039775805974729614,0.039775805974729614,0.039775805974729614,0.0,Ineligible but long-term trend not hard-broken: target a 50% reduction before turnover control,2025-01-31,2023-01-01,,,
MCHI,StalePosition,SoftTargetTrim,0.033437024489861585,0.016718512244930792,0.016718512244930792,0.016718512244930792,0.0,Ineligible but long-term trend not hard-broken: target a 50% reduction before turnover control,2025-01-31,2023-01-01,,,
SHYG,StalePosition,SoftTargetTrim,0.024202296975452703,0.012101148487726351,0.012101148487726351,0.012101148487726351,0.0,Ineligible but long-term trend not hard-broken: target a 50% reduction before turnover control,2025-01-31,2023-01-01,,,
XLF,StalePosition,SoftTargetTrim,0.05011404312232278,0.02505702156116139,0.02505702156116139,0.02505702156116139,0.0,Ineligible but long-term trend not hard-broken: target a 50% reduction before turnover control,2025-01-31,2023-01-01,,,
XLU,StalePosition,SoftTargetTrim,0.062232282620089806,0.031116141310044903,0.031116141310044903,0.031116141310044903,0.0,Ineligible but long-term trend not hard-broken: target a 50% reduction before turnover control,2025-01-31,2023-01-01,,,
ARKQ,StalePosition,SoftTargetTrim,0.034701599201651424,0.017350799600825712,0.017350799600825712,0.017350799600825712,0.0,Ineligible but long-term trend not hard-broken: target a 50% reduction before turnover control,2025-02-28,2023-01-01,,,
EIS,StalePosition,SoftTargetTrim,0.05219700111093942,0.02609850055546971,0.02609850055546971,0.02609850055546971,0.0,Ineligible but long-term trend not hard-broken: target a 50% reduction before turnover control,2025-02-28,2023-01-01,,,
JMOM,StalePosition,SoftTargetTrim,0.033596586935539186,0.016798293467769593,0.016798293467769593,0.016798293467769593,0.0,Ineligible but long-term trend not hard-broken: target a 50% reduction before turnover control,2025-02-28,2023-01-01,,,
KCE,StalePosition,SoftTargetTrim,0.08805214148685737,0.04402607074342869,0.04402607074342869,0.04402607074342869,0.0,Ineligible but long-term trend not hard-broken: target a 50% reduction before turnover control,2025-02-28,2023-01-01,,,
KIE,StalePosition,SoftTargetTrim,0.0694273071802113,0.03471365359010565,0.03471365359010565,0.03471365359010565,0.0,Ineligible but long-term trend not hard-broken: target a 50% reduction before turnover control,2025-02-28,2023-01-01,,,
XLU,StalePosition,SoftTargetTrim,0.05431215906392541,0.027156079531962706,0.027156079531962706,0.027156079531962706,0.0,Ineligible but long-term trend not hard-broken: target a 50% reduction before turnover control,2025-02-28,2023-01-01,,,
BKLN,StalePosition,SoftTargetTrim,0.04134609824916589,0.020673049124582944,0.020673049124582944,0.020673049124582944,0.0,Ineligible but long-term trend not hard-broken: target a 50% reduction before turnover control,2025-04-02,2023-01-01,,,
EIS,StalePosition,SoftTargetTrim,0.04193179373397982,0.02096589686698991,0.02096589686698991,0.02096589686698991,0.0,Ineligible but long-term trend not hard-broken: target a 50% reduction before turnover control,2025-04-02,2023-01-01,,,
UAE,StalePosition,SoftTargetTrim,0.07631596215043118,0.03815798107521559,0.03815798107521559,0.03815798107521559,0.0,Ineligible but long-term trend not hard-broken: target a 50% reduction before turnover control,2025-04-02,2023-01-01,,,
XLF,StalePosition,SoftTargetTrim,0.0714856788253819,0.03574283941269095,0.03574283941269095,0.03574283941269095,0.0,Ineligible but long-term trend not hard-broken: target a 50% reduction before turnover control,2025-04-02,2023-01-01,,,
XLU,StalePosition,SoftTargetTrim,0.043630978842543605,0.021815489421271803,0.021815489421271803,0.021815489421271803,0.0,Ineligible but long-term trend not hard-broken: target a 50% reduction before turnover control,2025-04-02,2023-01-01,,,
ARKQ,StalePosition,HardExit,0.01739687329438097,0.0,0.01739687329438097,0.0,0.01739687329438097,Ineligible and below SMA126 -> hard exit after turnover cap,2025-04-02,2023-01-01,False,-0.11482199897419454,0.12596742714005438
IHI,StalePosition,HardExit,0.0323812903687105,0.0,0.0323812903687105,0.0,0.0323812903687105,Ineligible and below SMA126 -> hard exit after turnover cap,2025-04-02,2023-01-01,False,0.03398953779615099,0.03249269417653555
KCE,StalePosition,HardExit,0.044142978536645214,0.0,0.044142978536645214,0.0,0.044142978536645214,Ineligible and below SMA126 -> hard exit after turnover cap,2025-04-02,2023-01-01,False,-0.05537406258672839,0.05142986166937025
XLC,StalePosition,HardExit,0.01859640987960515,0.0,0.01859640987960515,0.0,0.01859640987960515,Ineligible and below SMA126 -> hard exit after turnover cap,2025-04-02,2023-01-01,False,0.003373969552921796,0.07648004230758132
XYLD,StalePosition,HardExit,0.03690212857794321,0.0,0.03690212857794321,0.0,0.03690212857794321,Ineligible and below SMA126 -> hard exit after turnover cap,2025-04-02,2023-01-01,False,-0.029209578746573372,0.031506231909680826
BKLN,StalePosition,SoftTargetTrim,0.03581672091514612,0.01790836045757306,0.01790836045757306,0.01790836045757306,0.0,Ineligible but long-term trend not hard-broken: target a 50% reduction before turnover control,2025-05-02,2023-01-01,,,
EIS,StalePosition,SoftTargetTrim,0.03632408902505635,0.018162044512528175,0.018162044512528175,0.018162044512528175,0.0,Ineligible but long-term trend not hard-broken: target a 50% reduction before turnover control,2025-05-02,2023-01-01,,,
KIE,StalePosition,SoftTargetTrim,0.053993272254392946,0.026996636127196473,0.026996636127196473,0.026996636127196473,0.0,Ineligible but long-term trend not hard-broken: target a 50% reduction before turnover control,2025-05-02,2023-01-01,,,
XLF,StalePosition,SoftTargetTrim,0.061925616112280375,0.030962808056140188,0.030962808056140188,0.030962808056140188,0.0,Ineligible but long-term trend not hard-broken: target a 50% reduction before turnover control,2025-05-02,2023-01-01,,,
XLU,StalePosition,SoftTargetTrim,0.03779603538502103,0.018898017692510514,0.018898017692510514,0.018898017692510514,0.0,Ineligible but long-term trend not hard-broken: target a 50% reduction before turnover control,2025-05-02,2023-01-01,,,
MLPA,StalePosition,HardExit,0.023853581357598165,0.0,0.023853581357598165,0.0,0.023853581357598165,Ineligible and below SMA126 -> hard exit after turnover cap,2025-05-02,2023-01-01,False,-0.053930228576981265,0.08336663418068535
BKLN,StalePosition,SoftTargetTrim,0.025306844390905237,0.012653422195452619,0.012653422195452619,0.012653422195452619,0.0,Ineligible but long-term trend not hard-broken: target a 50% reduction before turnover control,2025-06-02,2023-01-01,,,
BNDX,StalePosition,SoftTargetTrim,0.0363792188662836,0.0181896094331418,0.0181896094331418,0.0181896094331418,0.0,Ineligible but long-term trend not hard-broken: target a 50% reduction before turnover control,2025-06-02,2023-01-01,,,
EWS,StalePosition,SoftTargetTrim,0.05956404580147537,0.029782022900737684,0.029782022900737684,0.029782022900737684,0.0,Ineligible but long-term trend not hard-broken: target a 50% reduction before turnover control,2025-06-02,2023-01-01,,,
KIE,StalePosition,SoftTargetTrim,0.03814976089896277,0.019074880449481385,0.019074880449481385,0.019074880449481385,0.0,Ineligible but long-term trend not hard-broken: target a 50% reduction before turnover control,2025-06-02,2023-01-01,,,
MCHI,StalePosition,SoftTargetTrim,0.03930658657562719,0.019653293287813595,0.019653293287813595,0.019653293287813595,0.0,Ineligible but long-term trend not hard-broken: target a 50% reduction before turnover control,2025-06-02,2023-01-01,,,
SCHP,StalePosition,SoftTargetTrim,0.03736625193629904,0.01868312596814952,0.01868312596814952,0.01868312596814952,0.0,Ineligible but long-term trend not hard-broken: target a 50% reduction before turnover control,2025-06-02,2023-01-01,,,
SUSB,StalePosition,SoftTargetTrim,0.03835328500631449,0.019176642503157246,0.019176642503157246,0.019176642503157246,0.0,Ineligible but long-term trend not hard-broken: target a 50% reduction before turnover control,2025-06-02,2023-01-01,,,
VGIT,StalePosition,SoftTargetTrim,0.039340318076329935,0.019670159038164967,0.019670159038164967,0.019670159038164967,0.0,Ineligible but long-term trend not hard-broken: target a 50% reduction before turnover control,2025-06-02,2023-01-01,,,
XLF,StalePosition,SoftTargetTrim,0.043754478096338034,0.021877239048169017,0.021877239048169017,0.021877239048169017,0.0,Ineligible but long-term trend not hard-broken: target a 50% reduction before turnover control,2025-06-02,2023-01-01,,,
XLU,StalePosition,SoftTargetTrim,0.026705358883855633,0.013352679441927817,0.013352679441927817,0.013352679441927817,0.0,Ineligible but long-term trend not hard-broken: target a 50% reduction before turnover control,2025-06-02,2023-01-01,,,
BNDX,StalePosition,SoftTargetTrim,0.03156976561907934,0.01578488280953967,0.01578488280953967,0.01578488280953967,0.0,Ineligible but long-term trend not hard-broken: target a 50% reduction before turnover control,2025-07-02,2023-01-01,,,
EBND,StalePosition,SoftTargetTrim,0.0578140319862942,0.0289070159931471,0.0289070159931471,0.0289070159931471,0.0,Ineligible but long-term trend not hard-broken: target a 50% reduction before turnover control,2025-07-02,2023-01-01,,,
EWS,StalePosition,SoftTargetTrim,0.05168948162928994,0.02584474081464497,0.02584474081464497,0.02584474081464497,0.0,Ineligible but long-term trend not hard-broken: target a 50% reduction before turnover control,2025-07-02,2023-01-01,,,
GLDM,StalePosition,SoftTargetTrim,0.08107129175083909,0.040535645875419545,0.040535645875419545,0.040535645875419545,0.0,Ineligible but long-term trend not hard-broken: target a 50% reduction before turnover control,2025-07-02,2023-01-01,,,
KIE,StalePosition,SoftTargetTrim,0.03310623612978109,0.016553118064890546,0.016553118064890546,0.016553118064890546,0.0,Ineligible but long-term trend not hard-broken: target a 50% reduction before turnover control,2025-07-02,2023-01-01,,,
MCHI,StalePosition,SoftTargetTrim,0.03411012561978541,0.017055062809892704,0.017055062809892704,0.017055062809892704,0.0,Ineligible but long-term trend not hard-broken: target a 50% reduction before turnover control,2025-07-02,2023-01-01,,,
SCHP,StalePosition,SoftTargetTrim,0.03242630964750397,0.016213154823751984,0.016213154823751984,0.016213154823751984,0.0,Ineligible but long-term trend not hard-broken: target a 50% reduction before turnover control,2025-07-02,2023-01-01,,,
SUSB,StalePosition,SoftTargetTrim,0.033282853675928606,0.016641426837964303,0.016641426837964303,0.016641426837964303,0.0,Ineligible but long-term trend not hard-broken: target a 50% reduction before turnover control,2025-07-02,2023-01-01,,,
VGIT,StalePosition,SoftTargetTrim,0.03413939770435324,0.01706969885217662,0.01706969885217662,0.01706969885217662,0.0,Ineligible but long-term trend not hard-broken: target a 50% reduction before turnover control,2025-07-02,2023-01-01,,,
XLF,StalePosition,SoftTargetTrim,0.03796999114697166,0.01898499557348583,0.01898499557348583,0.01898499557348583,0.0,Ineligible but long-term trend not hard-broken: target a 50% reduction before turnover control,2025-07-02,2023-01-01,,,
EBND,StalePosition,SoftTargetTrim,0.04389135662438032,0.02194567831219016,0.02194567831219016,0.02194567831219016,0.0,Ineligible but long-term trend not hard-broken: target a 50% reduction before turnover control,2025-08-01,2023-01-01,,,
ECH,StalePosition,SoftTargetTrim,0.04195562508761105,0.020977812543805523,0.020977812543805523,0.020977812543805523,0.0,Ineligible but long-term trend not hard-broken: target a 50% reduction before turnover control,2025-08-01,2023-01-01,,,
EIS,StalePosition,SoftTargetTrim,0.06416227713905215,0.032081138569526074,0.032081138569526074,0.032081138569526074,0.0,Ineligible but long-term trend not hard-broken: target a 50% reduction before turnover control,2025-08-01,2023-01-01,,,
EWW,StalePosition,SoftTargetTrim,0.04195562508761105,0.020977812543805523,0.020977812543805523,0.020977812543805523,0.0,Ineligible but long-term trend not hard-broken: target a 50% reduction before turnover control,2025-08-01,2023-01-01,,,
GLDM,StalePosition,SoftTargetTrim,0.06154784324813781,0.030773921624068903,0.030773921624068903,0.030773921624068903,0.0,Ineligible but long-term trend not hard-broken: target a 50% reduction before turnover control,2025-08-01,2023-01-01,,,
MCHI,StalePosition,SoftTargetTrim,0.025895784062169122,0.012947892031084561,0.012947892031084561,0.012947892031084561,0.0,Ineligible but long-term trend not hard-broken: target a 50% reduction before turnover control,2025-08-01,2023-01-01,,,
SUSB,StalePosition,SoftTargetTrim,0.025267734319473937,0.012633867159736968,0.012633867159736968,0.012633867159736968,0.0,Ineligible but long-term trend not hard-broken: target a 50% reduction before turnover control,2025-08-01,2023-01-01,,,
VGIT,StalePosition,SoftTargetTrim,0.02591800689387216,0.01295900344693608,0.01295900344693608,0.01295900344693608,0.0,Ineligible but long-term trend not hard-broken: target a 50% reduction before turnover control,2025-08-01,2023-01-01,,,
XLF,StalePosition,SoftTargetTrim,0.028826123437496656,0.014413061718748328,0.014413061718748328,0.014413061718748328,0.0,Ineligible but long-term trend not hard-broken: target a 50% reduction before turnover control,2025-08-01,2023-01-01,,,
EBND,StalePosition,SoftTargetTrim,0.037350861223903596,0.018675430611951798,0.018675430611951798,0.018675430611951798,0.0,Ineligible but long-term trend not hard-broken: target a 50% reduction before turnover control,2025-09-02,2023-01-01,,,
ECH,StalePosition,SoftTargetTrim,0.035703583819941064,0.017851791909970532,0.017851791909970532,0.017851791909970532,0.0,Ineligible but long-term trend not hard-broken: target a 50% reduction before turnover control,2025-09-02,2023-01-01,,,
EIS,StalePosition,SoftTargetTrim,0.0546010990213774,0.0273005495106887,0.0273005495106887,0.0273005495106887,0.0,Ineligible but long-term trend not hard-broken: target a 50% reduction before turnover control,2025-09-02,2023-01-01,,,
EPOL,StalePosition,SoftTargetTrim,0.06804622265062785,0.03402311132531392,0.03402311132531392,0.03402311132531392,0.0,Ineligible but long-term trend not hard-broken: target a 50% reduction before turnover control,2025-09-02,2023-01-01,,,
EWP,StalePosition,SoftTargetTrim,0.07792466469306036,0.03896233234653018,0.03896233234653018,0.03896233234653018,0.0,Ineligible but long-term trend not hard-broken: target a 50% reduction before turnover control,2025-09-02,2023-01-01,,,
EWS,StalePosition,SoftTargetTrim,0.06556141483173947,0.032780707415869734,0.032780707415869734,0.032780707415869734,0.0,Ineligible but long-term trend not hard-broken: target a 50% reduction before turnover control,2025-09-02,2023-01-01,,,
GDX,StalePosition,SoftTargetTrim,0.07792466469306036,0.03896233234653018,0.03896233234653018,0.03896233234653018,0.0,Ineligible but long-term trend not hard-broken: target a 50% reduction before turnover control,2025-09-02,2023-01-01,,,
GLDM,StalePosition,SoftTargetTrim,0.052376256479500505,0.026188128239750252,0.026188128239750252,0.026188128239750252,0.0,Ineligible but long-term trend not hard-broken: target a 50% reduction before turnover control,2025-09-02,2023-01-01,,,
UAE,StalePosition,SoftTargetTrim,0.08739652225681725,0.043698261128408626,0.043698261128408626,0.043698261128408626,0.0,Ineligible but long-term trend not hard-broken: target a 50% reduction before turnover control,2025-09-02,2023-01-01,,,
VGIT,StalePosition,SoftTargetTrim,0.022055820397118186,0.011027910198559093,0.011027910198559093,0.011027910198559093,0.0,Ineligible but long-term trend not hard-broken: target a 50% reduction before turnover control,2025-09-02,2023-01-01,,,
XLF,StalePosition,SoftTargetTrim,0.02453058230464877,0.012265291152324385,0.012265291152324385,0.012265291152324385,0.0,Ineligible but long-term trend not hard-broken: target a 50% reduction before turnover control,2025-09-02,2023-01-01,,,
EBND,StalePosition,SoftTargetTrim,0.035338604087942906,0.017669302043971453,0.017669302043971453,0.017669302043971453,0.0,Ineligible but long-term trend not hard-broken: target a 50% reduction before turnover control,2025-10-02,2023-01-01,,,
EIS,StalePosition,SoftTargetTrim,0.051659494797623974,0.025829747398811987,0.025829747398811987,0.025829747398811987,0.0,Ineligible but long-term trend not hard-broken: target a 50% reduction before turnover control,2025-10-02,2023-01-01,,,
EPOL,StalePosition,SoftTargetTrim,0.06438026977518876,0.03219013488759438,0.03219013488759438,0.03219013488759438,0.0,Ineligible but long-term trend not hard-broken: target a 50% reduction before turnover control,2025-10-02,2023-01-01,,,
EWH,StalePosition,SoftTargetTrim,0.06528029057933933,0.032640145289669666,0.032640145289669666,0.032640145289669666,0.0,Ineligible but long-term trend not hard-broken: target a 50% reduction before turnover control,2025-10-02,2023-01-01,,,
EWP,StalePosition,SoftTargetTrim,0.07372651617766271,0.036863258088831355,0.036863258088831355,0.036863258088831355,0.0,Ineligible but long-term trend not hard-broken: target a 50% reduction before turnover control,2025-10-02,2023-01-01,,,
EWS,StalePosition,SoftTargetTrim,0.062029329612927515,0.031014664806463758,0.031014664806463758,0.031014664806463758,0.0,Ineligible but long-term trend not hard-broken: target a 50% reduction before turnover control,2025-10-02,2023-01-01,,,
EWW,StalePosition,SoftTargetTrim,0.06129914606000078,0.03064957303000039,0.03064957303000039,0.03064957303000039,0.0,Ineligible but long-term trend not hard-broken: target a 50% reduction before turnover control,2025-10-02,2023-01-01,,,
GDX,StalePosition,SoftTargetTrim,0.07372651617766271,0.036863258088831355,0.036863258088831355,0.036863258088831355,0.0,Ineligible but long-term trend not hard-broken: target a 50% reduction before turnover control,2025-10-02,2023-01-01,,,
GLDM,StalePosition,SoftTargetTrim,0.04955451442584386,0.02477725721292193,0.02477725721292193,0.02477725721292193,0.0,Ineligible but long-term trend not hard-broken: target a 50% reduction before turnover control,2025-10-02,2023-01-01,,,
UAE,StalePosition,SoftTargetTrim,0.0826880826169602,0.0413440413084801,0.0413440413084801,0.0413440413084801,0.0,Ineligible but long-term trend not hard-broken: target a 50% reduction before turnover control,2025-10-02,2023-01-01,,,
AVDV,StalePosition,SoftTargetTrim,0.06088742897177936,0.03044371448588968,0.03044371448588968,0.03044371448588968,0.0,Ineligible but long-term trend not hard-broken: target a 50% reduction before turnover control,2025-10-31,2023-01-01,,,
EIS,StalePosition,SoftTargetTrim,0.04574810123080014,0.02287405061540007,0.02287405061540007,0.02287405061540007,0.0,Ineligible but long-term trend not hard-broken: target a 50% reduction before turnover control,2025-10-31,2023-01-01,,,
EPOL,StalePosition,SoftTargetTrim,0.057013238524295885,0.028506619262147943,0.028506619262147943,0.028506619262147943,0.0,Ineligible but long-term trend not hard-broken: target a 50% reduction before turnover control,2025-10-31,2023-01-01,,,
EWH,StalePosition,SoftTargetTrim,0.05781026999003914,0.02890513499501957,0.02890513499501957,0.02890513499501957,0.0,Ineligible but long-term trend not hard-broken: target a 50% reduction before turnover control,2025-10-31,2023-01-01,,,
EWP,StalePosition,SoftTargetTrim,0.06528999438928056,0.03264499719464028,0.03264499719464028,0.03264499719464028,0.0,Ineligible but long-term trend not hard-broken: target a 50% reduction before turnover control,2025-10-31,2023-01-01,,,
EWS,StalePosition,SoftTargetTrim,0.05493131633454137,0.027465658167270684,0.027465658167270684,0.027465658167270684,0.0,Ineligible but long-term trend not hard-broken: target a 50% reduction before turnover control,2025-10-31,2023-01-01,,,
EWW,StalePosition,SoftTargetTrim,0.0542846876513299,0.02714234382566495,0.02714234382566495,0.02714234382566495,0.0,Ineligible but long-term trend not hard-broken: target a 50% reduction before turnover control,2025-10-31,2023-01-01,,,
EZA,StalePosition,SoftTargetTrim,0.06190037256831766,0.03095018628415883,0.03095018628415883,0.03095018628415883,0.0,Ineligible but long-term trend not hard-broken: target a 50% reduction before turnover control,2025-10-31,2023-01-01,,,
GDX,StalePosition,SoftTargetTrim,0.06528999438928056,0.03264499719464028,0.03264499719464028,0.03264499719464028,0.0,Ineligible but long-term trend not hard-broken: target a 50% reduction before turnover control,2025-10-31,2023-01-01,,,
GLDM,StalePosition,SoftTargetTrim,0.043883993664237696,0.021941996832118848,0.021941996832118848,0.021941996832118848,0.0,Ineligible but long-term trend not hard-broken: target a 50% reduction before turnover control,2025-10-31,2023-01-01,,,
SLV,StalePosition,SoftTargetTrim,0.06245839208920073,0.031229196044600366,0.031229196044600366,0.031229196044600366,0.0,Ineligible but long-term trend not hard-broken: target a 50% reduction before turnover control,2025-10-31,2023-01-01,,,
SLVP,StalePosition,SoftTargetTrim,0.06245839208920073,0.031229196044600366,0.031229196044600366,0.031229196044600366,0.0,Ineligible but long-term trend not hard-broken: target a 50% reduction before turnover control,2025-10-31,2023-01-01,,,
UAE,StalePosition,SoftTargetTrim,0.0732260892012333,0.03661304460061665,0.03661304460061665,0.03661304460061665,0.0,Ineligible but long-term trend not hard-broken: target a 50% reduction before turnover control,2025-10-31,2023-01-01,,,
AVDV,StalePosition,SoftTargetTrim,0.05420426010609022,0.02710213005304511,0.02710213005304511,0.02710213005304511,0.0,Ineligible but long-term trend not hard-broken: target a 50% reduction before turnover control,2025-12-02,2023-01-01,,,
EPOL,StalePosition,SoftTargetTrim,0.050755311279342165,0.025377655639671082,0.025377655639671082,0.025377655639671082,0.0,Ineligible but long-term trend not hard-broken: target a 50% reduction before turnover control,2025-12-02,2023-01-01,,,
EWH,StalePosition,SoftTargetTrim,0.051464858415942547,0.025732429207971273,0.025732429207971273,0.025732429207971273,0.0,Ineligible but long-term trend not hard-broken: target a 50% reduction before turnover control,2025-12-02,2023-01-01,,,
EWS,StalePosition,SoftTargetTrim,0.04890190649940968,0.02445095324970484,0.02445095324970484,0.02445095324970484,0.0,Ineligible but long-term trend not hard-broken: target a 50% reduction before turnover control,2025-12-02,2023-01-01,,,
EWW,StalePosition,SoftTargetTrim,0.04832625352918658,0.02416312676459329,0.02416312676459329,0.02416312676459329,0.0,Ineligible but long-term trend not hard-broken: target a 50% reduction before turnover control,2025-12-02,2023-01-01,,,
SLVP,StalePosition,SoftTargetTrim,0.05560279006328795,0.027801395031643975,0.027801395031643975,0.027801395031643975,0.0,Ineligible but long-term trend not hard-broken: target a 50% reduction before turnover control,2025-12-02,2023-01-01,,,
XAR,StalePosition,SoftTargetTrim,0.08384897948478613,0.041924489742393066,0.041924489742393066,0.041924489742393066,0.0,Ineligible but long-term trend not hard-broken: target a 50% reduction before turnover control,2025-12-02,2023-01-01,,,
UAE,StalePosition,HardExit,0.03300931732009755,0.0,0.03300931732009755,0.0,0.03300931732009755,Ineligible and below SMA126 -> hard exit after turnover cap,2025-12-02,2023-01-01,False,-0.03489570036473921,0.031144057878992992
EPOL,StalePosition,SoftTargetTrim,0.040563722152218686,0.020281861076109343,0.020281861076109343,0.020281861076109343,0.0,Ineligible but long-term trend not hard-broken: target a 50% reduction before turnover control,2026-01-02,2023-01-01,,,
EWH,StalePosition,SoftTargetTrim,0.04113079330551245,0.020565396652756224,0.020565396652756224,0.020565396652756224,0.0,Ineligible but long-term trend not hard-broken: target a 50% reduction before turnover control,2026-01-02,2023-01-01,,,
EWS,StalePosition,SoftTargetTrim,0.03908247822653372,0.01954123911326686,0.01954123911326686,0.01954123911326686,0.0,Ineligible but long-term trend not hard-broken: target a 50% reduction before turnover control,2026-01-02,2023-01-01,,,
EWW,StalePosition,SoftTargetTrim,0.03862241549513377,0.019311207747566884,0.019311207747566884,0.019311207747566884,0.0,Ineligible but long-term trend not hard-broken: target a 50% reduction before turnover control,2026-01-02,2023-01-01,,,
GDX,StalePosition,SoftTargetTrim,0.07565062867989274,0.03782531433994637,0.03782531433994637,0.03782531433994637,0.0,Ineligible but long-term trend not hard-broken: target a 50% reduction before turnover control,2026-01-02,2023-01-01,,,
SLV,StalePosition,SoftTargetTrim,0.07429619225277924,0.03714809612638962,0.03714809612638962,0.03714809612638962,0.0,Ineligible but long-term trend not hard-broken: target a 50% reduction before turnover control,2026-01-02,2023-01-01,,,
SLVP,StalePosition,SoftTargetTrim,0.044437834586453374,0.022218917293226687,0.022218917293226687,0.022218917293226687,0.0,Ineligible but long-term trend not hard-broken: target a 50% reduction before turnover control,2026-01-02,2023-01-01,,,
TAN,StalePosition,SoftTargetTrim,0.035028674889582716,0.017514337444791358,0.017514337444791358,0.017514337444791358,0.0,Ineligible but long-term trend not hard-broken: target a 50% reduction before turnover control,2026-01-02,2023-01-01,,,
XAR,StalePosition,SoftTargetTrim,0.06701223223415197,0.03350611611707598,0.03350611611707598,0.03350611611707598,0.0,Ineligible but long-term trend not hard-broken: target a 50% reduction before turnover control,2026-01-02,2023-01-01,,,
EPOL,StalePosition,SoftTargetTrim,0.033205355670909854,0.016602677835454927,0.016602677835454927,0.016602677835454927,0.0,Ineligible but long-term trend not hard-broken: target a 50% reduction before turnover control,2026-02-02,2023-01-01,,,
EWH,StalePosition,SoftTargetTrim,0.03366955861720684,0.01683477930860342,0.01683477930860342,0.01683477930860342,0.0,Ineligible but long-term trend not hard-broken: target a 50% reduction before turnover control,2026-02-02,2023-01-01,,,
EWS,StalePosition,SoftTargetTrim,0.03199281331093676,0.01599640665546838,0.01599640665546838,0.01599640665546838,0.0,Ineligible but long-term trend not hard-broken: target a 50% reduction before turnover control,2026-02-02,2023-01-01,,,
GDX,StalePosition,SoftTargetTrim,0.061927404556644576,0.030963702278322288,0.030963702278322288,0.030963702278322288,0.0,Ineligible but long-term trend not hard-broken: target a 50% reduction before turnover control,2026-02-02,2023-01-01,,,
SLV,StalePosition,SoftTargetTrim,0.060818666479621725,0.030409333239810862,0.030409333239810862,0.030409333239810862,0.0,Ineligible but long-term trend not hard-broken: target a 50% reduction before turnover control,2026-02-02,2023-01-01,,,
SLVP,StalePosition,SoftTargetTrim,0.03637669386332524,0.01818834693166262,0.01818834693166262,0.01818834693166262,0.0,Ineligible but long-term trend not hard-broken: target a 50% reduction before turnover control,2026-02-02,2023-01-01,,,
XAR,StalePosition,SoftTargetTrim,0.054856036072984435,0.027428018036492217,0.027428018036492217,0.027428018036492217,0.0,Ineligible but long-term trend not hard-broken: target a 50% reduction before turnover control,2026-02-02,2023-01-01,,,
EPOL,StalePosition,SoftTargetTrim,0.02773016236888577,0.013865081184442884,0.013865081184442884,0.013865081184442884,0.0,Ineligible but long-term trend not hard-broken: target a 50% reduction before turnover control,2026-03-02,2023-01-01,,,
EWH,StalePosition,SoftTargetTrim,0.028117823419726667,0.014058911709863333,0.014058911709863333,0.014058911709863333,0.0,Ineligible but long-term trend not hard-broken: target a 50% reduction before turnover control,2026-03-02,2023-01-01,,,
EWP,StalePosition,SoftTargetTrim,0.10512353911803689,0.052561769559018444,0.052561769559018444,0.052561769559018444,0.0,Ineligible but long-term trend not hard-broken: target a 50% reduction before turnover control,2026-03-02,2023-01-01,,,
GDX,StalePosition,SoftTargetTrim,0.05171626530547493,0.025858132652737464,0.025858132652737464,0.025858132652737464,0.0,Ineligible but long-term trend not hard-broken: target a 50% reduction before turnover control,2026-03-02,2023-01-01,,,
SLV,StalePosition,SoftTargetTrim,0.05079034578799947,0.025395172893999736,0.025395172893999736,0.025395172893999736,0.0,Ineligible but long-term trend not hard-broken: target a 50% reduction before turnover control,2026-03-02,2023-01-01,,,
SLVP,StalePosition,SoftTargetTrim,0.030378582216391583,0.015189291108195791,0.015189291108195791,0.015189291108195791,0.0,Ineligible but long-term trend not hard-broken: target a 50% reduction before turnover control,2026-03-02,2023-01-01,,,
XBI,StalePosition,SoftTargetTrim,0.09629471841274162,0.04814735920637081,0.04814735920637081,0.04814735920637081,0.0,Ineligible but long-term trend not hard-broken: target a 50% reduction before turnover control,2026-03-02,2023-01-01,,,
AVDV,StalePosition,SoftTargetTrim,0.10299525011010158,0.05149762505505079,0.05149762505505079,0.05149762505505079,0.0,Ineligible but long-term trend not hard-broken: target a 50% reduction before turnover control,2026-04-02,2023-01-01,,,
EIS,StalePosition,SoftTargetTrim,0.10528342662817072,0.05264171331408536,0.05264171331408536,0.05264171331408536,0.0,Ineligible but long-term trend not hard-broken: target a 50% reduction before turnover control,2026-04-02,2023-01-01,,,
EWP,StalePosition,SoftTargetTrim,0.07946900184242978,0.03973450092121489,0.03973450092121489,0.03973450092121489,0.0,Ineligible but long-term trend not hard-broken: target a 50% reduction before turnover control,2026-04-02,2023-01-01,,,
EWW,StalePosition,SoftTargetTrim,0.03028081623363686,0.01514040811681843,0.01514040811681843,0.01514040811681843,0.0,Ineligible but long-term trend not hard-broken: target a 50% reduction before turnover control,2026-04-02,2023-01-01,,,
EWY,StalePosition,SoftTargetTrim,0.10714679765972492,0.05357339882986246,0.05357339882986246,0.05357339882986246,0.0,Ineligible but long-term trend not hard-broken: target a 50% reduction before turnover control,2026-04-02,2023-01-01,,,
GDX,StalePosition,SoftTargetTrim,0.039095335044130146,0.019547667522065073,0.019547667522065073,0.019547667522065073,0.0,Ineligible but long-term trend not hard-broken: target a 50% reduction before turnover control,2026-04-02,2023-01-01,,,
GLDM,StalePosition,SoftTargetTrim,0.09035579085041857,0.04517789542520929,0.04517789542520929,0.04517789542520929,0.0,Ineligible but long-term trend not hard-broken: target a 50% reduction before turnover control,2026-04-02,2023-01-01,,,
SLV,StalePosition,SoftTargetTrim,0.03839537858853957,0.019197689294269786,0.019197689294269786,0.019197689294269786,0.0,Ineligible but long-term trend not hard-broken: target a 50% reduction before turnover control,2026-04-02,2023-01-01,,,
SLVP,StalePosition,SoftTargetTrim,0.022964938456020937,0.011482469228010469,0.011482469228010469,0.011482469228010469,0.0,Ineligible but long-term trend not hard-broken: target a 50% reduction before turnover control,2026-04-02,2023-01-01,,,
VPL,StalePosition,SoftTargetTrim,0.061121384452285876,0.030560692226142938,0.030560692226142938,0.030560692226142938,0.0,Ineligible but long-term trend not hard-broken: target a 50% reduction before turnover control,2026-04-02,2023-01-01,,,
XAR,StalePosition,SoftTargetTrim,0.07811915310571496,0.03905957655285748,0.03905957655285748,0.03905957655285748,0.0,Ineligible but long-term trend not hard-broken: target a 50% reduction before turnover control,2026-04-02,2023-01-01,,,
XLE,StalePosition,SoftTargetTrim,0.06112138445228589,0.030560692226142945,0.030560692226142945,0.030560692226142945,0.0,Ineligible but long-term trend not hard-broken: target a 50% reduction before turnover control,2026-04-02,2023-01-01,,,
AVDV,StalePosition,SoftTargetTrim,0.0879767167998211,0.04398835839991055,0.04398835839991055,0.04398835839991055,0.0,Ineligible but long-term trend not hard-broken: target a 50% reduction before turnover control,2026-05-01,2023-01-01,,,
EWP,StalePosition,SoftTargetTrim,0.06788101259021263,0.03394050629510632,0.03394050629510632,0.03394050629510632,0.0,Ineligible but long-term trend not hard-broken: target a 50% reduction before turnover control,2026-05-01,2023-01-01,,,
EWW,StalePosition,SoftTargetTrim,0.02586533642479901,0.012932668212399506,0.012932668212399506,0.012932668212399506,0.0,Ineligible but long-term trend not hard-broken: target a 50% reduction before turnover control,2026-05-01,2023-01-01,,,
EWY,StalePosition,SoftTargetTrim,0.09152289512031415,0.04576144756015708,0.04576144756015708,0.04576144756015708,0.0,Ineligible but long-term trend not hard-broken: target a 50% reduction before turnover control,2026-05-01,2023-01-01,,,
SLV,StalePosition,SoftTargetTrim,0.03279665173777332,0.01639832586888666,0.01639832586888666,0.01639832586888666,0.0,Ineligible but long-term trend not hard-broken: target a 50% reduction before turnover control,2026-05-01,2023-01-01,,,
VPL,StalePosition,SoftTargetTrim,0.052208803072214205,0.026104401536107102,0.026104401536107102,0.026104401536107102,0.0,Ineligible but long-term trend not hard-broken: target a 50% reduction before turnover control,2026-05-01,2023-01-01,,,
XBI,StalePosition,SoftTargetTrim,0.05242103354614898,0.02621051677307449,0.02621051677307449,0.02621051677307449,0.0,Ineligible but long-term trend not hard-broken: target a 50% reduction before turnover control,2026-05-01,2023-01-01,,,
XLE,StalePosition,SoftTargetTrim,0.05220880307221422,0.02610440153610711,0.02610440153610711,0.02610440153610711,0.0,Ineligible but long-term trend not hard-broken: target a 50% reduction before turnover control,2026-05-01,2023-01-01,,,
GDX,StalePosition,HardExit,0.022585662277742773,0.0,0.022585662277742773,0.0,0.022585662277742773,Ineligible and below SMA126 -> hard exit after turnover cap,2026-05-01,2023-01-01,False,-0.0751672326949876,0.20360293995954093
GLDM,StalePosition,HardExit,0.052199204193604076,0.0,0.052199204193604076,0.0,0.052199204193604076,Ineligible and below SMA126 -> hard exit after turnover cap,2026-05-01,2023-01-01,False,-0.008479169446790391,0.14542260744028446
XAR,StalePosition,HardExit,0.045130008669253374,0.0,0.045130008669253374,0.0,0.045130008669253374,Ineligible and below SMA126 -> hard exit after turnover cap,2026-05-01,2023-01-01,False,-0.05079545603479563,0.036440131382207364
AVDV,StalePosition,SoftTargetTrim,0.07717920703675667,0.03858960351837833,0.03858960351837833,0.03858960351837833,0.0,Ineligible but long-term trend not hard-broken: target a 50% reduction before turnover control,2026-06-02,2023-01-01,,,
DIV,StalePosition,SoftTargetTrim,0.030873829868999638,0.015436914934499819,0.015436914934499819,0.015436914934499819,0.0,Ineligible but long-term trend not hard-broken: target a 50% reduction before turnover control,2026-06-02,2023-01-01,,,
EWP,StalePosition,SoftTargetTrim,0.059549877685084976,0.029774938842542488,0.029774938842542488,0.029774938842542488,0.0,Ineligible but long-term trend not hard-broken: target a 50% reduction before turnover control,2026-06-02,2023-01-01,,,
EWY,StalePosition,SoftTargetTrim,0.08029015776033663,0.040145078880168314,0.040145078880168314,0.040145078880168314,0.0,Ineligible but long-term trend not hard-broken: target a 50% reduction before turnover control,2026-06-02,2023-01-01,,,
MLPA,StalePosition,SoftTargetTrim,0.029305327840068906,0.014652663920034453,0.014652663920034453,0.014652663920034453,0.0,Ineligible but long-term trend not hard-broken: target a 50% reduction before turnover control,2026-06-02,2023-01-01,,,
TUR,StalePosition,SoftTargetTrim,0.02936252370349168,0.01468126185174584,0.01468126185174584,0.01468126185174584,0.0,Ineligible but long-term trend not hard-broken: target a 50% reduction before turnover control,2026-06-02,2023-01-01,,,
VPL,StalePosition,SoftTargetTrim,0.04580114112032732,0.02290057056016366,0.02290057056016366,0.02290057056016366,0.0,Ineligible but long-term trend not hard-broken: target a 50% reduction before turnover control,2026-06-02,2023-01-01,,,
XBI,StalePosition,SoftTargetTrim,0.0459873242410795,0.02299366212053975,0.02299366212053975,0.02299366212053975,0.0,Ineligible but long-term trend not hard-broken: target a 50% reduction before turnover control,2026-06-02,2023-01-01,,,
XLE,StalePosition,SoftTargetTrim,0.04580114112032734,0.02290057056016367,0.02290057056016367,0.02290057056016367,0.0,Ineligible but long-term trend not hard-broken: target a 50% reduction before turnover control,2026-06-02,2023-01-01,,,
XOP,StalePosition,SoftTargetTrim,0.031244058106493597,0.015622029053246798,0.015622029053246798,0.015622029053246798,0.0,Ineligible but long-term trend not hard-broken: target a 50% reduction before turnover control,2026-06-02,2023-01-01,,,
SLV,StalePosition,HardExit,0.017223400981281382,0.0,0.017223400981281382,0.0,0.017223400981281382,Ineligible and below SMA126 -> hard exit after turnover cap,2026-06-02,2023-01-01,False,-0.09755772274207852,0.2945544034876131
AVDV,StalePosition,SoftTargetTrim,0.06946418458725463,0.034732092293627316,0.034732092293627316,0.034732092293627316,0.0,Ineligible but long-term trend not hard-broken: target a 50% reduction before turnover control,2026-07-02,2023-01-01,,,
EWP,StalePosition,SoftTargetTrim,0.05359712614947088,0.02679856307473544,0.02679856307473544,0.02679856307473544,0.0,Ineligible but long-term trend not hard-broken: target a 50% reduction before turnover control,2026-07-02,2023-01-01,,,
EWY,StalePosition,SoftTargetTrim,0.07226415706172816,0.03613207853086408,0.03613207853086408,0.03613207853086408,0.0,Ineligible but long-term trend not hard-broken: target a 50% reduction before turnover control,2026-07-02,2023-01-01,,,
SMH,StalePosition,SoftTargetTrim,0.036454434648145205,0.018227217324072603,0.018227217324072603,0.018227217324072603,0.0,Ineligible but long-term trend not hard-broken: target a 50% reduction before turnover control,2026-07-02,2023-01-01,,,
VPL,StalePosition,SoftTargetTrim,0.04122274694496543,0.020611373472482715,0.020611373472482715,0.020611373472482715,0.0,Ineligible but long-term trend not hard-broken: target a 50% reduction before turnover control,2026-07-02,2023-01-01,,,
EIS,StalePosition,HardExit,0.06935936527664073,0.0,0.06935936527664073,0.0,0.06935936527664073,Ineligible and below SMA126 -> hard exit after turnover cap,2026-07-02,2023-01-01,False,0.02842571407656913,0.10151747515482179
OIH,StalePosition,HardExit,0.05610579013254112,0.0,0.05610579013254112,0.0,0.05610579013254112,Ineligible and below SMA126 -> hard exit after turnover cap,2026-07-02,2023-01-01,False,-0.09885974914481188,0.262773536456649
TAN,StalePosition,HardExit,0.025509338287889274,0.0,0.025509338287889274,0.0,0.025509338287889274,Ineligible and below SMA126 -> hard exit after turnover cap,2026-07-02,2023-01-01,False,0.026800387631672695,0.14657982327979457
XLE,StalePosition,HardExit,0.02884601028996293,0.0,0.02884601028996293,0.0,0.02884601028996293,Ineligible and below SMA126 -> hard exit after turnover cap,2026-07-02,2023-01-01,False,-0.09529434262935854,0.20675560820766137
XOP,StalePosition,HardExit,0.019677815870838996,0.0,0.019677815870838996,0.0,0.019677815870838996,Ineligible and below SMA126 -> hard exit after turnover cap,2026-07-02,2023-01-01,False,-0.12560245675438908,0.2357237720661305
AVDV,StalePosition,SoftTargetTrim,0.05903620509405475,0.029518102547027376,0.029518102547027376,0.029518102547027376,0.0,Ineligible but long-term trend not hard-broken: target a 50% reduction before turnover control,2026-07-31,2023-01-01,,,
DIV,StalePosition,SoftTargetTrim,0.04849778127119087,0.024248890635595436,0.024248890635595436,0.024248890635595436,0.0,Ineligible but long-term trend not hard-broken: target a 50% reduction before turnover control,2026-07-31,2023-01-01,,,
EWP,StalePosition,SoftTargetTrim,0.04555111314720096,0.02277555657360048,0.02277555657360048,0.02277555657360048,0.0,Ineligible but long-term trend not hard-broken: target a 50% reduction before turnover control,2026-07-31,2023-01-01,,,
EWT,StalePosition,SoftTargetTrim,0.07135745514453014,0.03567872757226507,0.03567872757226507,0.03567872757226507,0.0,Ineligible but long-term trend not hard-broken: target a 50% reduction before turnover control,2026-07-31,2023-01-01,,,
SMH,StalePosition,SoftTargetTrim,0.03098188646801724,0.01549094323400862,0.01549094323400862,0.01549094323400862,0.0,Ineligible but long-term trend not hard-broken: target a 50% reduction before turnover control,2026-07-31,2023-01-01,,,
VPL,StalePosition,SoftTargetTrim,0.035034378617464175,0.017517189308732087,0.017517189308732087,0.017517189308732087,0.0,Ineligible but long-term trend not hard-broken: target a 50% reduction before turnover control,2026-07-31,2023-01-01,,,
EWY,StalePosition,HardExit,0.04203809646660596,0.0,0.04203809646660596,0.0,0.04203809646660596,Ineligible and below SMA126 -> hard exit after turnover cap,2026-07-31,2023-01-01,False,-0.030246875904224257,0.28339189121472264
AVDV,StalePosition,SoftTargetTrim,0.0510979953253806,0.0255489976626903,0.0255489976626903,0.0255489976626903,0.0,Ineligible but long-term trend not hard-broken: target a 50% reduction before turnover control,2026-09-02,2023-01-01,,,
DIV,StalePosition,SoftTargetTrim,0.04197660396257759,0.020988301981288794,0.020988301981288794,0.020988301981288794,0.0,Ineligible but long-term trend not hard-broken: target a 50% reduction before turnover control,2026-09-02,2023-01-01,,,
JETS,StalePosition,SoftTargetTrim,0.041949801826102806,0.020974900913051403,0.020974900913051403,0.020974900913051403,0.0,Ineligible but long-term trend not hard-broken: target a 50% reduction before turnover control,2026-09-02,2023-01-01,,,
SMH,StalePosition,SoftTargetTrim,0.026815956198269337,0.013407978099134668,0.013407978099134668,0.013407978099134668,0.0,Ineligible but long-term trend not hard-broken: target a 50% reduction before turnover control,2026-09-02,2023-01-01,,,
SPYD,StalePosition,SoftTargetTrim,0.0528594305438267,0.02642971527191335,0.02642971527191335,0.02642971527191335,0.0,Ineligible but long-term trend not hard-broken: target a 50% reduction before turnover control,2026-09-02,2023-01-01,,,
THD,StalePosition,SoftTargetTrim,0.05921148876208152,0.02960574438104076,0.02960574438104076,0.02960574438104076,0.0,Ineligible but long-term trend not hard-broken: target a 50% reduction before turnover control,2026-09-02,2023-01-01,,,
VPL,StalePosition,SoftTargetTrim,0.03032353641245615,0.015161768206228075,0.015161768206228075,0.015161768206228075,0.0,Ineligible but long-term trend not hard-broken: target a 50% reduction before turnover control,2026-09-02,2023-01-01,,,
VTV,StalePosition,SoftTargetTrim,0.05514233118761092,0.02757116559380546,0.02757116559380546,0.02757116559380546,0.0,Ineligible but long-term trend not hard-broken: target a 50% reduction before turnover control,2026-09-02,2023-01-01,,,
XOP,StalePosition,SoftTargetTrim,0.03325848923199753,0.016629244615998764,0.016629244615998764,0.016629244615998764,0.0,Ineligible but long-term trend not hard-broken: target a 50% reduction before turnover control,2026-09-02,2023-01-01,,,
