Date,StartWindow,SignalBreadth,CashWeight,BreadthCashWeight,VolCashWeight,ActiveSleeveVol,RiskWeight,EligibleAssets,EligibleCount
2023-11-02,2023-01-01,0.4216994382022472,0.380500936329588,0.380500936329588,0.0,0.09166955041375398,0.6194990636704121,"URA,MLPA,XOP,SMIN,BKLN,OIH,SHYG,XLC,IXC,USHY",10
2023-12-01,2023-01-01,0.9073033707865168,0.0,0.0,0.0,0.14743939652454194,1.0,"URA,BLOK,EPOL,SMIN,ARKW,KIE,IGV,MLPA,XME,KBE,XAR,EWP,DVYE,XHB,INDA",15
2024-01-02,2023-01-01,0.9557584269662922,0.0,0.0,0.0,0.17124698772022273,1.0,"BLOK,KBE,URA,ARKF,EPOL,XHB,SMIN,CIBR,EWD,XME,XLF,DVYE,XAR,XRT,KIE",15
2024-02-02,2023-01-01,0.8925561797752809,0.0,0.0,0.0,0.12662725304249964,1.0,"URA,CIBR,SMH,ARKF,SMIN,FDN,XLC,XHB,KCE,JMOM,BLOK,JEPQ,EWD,XBI,EPOL",15
2024-03-01,2023-01-01,0.8978230337078652,0.0,0.0,0.0,0.16149818194735058,1.0,"BLOK,SMH,ARKF,XBI,XHB,JMOM,CIBR,EWD,KCE,EPOL,XLC,XRT,INDA,EIS,EWN",15
2024-04-02,2023-01-01,0.9083567415730338,0.0,0.0,0.0,0.13052115082479432,1.0,"BLOK,SMH,ARKF,XHB,EPOL,JMOM,EWN,XLF,EWI,XLI,KIE,XLC,FDN,KCE,GLDM",15
2024-05-02,2023-01-01,0.8061797752808989,0.0,0.0,0.0,0.10036200537138482,1.0,"SLVP,JETS,KCE,PHO,EWI,KBE,GLDM,EWT,INDA,TUR,HEFA,AVEM,XAR,SLV,AVDV",15
2024-05-31,2023-01-01,0.8620084269662922,0.0,0.0,0.0,0.11080835060675628,1.0,"SMH,SLVP,TUR,KCE,XLU,EWN,EWI,SLV,HEFA,EWU,XLC,AVDV,JMOM,XME,DVYE",15
2024-07-02,2023-01-01,0.7914325842696629,0.0,0.0,0.0,0.1369738625567479,1.0,"SMH,TUR,TMFC,TDIV,EWT,SMIN,SLV,XLC,EWN,HEFA,FNDE,EWM,AVUS,BLOK,EWS",15
2024-08-02,2023-01-01,0.7092696629213484,0.0,0.0,0.0,0.07990735906788661,1.0,"GDX,XLU,EWM,SPYD,SMIN,KIE,USMV,KCE,EWL,EZA,KBE,EWU,XLP,XLV,PHO",15
2024-08-30,2023-01-01,0.9231039325842697,0.0,0.0,0.0,0.09273187620929922,1.0,"GDX,KBE,EWM,EZA,XLU,SPYD,GLDM,KIE,USMV,EWL,EWS,SMIN,XLF,EWU,XLP",15
2024-10-02,2023-01-01,0.9389044943820224,0.0,0.0,0.0,0.13575721987484196,1.0,"MCHI,XLU,EZA,EWM,THD,VNQ,EWS,XHB,KIE,GDX,VNQI,FNDE,XAR,GLDM,KCE",15
2024-11-01,2023-01-01,0.7903792134831461,0.0,0.0,0.0,0.12968649308114155,1.0,"KCE,EZA,GLDM,BLOK,GDXJ,JETS,XLF,XLC,TMFC,KBE,ARKQ,EIS,XLY,EWH,XLI",15
2024-12-02,2023-01-01,0.8125,0.0,0.0,0.0,0.1238793913572026,1.0,"ARKF,ARKQ,KCE,IGV,WCLD,JETS,XLY,VBK,XLC,EIS,KIE,XAR,EWS,SPYD,VUG",15
2025-01-02,2023-01-01,0.5481039325842696,0.16982677902621734,0.16982677902621734,0.0,0.08402313735212733,0.8301732209737827,"ARKW,JETS,ARKQ,EIS,FDN,UAE,XLC,XYLD,RYLD,BKLN,MLPA,SHYG,BNDX,KSA,PBW",15
2025-01-31,2023-01-01,0.7756320224719101,0.0,0.0,0.0,0.1037779572258527,1.0,"ARKW,ARKQ,JETS,EIS,FDN,XLY,XLC,KCE,EWS,UAE,XYLD,MLPA,XAR,IHI,QQQJ",15
2025-02-28,2023-01-01,0.7029494382022472,0.0,0.0,0.0,0.084028293127958,1.0,"MCHI,UAE,EWS,XLC,MLPA,EWG,GLDM,XLF,ECH,EPOL,EWP,XYLD,HEFA,IHI,BKLN",15
2025-04-02,2023-01-01,0.35287921348314605,0.4952013108614232,0.4952013108614232,0.0,0.10543929144522811,0.5047986891385767,"EPOL,GLDM,EWP,GDX,EWI,MLPA,ECH,EWS,SLV,KIE,EFAV,EWU,USMV,DIV,MCHI",15
2025-05-02,2023-01-01,0.43609550561797755,0.35650749063670406,0.35650749063670406,0.0,0.1063772790387297,0.6434925093632959,"EPOL,EWP,ECH,GLDM,EWS,GDX,UAE,EWW,EBND,MCHI,VGIT,SUSB,SCHP,BNDX,EZA",15
2025-06-02,2023-01-01,0.6885533707865169,0.13571570393891208,0.0,0.13571570393891208,0.20826480455602023,0.8642842960610879,"GDX,EPOL,EWP,GLDM,EWW,ECH,EZA,UAE,EIS,XAR,EWD,VNQI,EBND,EWH,BBJP",15
2025-07-02,2023-01-01,0.9536516853932584,0.2765787660261906,0.0,0.2765787660261906,0.2488176895378726,0.7234212339738094,"GDX,EPOL,EWP,EWY,EWW,EZA,EIS,XAR,ECH,EWH,EWN,XME,ICLN,SLV,UAE",15
2025-08-01,2023-01-01,0.8841292134831461,0.0,0.0,0.0,0.10776352090919857,1.0,"URA,EWP,ARKW,EWY,EPOL,EWH,XME,XAR,GDX,SMH,ICLN,EZA,UAE,EWS,AVEM",15
2025-09-02,2023-01-01,0.9367977528089888,0.0,0.0,0.0,0.11802609103456055,1.0,"SLVP,URA,PBW,XME,ARKW,XAR,AVDV,SLV,EWH,ICLN,EZA,EWW,AVEM,LIT,KCE",15
2025-10-02,2023-01-01,0.9705056179775281,0.0,0.0,0.0,0.15041692469865728,1.0,"PBW,URA,XME,SLVP,ARKK,BLOK,LIT,SMH,EWY,SLV,XAR,EZA,AVDV,TAN,EWT",15
2025-10-31,2023-01-01,0.9220505617977528,0.22841118676276306,0.0,0.22841118676276306,0.2332848751977126,0.7715888132372369,"PBW,LIT,EWY,ARKQ,TAN,XME,ARKK,SMH,BLOK,GDXJ,XBI,XAR,PICK,ARKG,KOMP",15
2025-12-02,2023-01-01,0.9030898876404494,0.09673592911593898,0.0,0.09673592911593898,0.19927727206488655,0.903264070884061,"SLV,LIT,EWY,XBI,SMH,GDX,XME,QCLN,TAN,PICK,GLDM,OIH,EZA,EIS,EWP",15
2026-01-02,2023-01-01,0.8978230337078652,0.0,0.0,0.0,0.1739690256078431,1.0,"LIT,XBI,EWY,ECH,XME,PICK,EZA,EWP,GLDM,SMH,OIH,QCLN,AVDV,EIS,XLV",15
2026-02-02,2023-01-01,0.9104634831460674,0.0,0.0,0.0,0.1499726436429166,1.0,"EWY,LIT,ECH,PICK,XME,OIH,XBI,EZA,EIS,TAN,EWP,GLDM,AVDV,SMH,EWW",15
2026-03-02,2023-01-01,0.876755617977528,0.0,0.0,0.0,0.16500054939620337,1.0,"EWY,PICK,OIH,LIT,GLDM,XME,EZA,EIS,SMH,EWT,AVDV,VPL,XAR,XLE,EWW",15
2026-04-02,2023-01-01,0.34866573033707865,0.5,0.5,0.0,0.13592156437774608,0.5,"OIH,IXC,GNR,MLPA,LIT,DVYE,XBI,DIV,THD,AVUV,EFAV,XLU,SHYG,ICVT,EWS",15
2026-05-01,2023-01-01,0.8567415730337078,0.0,0.0,0.0,0.1484985824621304,1.0,"OIH,XOP,EWT,LIT,SMH,GNR,EIS,QCLN,MLPA,AVUV,PICK,DIV,TUR,THD,XLB",15
2026-06-02,2023-01-01,0.8620084269662922,0.09013368003889966,0.0,0.09013368003889966,0.1978312594400632,0.9098663199611003,"SMH,EWT,QTEC,QCLN,OIH,TAN,LIT,CIBR,PICK,QQQJ,EIS,GNR,AVUV,ARKQ,THD",15
2026-07-02,2023-01-01,0.8514747191011236,0.0,0.0,0.0,0.14591027777993604,1.0,"EWT,CIBR,QQQJ,XBI,AVUV,VTV,EWN,THD,JETS,RYLD,SPYD,DSI,KBE,EWI,DIV",15
2026-07-31,2023-01-01,0.7471910112359551,0.0,0.0,0.0,0.08885390843350052,1.0,"CIBR,XBI,EWS,WCLD,JETS,JQUA,THD,AVUV,XOP,KIE,VTV,EPOL,RYLD,SPYD,EWI",15
2026-09-02,2023-01-01,0.8304073033707865,0.0,0.0,0.0,0.1118114577266168,1.0,"XBI,WCLD,EWT,CIBR,EWS,EPOL,EWP,KIE,XLF,KCE,QQQJ,XLV,PKW,AVUV,RYLD",15
