Date,StartWindow,Turnover,TurnoverBeforePrune,ExtraTurnoverFromPrune,SignalBreadth,CashWeight,BreadthCashWeight,VolCashWeight,ActiveSleeveVol,EligibleAssets,EligibleCount
2020-10-02,2020-01-01,,,0.0,0.8463983050847458,0.2332984545995347,0.0,0.2332984545995347,0.23477192798141808,"TAN,ARKW,XHB,ARKG,LIT,REM,SMIN,BLOK,SCZ,RYLD,SMH,EWY,PFFD,IHI,EWT",15
2020-11-02,2020-01-01,0.1886201052303123,0.2,0.0,0.6906779661016949,0.14926680866004238,0.0,0.14926680866004238,0.2115821997217351,"TAN,QCLN,LIT,ARKF,ARKG,BOTZ,PAVE,XSOE,EWY,BBJP,RYLD,XLU,REM,USHY,BNDX",15
2020-12-02,2020-01-01,0.20336902323883235,0.20000000000000007,0.003369023238832286,0.9671610169491525,0.35229696278046385,0.0,0.35229696278046385,0.2779051350024622,"QCLN,ARKG,LIT,ARKW,BLOK,ARKQ,EWY,SMIN,BOTZ,XRT,PICK,XBI,XSOE,EWW,RYLD",15
2020-12-31,2020-01-01,0.22127208318266117,0.19999999999999998,0.02127208318266119,0.9798728813559322,0.10294109165506993,0.0,0.10294109165506993,0.20065571873323151,"QCLN,LIT,BLOK,ARKK,XME,PICK,ARKQ,EWY,XRT,ARKF,AVUV,SMH,URA,SMIN,EWW",15
2021-02-02,2020-01-01,0.2327204509777916,0.2,0.03272045097779158,0.9396186440677966,0.24073562412036353,0.0,0.24073562412036353,0.23707157311504728,"QCLN,LIT,ARKK,ARKQ,BLOK,EWY,PICK,ARKF,XBI,AVUV,SMIN,TUR,SMH,KCE,VBK",15
2021-03-02,2020-01-01,0.17457894518888617,0.19999999999999998,0.0,0.8771186440677967,0.10493143012733086,0.0,0.10493143012733086,0.20110191113693834,"KBE,KOMP,PICK,XME,ARKW,SMIN,SCHA,TUR,EWT,XLE,JETS,EZA,SMH,REM,AVEM",15
2021-04-01,2020-01-01,0.19221764007076797,0.2,0.0,0.8601694915254238,0.025680868454689865,0.0,0.025680868454689865,0.1847443965454241,"XLE,KBE,MLPA,XME,JETS,PICK,KCE,SMIN,SCHA,DIV,REM,ECH,XAR,EWT,XHB",15
2021-04-30,2020-01-01,0.24117273117886565,0.23061674408456906,0.010555987094296587,0.8760593220338984,0.0,0.0,0.0,0.16792535804424172,"XLE,PICK,KBE,MLPA,XRT,PAVE,REM,XHB,XAR,AVDV,EWT,KSA,EWP,EWI,BBCA",15
2021-06-02,2020-01-01,0.22479259959548167,0.2,0.024792599595481662,0.909957627118644,0.02894942770431541,0.0,0.02894942770431541,0.185366246759381,"URA,XRT,XOP,XME,MLPA,PICK,AVUV,XLF,XHB,KCE,BBCA,VNQ,EZA,DIV,XLB",15
2021-07-02,2020-01-01,0.19184291339929702,0.20000000000000007,0.0,0.875,0.0,0.0,0.0,0.12922241004418478,"XOP,MLPA,XRT,KSA,SMIN,VNQ,KCE,UAE,BBCA,XLC,RYLD,REM,DSI,EPOL,DIV",15
2021-08-02,2020-01-01,0.23536082185169696,0.21954268326544818,0.01581813858624878,0.8029661016949152,0.0,0.0,0.0,0.11524593755994034,"SMIN,LIT,KSA,VNQ,KCE,EWL,XLC,JQUA,XLV,EWD,EWW,IGV,XRT,PICK,XME",15
2021-09-02,2020-01-01,0.19945014557722657,0.2,0.0,0.8802966101694916,0.0,0.0,0.0,0.08578411558660853,"LIT,WCLD,IHI,QQQM,PHO,VNQ,XLV,KSA,EWN,DSI,FTCS,EWL,KCE,IBB,XHB",15
2021-10-01,2020-01-01,0.3634611912183498,0.3681260769931218,0.0,0.5932203389830508,0.09463276836158199,0.09463276836158199,0.0,0.08425821824393916,"SMIN,INDA,KSA,EPOL,UAE,XLF,EIS,RYLD,XOP,ANGL,DVYE,BKLN,SHYG,BBJP,REM",15
2021-11-02,2020-01-01,0.2320890654980372,0.2,0.032089065498037195,0.8220338983050848,0.0,0.0,0.0,0.11739054221639188,"LIT,XOP,QCLN,WCLD,SMIN,INDA,KSA,KCE,JMOM,EIS,XLY,UAE,EPOL,BLOK,BOTZ",15
2021-12-02,2020-01-01,0.3651527009524636,0.33810528194535594,0.027047419007107665,0.5084745762711864,0.2358757062146893,0.2358757062146893,0.0,0.10728606970332608,"LIT,XLY,SMH,UAE,QCLN,VUG,XHB,VGLT,SCHP,VIG,EWT",11
2021-12-31,2020-01-01,0.19401552176532777,0.19999999999999998,0.0,0.7447033898305084,0.0,0.0,0.0,0.10648944770049362,"SMH,XHB,UAE,XLY,VNQ,FTCS,XLB,XLP,XLU,EIS,XLV,EWL,EWT,CIBR,XYLD",15
2022-02-02,2020-01-01,0.33857403658436036,0.3426330622022292,0.0,0.5,0.25,0.25,0.0,0.10172958414322289,"XLE,UAE,XLP,SPYD,GNR,TDIV,KSA,DIVO,THD,XLU,BKLN,EWT,FNDE,EEMV,EWW",15
2022-03-02,2020-01-01,0.3332272163594512,0.30249371212702225,0.030733504232428932,0.18220338983050846,0.5,0.5,0.0,0.13759479127436744,"XLE,XME,GNR,UAE,KSA,EZA,EIDO,SPYD,GLDM,GDX,THD,BBCA,AVUV,SLV,EWW",15
2022-04-01,2020-01-01,0.19360722938678182,0.2,0.0,0.590042372881356,0.0999293785310734,0.0999293785310734,0.0,0.10748831273523014,"XME,XLE,PICK,GDX,UAE,ECH,EZA,KSA,MLPA,XLU,EWW,SPYD,EIDO,GLDM,BBCA",15
2022-05-02,2020-01-01,0.2508409450393813,0.211108897236231,0.03973204780315032,0.07733050847457627,0.5,0.5,0.08438889445987252,0.196590013938086,"XLE,UAE,XME,KSA,EIDO,GDX,MLPA,XOP,IXC,OIH",10
2022-06-02,2020-01-01,0.1856983597609688,0.17887055639865332,0.006827803362315477,0.1906779661016949,0.5,0.5,0.2193392683580374,0.2305739134866003,"XOP,ECH,XLU,SPYD,EWP,EIDO,XLB,XLE,IXC,MLPA",10
2022-07-01,2020-01-01,0.1876850071717819,0.1876850071717819,0.0,0.03389830508474576,0.5,0.5,0.38210767157924663,0.29131289016009454,"XLE,XLU,TUR,SUSB,ECH,MCHI,IXC,XOP,MLPA,OIH",10
2022-08-02,2020-01-01,0.20975391941499805,0.20975391941499805,0.0,0.2139830508474576,0.5,0.5,0.3736485732502933,0.2873786061828976,"TAN,XLU,MLPA,DIV,XLV,ECH,ICLN,QCLN,XOP,XLE",10
2022-09-02,2020-01-01,0.19894924745474868,0.20000000000000004,0.0,0.07521186440677967,0.5,0.5,0.16849642432283674,0.21647531684203628,"TUR,TAN,SMIN,ECH,XLU,XBI,MLPA,INDA,QCLN,ICLN",10
2022-09-30,2020-01-01,0.2371265809060989,0.22447305821536895,0.012653522690729946,0.025423728813559324,0.5,0.5,0.09258662402329065,0.1983660421649108,"TUR,MLPA,EIDO,BKLN,SMIN,SUSB,TAN,XLE,INDA,XOP",10
2022-11-02,2020-01-01,0.2246861843163867,0.2246861843163867,0.0,0.11546610169491528,0.5,0.5,0.353601614007955,0.27846604184159457,"TUR,XLE,EWW,KIE,IBB,MLPA,IXC,XOP,OIH,XLV",10
2022-12-02,2020-01-01,0.19220718373128676,0.19999999999999998,0.0,0.6927966101694916,0.1979176149606119,0.0,0.1979176149606119,0.22441584973987513,"IBB,EWW,KIE,SLV,XLP,INDA,XLE,FEZ,PHO,BKLN,MLPA,EWS,THD,VWOB,TAN",15
2022-12-30,2020-01-01,0.1930589729936562,0.19999999999999998,0.0,0.6027542372881356,0.10514911473778654,0.07874293785310736,0.10514911473778654,0.2011508319034132,"TUR,OIH,EPOL,PICK,THD,XLI,SLV,EWN,ECH,EWM,EWS,EBND,SHYG,EWY,VWOB",15
2023-02-02,2020-01-01,0.21974857799475864,0.19999999999999996,0.01974857799475868,0.9247881355932204,0.0,0.0,0.0,0.1740275582902112,"PICK,OIH,EWI,EWW,GDX,MCHI,THD,ECH,SLV,EWH,XHB,KIE,EBND,EWT,EZA",15
2023-03-02,2020-01-01,0.20349865970560932,0.2,0.0034986597056093083,0.722457627118644,0.0,0.0,0.0,0.14743605527774392,"EWW,EWI,OIH,PICK,XAR,BOTZ,XHB,JETS,KIE,BKLN,XYLD,EWT,MLPA",13
2023-03-31,2020-01-01,0.28566677676386487,0.2843955100168836,0.0012712667469812478,0.8474576271186441,0.0,0.0,0.0,0.15075827700089944,"FEZ,SMH,EWW,EWT,GDX,EWY,XLC,XHB,IGV,QYLD,XLI,BBJP,GLDM,FNDE,EWS",15
2023-05-02,2020-01-01,0.24066621153695372,0.20517856072636254,0.03548765081059119,0.6896186440677966,0.0,0.0,0.0,0.1127341204644643,"GDX,EPOL,FEZ,SLV,BOTZ,QYLD,EWW,XLC,HEFA,XLP,XYLD,SUSB,BKLN,IHI,GOVT",15
2023-06-02,2020-01-01,0.2430973066958634,0.20000000000000007,0.04309730669586334,0.7404661016949152,0.0,0.0,0.0,0.14880427999943047,"BOTZ,SMH,XLC,EPOL,QYLD,BLOK,XHB,BBJP,EWL,ARKF,EWW,KSA,HEFA,EWT,EWY",15
2023-06-30,2020-01-01,0.2125206010628011,0.2,0.01252060106280109,0.8463983050847458,0.0,0.0,0.0,0.12983723188081372,"SMH,QQQM,BLOK,ARKW,BOTZ,XHB,EPOL,SMIN,QYLD,JETS,EWW,FEZ,ICVT,HEFA,ARKG",15
2023-08-02,2020-01-01,0.2259502092894801,0.2,0.02595020928948008,0.8103813559322035,0.0,0.0,0.0,0.11450175299776745,"QQQM,BLOK,SMH,ARKW,SMIN,XHB,EPOL,XLY,QYLD,CIBR,JQUA,INDA,XLI,ICVT,UAE",15
2023-09-01,2020-01-01,0.19663620609666949,0.2,0.0,0.7807203389830508,0.0,0.0,0.0,0.08639706640986232,"SMIN,XHB,QQQM,XOP,JQUA,URA,PKW,PHO,CIBR,MLPA,BKLN,SLV,UAE,BBJP,REM",15
2023-10-02,2020-01-01,0.5319654194819491,0.5506987131931489,0.0,0.3877118644067796,0.43714689265536727,0.43714689265536727,0.0,0.09026867999697614,"TUR,URA,SMIN,OIH,UAE,MLPA,BKLN,INDA,XLC,XOP",10
2023-11-02,2020-01-01,0.19167044970450908,0.2,0.0,0.4194915254237288,0.384180790960452,0.384180790960452,0.0,0.09166955041375398,"URA,MLPA,XOP,SMIN,BKLN,OIH,SHYG,XLC,IXC,USHY",10
2023-12-01,2020-01-01,0.1930821592818167,0.20000000000000004,0.0,0.9067796610169491,0.0,0.0,0.0,0.14743939652454194,"URA,BLOK,EPOL,SMIN,ARKW,KIE,IGV,MLPA,XME,KBE,XAR,EWP,DVYE,XHB,INDA",15
2024-01-02,2020-01-01,0.20182036065825731,0.20000000000000004,0.0018203606582572751,0.9555084745762712,0.0,0.0,0.0,0.17124698772022273,"BLOK,KBE,URA,ARKF,EPOL,XHB,SMIN,CIBR,EWD,XME,XLF,DVYE,XAR,XRT,KIE",15
2024-02-02,2020-01-01,0.2249626329103886,0.2,0.024962632910388582,0.8919491525423728,0.0,0.0,0.0,0.12847911138213522,"URA,CIBR,SMH,ARKF,SMIN,FDN,XLC,XHB,KCE,JMOM,BLOK,EWD,XBI,EPOL,USMV",15
2024-03-01,2020-01-01,0.23485559831296934,0.20000000000000007,0.03485559831296928,0.8972457627118644,0.0,0.0,0.0,0.16149818194735058,"BLOK,SMH,ARKF,XBI,XHB,JMOM,CIBR,EWD,KCE,EPOL,XLC,XRT,INDA,EIS,EWN",15
2024-04-02,2020-01-01,0.24213158134193463,0.2,0.04213158134193462,0.9078389830508474,0.0,0.0,0.0,0.13052115082479432,"BLOK,SMH,ARKF,XHB,EPOL,JMOM,EWN,XLF,EWI,XLI,KIE,XLC,FDN,KCE,GLDM",15
2024-05-02,2020-01-01,0.11239185837300256,0.19999999999999998,0.0,0.8061440677966102,0.0,0.0,0.0,0.10036200537138482,"SLVP,JETS,KCE,PHO,EWI,KBE,GLDM,EWT,INDA,TUR,HEFA,AVEM,XAR,SLV,AVDV",15
2024-05-31,2020-01-01,0.22141327024460558,0.20000000000000004,0.021413270244605542,0.861228813559322,0.0,0.0,0.0,0.11080835060675628,"SMH,SLVP,TUR,KCE,XLU,EWN,EWI,SLV,HEFA,EWU,XLC,AVDV,JMOM,XME,DVYE",15
2024-07-02,2020-01-01,0.2573441499351068,0.2434059146060887,0.013938235329018084,0.7902542372881356,0.0,0.0,0.0,0.13800205188332165,"SMH,TUR,VUG,TDIV,EWT,SMIN,SLV,XLC,EWN,HEFA,FNDE,EWM,AVUS,BLOK,EWS",15
2024-08-02,2020-01-01,0.42787812131125635,0.44225514419552814,0.0,0.7108050847457628,0.0,0.0,0.0,0.07990735906788661,"GDX,XLU,EWM,SPYD,SMIN,KIE,USMV,KCE,EWL,EZA,KBE,EWU,XLP,XLV,PHO",15
2024-08-30,2020-01-01,0.19867945337277843,0.2,0.0,0.9226694915254237,0.0,0.0,0.0,0.09273187620929922,"GDX,KBE,EWM,EZA,XLU,SPYD,GLDM,KIE,USMV,EWL,EWS,SMIN,XLF,EWU,XLP",15
2024-10-02,2020-01-01,0.2508831410115141,0.2,0.05088314101151409,0.9396186440677966,0.0,0.0,0.0,0.13575721987484196,"MCHI,XLU,EZA,EWM,THD,VNQ,EWS,XHB,KIE,GDX,VNQI,FNDE,XAR,GLDM,KCE",15
2024-11-01,2020-01-01,0.06574260825844029,0.2,0.0,0.7891949152542372,0.0,0.0,0.0,0.12968649308114155,"KCE,EZA,GLDM,BLOK,GDXJ,JETS,XLF,XLC,TMFC,KBE,ARKQ,EIS,XLY,EWH,XLI",15
2024-12-02,2020-01-01,0.13228087456649867,0.21580422385253134,0.0,0.8114406779661016,0.0,0.0,0.0,0.1238793913572026,"ARKF,ARKQ,KCE,IGV,WCLD,JETS,XLY,VBK,XLC,EIS,KIE,XAR,EWS,SPYD,VUG",15
2025-01-02,2020-01-01,0.3722940706891105,0.37658290517747534,0.0,0.5455508474576272,0.17408192090395475,0.17408192090395475,0.0,0.08402313735212733,"ARKW,JETS,ARKQ,EIS,FDN,UAE,XLC,XYLD,RYLD,BKLN,MLPA,SHYG,BNDX,KSA,PBW",15
2025-01-31,2020-01-01,0.2220180753925923,0.19999999999999998,0.022018075392592318,0.774364406779661,0.0,0.0,0.0,0.1037779572258527,"ARKW,ARKQ,JETS,EIS,FDN,XLY,XLC,KCE,EWS,UAE,XYLD,MLPA,XAR,IHI,QQQJ",15
2025-02-28,2020-01-01,0.21310471744756537,0.2,0.013104717447565362,0.7023305084745763,0.0,0.0,0.0,0.084028293127958,"MCHI,UAE,EWS,XLC,MLPA,EWG,GLDM,XLF,ECH,EPOL,EWP,XYLD,HEFA,IHI,BKLN",15
2025-04-02,2020-01-01,0.3036099873721962,0.3392067466109303,0.0,0.35381355932203395,0.49364406779661,0.49364406779661,0.0,0.10543929144522811,"EPOL,GLDM,EWP,GDX,EWI,MLPA,ECH,EWS,SLV,KIE,EFAV,EWU,USMV,DIV,MCHI",15
2025-05-02,2020-01-01,0.18410294494629792,0.2,0.0,0.4375,0.35416666666666663,0.35416666666666663,0.0,0.1063772790387297,"EPOL,EWP,ECH,GLDM,EWS,GDX,UAE,EWW,EBND,MCHI,VGIT,SUSB,SCHP,BNDX,EZA",15
2025-06-02,2020-01-01,0.1862547077119419,0.2,0.0,0.6906779661016949,0.13571570393891208,0.0,0.13571570393891208,0.20826480455602023,"GDX,EPOL,EWP,GLDM,EWW,ECH,EZA,UAE,EIS,XAR,EWD,VNQI,EBND,EWH,BBJP",15
2025-07-02,2020-01-01,0.21940858711439293,0.2,0.019408587114392917,0.9533898305084747,0.2765787660261906,0.0,0.2765787660261906,0.2488176895378726,"GDX,EPOL,EWP,EWY,EWW,EZA,EIS,XAR,ECH,EWH,EWN,XME,ICLN,SLV,UAE",15
2025-08-01,2020-01-01,0.214329907092215,0.2,0.014329907092214988,0.8834745762711864,0.0,0.0,0.0,0.10776352090919857,"URA,EWP,ARKW,EWY,EPOL,EWH,XME,XAR,GDX,SMH,ICLN,EZA,UAE,EWS,AVEM",15
2025-09-02,2020-01-01,0.20669981970903673,0.19999999999999996,0.0066998197090367695,0.9364406779661016,0.0,0.0,0.0,0.11802609103456055,"SLVP,URA,PBW,XME,ARKW,XAR,AVDV,SLV,EWH,ICLN,EZA,EWW,AVEM,LIT,KCE",15
2025-10-02,2020-01-01,0.15731920864166365,0.2,0.0,0.9703389830508475,0.0,0.0,0.0,0.15041692469865728,"PBW,URA,XME,SLVP,ARKK,BLOK,LIT,SMH,EWY,SLV,XAR,EZA,AVDV,TAN,EWT",15
2025-10-31,2020-01-01,0.09503410349524724,0.2,0.0,0.9216101694915253,0.22841118676276306,0.0,0.22841118676276306,0.2332848751977126,"PBW,LIT,EWY,ARKQ,TAN,XME,ARKK,SMH,BLOK,GDXJ,XBI,XAR,PICK,ARKG,KOMP",15
2025-12-02,2020-01-01,0.19938791461874883,0.20000000000000004,0.0,0.902542372881356,0.09673592911593898,0.0,0.09673592911593898,0.19927727206488655,"SLV,LIT,EWY,XBI,SMH,GDX,XME,QCLN,TAN,PICK,GLDM,OIH,EZA,EIS,EWP",15
2026-01-02,2020-01-01,0.22500953556765407,0.2,0.025009535567654062,0.8972457627118644,0.0,0.0,0.0,0.1739690256078431,"LIT,XBI,EWY,ECH,XME,PICK,EZA,EWP,GLDM,SMH,OIH,QCLN,AVDV,EIS,XLV",15
2026-02-02,2020-01-01,0.23866578982698353,0.19999999999999998,0.03866578982698354,0.909957627118644,0.0,0.0,0.0,0.1499726436429166,"EWY,LIT,ECH,PICK,XME,OIH,XBI,EZA,EIS,TAN,EWP,GLDM,AVDV,SMH,EWW",15
2026-03-02,2020-01-01,0.22361243288784788,0.19999999999999998,0.023612432887847895,0.8771186440677967,0.0,0.0,0.0,0.16500054939620337,"EWY,PICK,OIH,LIT,GLDM,XME,EZA,EIS,SMH,EWT,AVDV,VPL,XAR,XLE,EWW",15
2026-04-02,2020-01-01,0.18364162416065316,0.20000000000000004,0.0,0.34957627118644063,0.5,0.5,0.0,0.13592156437774608,"OIH,IXC,GNR,MLPA,LIT,DVYE,XBI,DIV,THD,AVUV,EFAV,XLU,SHYG,ICVT,EWS",15
2026-05-01,2020-01-01,0.256811089303898,0.25221867924646285,0.004592410057435159,0.8559322033898304,0.0,0.0,0.0,0.1484985824621304,"OIH,XOP,EWT,LIT,SMH,GNR,EIS,QCLN,MLPA,AVUV,PICK,DIV,TUR,THD,XLB",15
2026-06-02,2020-01-01,0.1893735243300434,0.2,0.0,0.861228813559322,0.09013368003889966,0.0,0.09013368003889966,0.1978312594400632,"SMH,EWT,QTEC,QCLN,OIH,TAN,LIT,CIBR,PICK,QQQJ,EIS,GNR,AVUV,ARKQ,THD",15
2026-07-02,2020-01-01,0.32610072667225737,0.32610072667225737,0.0,0.850635593220339,0.0,0.0,0.0,0.14591027777993604,"EWT,CIBR,QQQJ,XBI,AVUV,VTV,EWN,THD,JETS,RYLD,SPYD,DSI,KBE,EWI,DIV",15
2026-07-31,2020-01-01,0.18398267987760863,0.19999999999999996,0.0,0.746822033898305,0.0,0.0,0.0,0.08885390843350052,"CIBR,XBI,EWS,WCLD,JETS,JQUA,THD,AVUV,XOP,KIE,VTV,EPOL,RYLD,SPYD,EWI",15
2026-09-02,2020-01-01,0.22288169916644957,0.2,0.022881699166449554,0.8294491525423728,0.0,0.0,0.0,0.1118114577266168,"XBI,WCLD,EWT,CIBR,EWS,EPOL,EWP,KIE,XLF,KCE,QQQJ,XLV,PKW,AVUV,RYLD",15
