Ticker,FinalWeight,FinalWeightPct,TradeableWeight,TradeableWeightPct,PreviousWeight,PreviousWeightPct,WeightChange,WeightChangePct,SelectionBucket,PlainEnglishExplanation,InLatestEligibleBasket,Score,Rank,AboveSMA50,AboveSMA126,PositiveMom63,PositiveMom126,Mom21,Mom21Pct,Mom63,Mom63Pct,Mom126,Mom126Pct,Vol63Ann,Vol63AnnPct,SavedReason,LatestRebalanceDate,PreviousRebalanceDate,AllocationBucket,OptimizerUsed,OptimizerRawWeight,OptimizerWeightAfterCap,ScoreRankPct,ScoreTiltMultiplier,ScoreTiltPreCapWeight,RiskWeightAfterScoreTilt,CashScaledTargetWeight,WeightBeforeTurnoverCap,WeightAfterTurnoverCapBeforePrune,WeightAfterPruningFinal,TurnoverContributionOneWay
SGOV,0.1874326702794585,18.74%,0.1874326702794585,18.74%,0.2177994059713866,21.78%,-0.030366735691928104,-3.04%,Cash / risk-control sleeve,"SGOV is the cash/T-bill sleeve. The model uses it when it does not want the full portfolio in risk ETFs, usually because market breadth is weaker or the selected ETF basket is too volatile.",False,,,,,,,,n/a,,n/a,,n/a,,n/a,Cash/volatility-control sleeve or cash residual after pruning.,2026-07-01,2026-06-01,Cash / risk control,,0.0,0.0,,,0.0,0.0,0.0,0.0,0.1648714882552497,0.1874326702794585,0.015183367845964
EIS,0.0954479944722583,9.54%,0.0954479944722583,9.54%,0.1109119155493158,11.09%,-0.015463921077057505,-1.55%,Carryover / turnover-constrained holding,"EIS is likely a carryover holding. It may remain because V5.16 limits monthly turnover, so the portfolio does not fully replace old positions in one rebalance. Main positives: positive 3-month momentum, positive 6-month momentum. Saved model note: Carryover/kept holding from prior rebalance; still above pruning threshold.",False,2.543756785395186,139.0,False,False,True,True,-0.0849247245821513,-8.49%,0.0237168149616564,2.37%,0.0959411454019609,9.59%,0.2655476882983089,26.55%,Carryover/kept holding from prior rebalance; still above pruning threshold.,2026-07-01,2026-06-01,Carryover due to turnover cap,,0.0,0.0,,,0.0,0.0,0.0,0.0,0.0839589644439095,0.0954479944722583,0.0077319605385287
EWT,0.0848097678055949,8.48%,0.0848097678055949,8.48%,0.0600271110651508,6.00%,0.024782656740444102,2.48%,Selected by latest signal basket,"EWT received an allocation because it passed the latest ETF selection process, survived the diversification/correlation filter, and then received a weight from CVaR risk sizing plus the score tilt. Main positives: above medium-term trend, above longer-term trend, positive 3-month momentum, positive 6-month momentum. Saved model note: Current eligible ETF selected by the V5.7/V5.9b signal layer.",True,29.69597730670921,3.0,True,True,True,True,-0.0132573817650418,-1.33%,0.4736475270847764,47.36%,0.6589233081179728,65.89%,0.3974123753779178,39.74%,Current eligible ETF selected by the V5.7/V5.9b signal layer.,2026-07-01,2026-06-01,Selected and allocated,Classic_CVaR_Sharpe,0.1199999996316584,0.12,1.0,1.163333333333333,0.1359650598394117,0.12,0.12,0.12,0.0746012560982173,0.0848097678055949,0.012391328370222
XBI,0.0768002148811653,7.68%,0.0768002148811653,7.68%,0.0507198976191907,5.07%,0.0260803172619746,2.61%,Selected by latest signal basket,"XBI received an allocation because it passed the latest ETF selection process, survived the diversification/correlation filter, and then received a weight from CVaR risk sizing plus the score tilt. Main positives: above medium-term trend, above longer-term trend, positive 3-month momentum, positive 6-month momentum. Saved model note: Current eligible ETF selected by the V5.7/V5.9b signal layer.",True,22.74694133937257,6.0,True,True,True,True,0.2265472325651643,22.65%,0.2190095493424684,21.90%,0.2879401447072431,28.79%,0.2880685023581122,28.81%,Current eligible ETF selected by the V5.7/V5.9b signal layer.,2026-07-01,2026-06-01,Selected and allocated,Classic_CVaR_Sharpe,0.1199999999213218,0.12,0.9333333333333332,1.14,0.1332379669486498,0.12,0.12,0.12,0.0675558092775483,0.0768002148811653,0.0130401586309872
OIH,0.0660673675594334,6.61%,0.0660673675594334,6.61%,0.0767712127618067,7.68%,-0.010703845202373302,-1.07%,Carryover / turnover-constrained holding,"OIH is likely a carryover holding. It may remain because V5.16 limits monthly turnover, so the portfolio does not fully replace old positions in one rebalance. Main positives: positive 6-month momentum. Saved model note: Carryover/kept holding from prior rebalance; still above pruning threshold.",False,-0.4924754454494737,151.0,False,False,False,True,-0.1635033171957772,-16.35%,-0.0910995456489152,-9.11%,0.2550803058289008,25.51%,0.2959456511272236,29.59%,Carryover/kept holding from prior rebalance; still above pruning threshold.,2026-07-01,2026-06-01,Carryover due to turnover cap,,0.0,0.0,,,0.0,0.0,0.0,0.0,0.0581148697203625,0.0660673675594334,0.0053519226011866
EWY,0.064724176301378,6.47%,0.064724176301378,6.47%,0.0752104055787567,7.52%,-0.010486229277378703,-1.05%,Carryover / turnover-constrained holding,"EWY is likely a carryover holding. It may remain because V5.16 limits monthly turnover, so the portfolio does not fully replace old positions in one rebalance. Main positives: above longer-term trend, positive 3-month momentum, positive 6-month momentum. Saved model note: Carryover/kept holding from prior rebalance; still above pruning threshold.",False,24.610594419286613,4.0,False,True,True,True,-0.1353190646738511,-13.53%,0.4696561417048503,46.97%,0.880957157106034,88.10%,0.7561187060654124,75.61%,Carryover/kept holding from prior rebalance; still above pruning threshold.,2026-07-01,2026-06-01,Carryover due to turnover cap,,0.0,0.0,,,0.0,0.0,0.0,0.0,0.0569333577598444,0.064724176301378,0.0052431146386893
AVUV,0.0616581114253153,6.17%,0.0616581114253153,6.17%,0.0331245598751132,3.31%,0.028533551550202096,2.85%,Selected by latest signal basket,"AVUV received an allocation because it passed the latest ETF selection process, survived the diversification/correlation filter, and then received a weight from CVaR risk sizing plus the score tilt. Main positives: above medium-term trend, above longer-term trend, positive 3-month momentum, positive 6-month momentum. Saved model note: Current eligible ETF selected by the V5.7/V5.9b signal layer.",True,17.24712701098997,16.0,True,True,True,True,0.0300180032563599,3.00%,0.12774270909228,12.77%,0.2159045580597152,21.59%,0.1331505005564435,13.32%,Current eligible ETF selected by the V5.7/V5.9b signal layer.,2026-07-01,2026-06-01,Selected and allocated,Classic_CVaR_Sharpe,0.1199999997687827,0.12,0.6666666666666666,1.0466666666666666,0.1223295953856025,0.12,0.12,0.12,0.0542363536652545,0.0616581114253153,0.014266775775101
CIBR,0.0589846845342739,5.90%,0.0589846845342739,5.90%,0.0331245598751132,3.31%,0.025860124659160696,2.59%,Selected by latest signal basket,"CIBR received an allocation because it passed the latest ETF selection process, survived the diversification/correlation filter, and then received a weight from CVaR risk sizing plus the score tilt. Main positives: above medium-term trend, above longer-term trend, positive 3-month momentum, positive 6-month momentum. Saved model note: Current eligible ETF selected by the V5.7/V5.9b signal layer.",True,19.83212109605749,7.0,True,True,True,True,-0.0332024000150904,-3.32%,0.4439960411531445,44.40%,0.2644921413236063,26.45%,0.339081395731727,33.91%,Current eligible ETF selected by the V5.7/V5.9b signal layer.,2026-07-01,2026-06-01,Selected and allocated,Classic_CVaR_Sharpe,0.0958861813973966,0.0958861822417465,0.8666666666666667,1.1166666666666667,0.104284912120369,0.110323006251618,0.110323006251618,0.110323006251618,0.0518847259068151,0.0589846845342739,0.0129300623295803
LIT,0.0516578163559406,5.17%,0.0516578163559406,5.17%,0.0600271110651508,6.00%,-0.008369294709210204,-0.84%,Carryover / turnover-constrained holding,"LIT is likely a carryover holding. It may remain because V5.16 limits monthly turnover, so the portfolio does not fully replace old positions in one rebalance. Main positives: above longer-term trend, positive 3-month momentum, positive 6-month momentum. Saved model note: Carryover/kept holding from prior rebalance; still above pruning threshold.",False,7.083315843170481,124.0,False,True,True,True,-0.0936902305920223,-9.37%,0.0519232829832139,5.19%,0.1951338538680314,19.51%,0.3444626583668521,34.45%,Carryover/kept holding from prior rebalance; still above pruning threshold.,2026-07-01,2026-06-01,Carryover due to turnover cap,,0.0,0.0,,,0.0,0.0,0.0,0.0,0.045439789391688,0.0516578163559406,0.0041846473546051
GLDM,0.0514040867823114,5.14%,0.0514040867823114,5.14%,0.0597322737225924,5.97%,-0.008328186940281,-0.83%,Carryover / turnover-constrained holding,"GLDM is likely a carryover holding. It may remain because V5.16 limits monthly turnover, so the portfolio does not fully replace old positions in one rebalance. Saved model note: Carryover/kept holding from prior rebalance; still above pruning threshold.",False,-10.851064856209272,171.0,False,False,False,False,-0.0997972598803156,-9.98%,-0.1524920935041736,-15.25%,-0.0696158702061492,-6.96%,0.2374927821170523,23.75%,Carryover/kept holding from prior rebalance; still above pruning threshold.,2026-07-01,2026-06-01,Carryover due to turnover cap,,0.0,0.0,,,0.0,0.0,0.0,0.0,0.0452166011270368,0.0514040867823114,0.0041640934701405
TUR,0.0349884564796552,3.50%,0.0349884564796552,3.50%,0.0406570798237183,4.07%,-0.005668623344063102,-0.57%,Carryover / turnover-constrained holding,"TUR is likely a carryover holding. It may remain because V5.16 limits monthly turnover, so the portfolio does not fully replace old positions in one rebalance. Main positives: positive 3-month momentum, positive 6-month momentum. Saved model note: Carryover/kept holding from prior rebalance; still above pruning threshold.",False,4.550345486064213,132.0,False,False,True,True,-0.0114354921940588,-1.14%,0.0248468096463256,2.48%,0.1519849683630378,15.20%,0.3318072448349162,33.18%,Carryover/kept holding from prior rebalance; still above pruning threshold.,2026-07-01,2026-06-01,Carryover due to turnover cap,,0.0,0.0,,,0.0,0.0,0.0,0.0,0.0307769124931845,0.0349884564796552,0.0028343116720315
AVDV,0.0346843850504852,3.47%,0.0346843850504852,3.47%,0.0403037445351192,4.03%,-0.005619359484634004,-0.56%,Carryover / turnover-constrained holding,"AVDV is likely a carryover holding. It may remain because V5.16 limits monthly turnover, so the portfolio does not fully replace old positions in one rebalance. Main positives: above longer-term trend, positive 3-month momentum, positive 6-month momentum. Saved model note: Carryover/kept holding from prior rebalance; still above pruning threshold.",False,8.208127832823784,115.0,False,True,True,True,-0.043204494967562,-4.32%,0.0317479758900716,3.17%,0.1128146951545112,11.28%,0.1939391640899183,19.39%,Carryover/kept holding from prior rebalance; still above pruning threshold.,2026-07-01,2026-06-01,Carryover due to turnover cap,,0.0,0.0,,,0.0,0.0,0.0,0.0,0.0305094419983747,0.0346843850504852,0.0028096797423169
XAR,0.0332691931863746,3.33%,0.0332691931863746,3.33%,0.0386592716325069,3.87%,-0.005390078446132304,-0.54%,Carryover / turnover-constrained holding,"XAR is likely a carryover holding. It may remain because V5.16 limits monthly turnover, so the portfolio does not fully replace old positions in one rebalance. Main positives: above medium-term trend, above longer-term trend, positive 3-month momentum, positive 6-month momentum. Saved model note: Carryover/kept holding from prior rebalance; still above pruning threshold.",False,12.402461747043434,65.0,True,True,True,True,0.0210977685983564,2.11%,0.0970270252498077,9.70%,0.1728975030830606,17.29%,0.3190764911839129,31.91%,Carryover/kept holding from prior rebalance; still above pruning threshold.,2026-07-01,2026-06-01,Carryover due to turnover cap,,0.0,0.0,,,0.0,0.0,0.0,0.0,0.0292645961107567,0.0332691931863746,0.0026950392230661
XLI,0.0331519514496543,3.32%,0.0331519514496543,3.32%,0.0,0.00%,0.0331519514496543,3.32%,Selected by latest signal basket,"XLI received an allocation because it passed the latest ETF selection process, survived the diversification/correlation filter, and then received a weight from CVaR risk sizing plus the score tilt. Main positives: above medium-term trend, above longer-term trend, positive 3-month momentum, positive 6-month momentum. Saved model note: Current eligible ETF selected by the V5.7/V5.9b signal layer.",True,15.488156871445868,21.0,True,True,True,True,0.055233458488848,5.52%,0.1178686422498394,11.79%,0.178414678825669,17.84%,0.2084323670624674,20.84%,Current eligible ETF selected by the V5.7/V5.9b signal layer.,2026-07-01,2026-06-01,Selected and allocated,Classic_CVaR_Sharpe,0.1199999985280309,0.1199999995847212,0.4666666666666667,0.9766666666666668,0.1141483163182889,0.12,0.12,0.12,0.0291614667065292,0.0331519514496543,0.0165759757248271
JETS,0.0331519514496543,3.32%,0.0331519514496543,3.32%,0.0,0.00%,0.0331519514496543,3.32%,Selected by latest signal basket,"JETS received an allocation because it passed the latest ETF selection process, survived the diversification/correlation filter, and then received a weight from CVaR risk sizing plus the score tilt. Main positives: above medium-term trend, above longer-term trend, positive 3-month momentum, positive 6-month momentum. Saved model note: Current eligible ETF selected by the V5.7/V5.9b signal layer.",True,19.109838506355334,9.0,True,True,True,True,0.1659648962188185,16.60%,0.3149979794332429,31.50%,0.1829832453445148,18.30%,0.382990598533459,38.30%,Current eligible ETF selected by the V5.7/V5.9b signal layer.,2026-07-01,2026-06-01,Selected and allocated,Classic_CVaR_Sharpe,0.1115124502332595,0.1115124512152105,0.7333333333333333,1.07,0.1162114820879489,0.12,0.12,0.12,0.0291614667065292,0.0331519514496543,0.0165759757248271
KIE,0.0317671719870461,3.18%,0.0317671719870461,3.18%,0.0,0.00%,0.0317671719870461,3.18%,Selected by latest signal basket,"KIE received an allocation because it passed the latest ETF selection process, survived the diversification/correlation filter, and then received a weight from CVaR risk sizing plus the score tilt. Main positives: above medium-term trend, above longer-term trend, positive 3-month momentum, positive 6-month momentum. Saved model note: Current eligible ETF selected by the V5.7/V5.9b signal layer.",True,14.74312573386693,29.0,True,True,True,True,0.1360654451152645,13.61%,0.1449961515642512,14.50%,0.0377874928793133,3.78%,0.1840262327912645,18.40%,Current eligible ETF selected by the V5.7/V5.9b signal layer.,2026-07-01,2026-06-01,Selected and allocated,Classic_CVaR_Sharpe,0.1199999997485297,0.12,0.3333333333333333,0.93,0.1086941309317933,0.1149875187358022,0.1149875187358022,0.1149875187358022,0.0279433724940041,0.0317671719870461,0.015883585993523
